relative_path,absolute_path,layer,lines,sha256,symbols,inspection_scope
config/medical_writing/protocol_v3/authority_amendment_20260905.json,/Users/smkzw/Documents/康哲项目资料/AI/医学经理工作台/implementation/protocol-v3-workbench-mw_protocol_v3_phase0_20260809_111313/config/medical_writing/protocol_v3/authority_amendment_20260905.json,configuration,161,ab0ac7a988d2a2c24a6a145917b3d17265a5eae75c039137fe59fe5374b556fb,,inventory_only; causal review in task packets and TAKEOVER_REVIEW
config/medical_writing/protocol_v3/qc/r03_criteria.json,/Users/smkzw/Documents/康哲项目资料/AI/医学经理工作台/implementation/protocol-v3-workbench-mw_protocol_v3_phase0_20260809_111313/config/medical_writing/protocol_v3/qc/r03_criteria.json,configuration,7355,8de39baa29d646c7331210825806f669143c7f80754c270b56d8225b07eb2d84,,inventory_only; causal review in task packets and TAKEOVER_REVIEW
config/medical_writing/protocol_v3/qc/word_source_objects.json,/Users/smkzw/Documents/康哲项目资料/AI/医学经理工作台/implementation/protocol-v3-workbench-mw_protocol_v3_phase0_20260809_111313/config/medical_writing/protocol_v3/qc/word_source_objects.json,configuration,9926,983383062680ecf27bebe0ccfce5ad2fb14fe4045396fa31604608ad10f81b81,,inventory_only; causal review in task packets and TAKEOVER_REVIEW
config/medical_writing/protocol_v3/repository_hygiene_rules.json,/Users/smkzw/Documents/康哲项目资料/AI/医学经理工作台/implementation/protocol-v3-workbench-mw_protocol_v3_phase0_20260809_111313/config/medical_writing/protocol_v3/repository_hygiene_rules.json,configuration,269,64c02ca32c8dbed9d0f51568bf1cb8f622ebb5370ec91d9c13dd684f20952771,,inventory_only; causal review in task packets and TAKEOVER_REVIEW
config/medical_writing/protocol_v3/role_registry.deepseek.json,/Users/smkzw/Documents/康哲项目资料/AI/医学经理工作台/implementation/protocol-v3-workbench-mw_protocol_v3_phase0_20260809_111313/config/medical_writing/protocol_v3/role_registry.deepseek.json,configuration,95,1de3049823dca34a270911c41da8f0fe310fdae2d7c2206c50fd6782031a9f9f,,inventory_only; causal review in task packets and TAKEOVER_REVIEW
config/medical_writing/protocol_v3/role_registry.json,/Users/smkzw/Documents/康哲项目资料/AI/医学经理工作台/implementation/protocol-v3-workbench-mw_protocol_v3_phase0_20260809_111313/config/medical_writing/protocol_v3/role_registry.json,configuration,71,ca3e668cefc16997c622fe858969fd14829030a0bebce60437e7210c85201aa6,,inventory_only; causal review in task packets and TAKEOVER_REVIEW
config/medical_writing/protocol_v3/schemas/ordered-chapter-draft-candidate.v1.json,/Users/smkzw/Documents/康哲项目资料/AI/医学经理工作台/implementation/protocol-v3-workbench-mw_protocol_v3_phase0_20260809_111313/config/medical_writing/protocol_v3/schemas/ordered-chapter-draft-candidate.v1.json,configuration,533,a9be0f732566543f9d679e28fb7217211085af5b6d63094657d7778657d52208,,inventory_only; causal review in task packets and TAKEOVER_REVIEW
config/medical_writing/protocol_v3/skill_registry.json,/Users/smkzw/Documents/康哲项目资料/AI/医学经理工作台/implementation/protocol-v3-workbench-mw_protocol_v3_phase0_20260809_111313/config/medical_writing/protocol_v3/skill_registry.json,configuration,621,f7d0458d6407e4cb6d4aa1153331087924a15706e424aaf8d1c1bb339398c9eb,,inventory_only; causal review in task packets and TAKEOVER_REVIEW
config/medical_writing/protocol_v3/templates/tp_ma_07_v2/applicability_rules.json,/Users/smkzw/Documents/康哲项目资料/AI/医学经理工作台/implementation/protocol-v3-workbench-mw_protocol_v3_phase0_20260809_111313/config/medical_writing/protocol_v3/templates/tp_ma_07_v2/applicability_rules.json,configuration,2319,e9d38be5cc44bd44f90a238842380e5ac090e2336f144cb7ccdc935d23ca5099,,inventory_only; causal review in task packets and TAKEOVER_REVIEW
config/medical_writing/protocol_v3/templates/tp_ma_07_v2/chapter_contracts/v2_front_block.json,/Users/smkzw/Documents/康哲项目资料/AI/医学经理工作台/implementation/protocol-v3-workbench-mw_protocol_v3_phase0_20260809_111313/config/medical_writing/protocol_v3/templates/tp_ma_07_v2/chapter_contracts/v2_front_block.json,configuration,161,1f756d4ed70fdcba2766eaabaf5e7edc8ada428e34537f6140b303df0ec06ecd,,inventory_only; causal review in task packets and TAKEOVER_REVIEW
config/medical_writing/protocol_v3/templates/tp_ma_07_v2/chapter_contracts/v2_n_10_1_1.json,/Users/smkzw/Documents/康哲项目资料/AI/医学经理工作台/implementation/protocol-v3-workbench-mw_protocol_v3_phase0_20260809_111313/config/medical_writing/protocol_v3/templates/tp_ma_07_v2/chapter_contracts/v2_n_10_1_1.json,configuration,243,e5da176b2b4f3585e559e0617c1cc0b575bf255b6511ac34d9533ff6bb6861e6,,inventory_only; causal review in task packets and TAKEOVER_REVIEW
config/medical_writing/protocol_v3/templates/tp_ma_07_v2/chapter_contracts/v2_n_10_1_2.json,/Users/smkzw/Documents/康哲项目资料/AI/医学经理工作台/implementation/protocol-v3-workbench-mw_protocol_v3_phase0_20260809_111313/config/medical_writing/protocol_v3/templates/tp_ma_07_v2/chapter_contracts/v2_n_10_1_2.json,configuration,219,b418d281db8535ab424b223fd16c3fb748fd79b6a41471725735919355654696,,inventory_only; causal review in task packets and TAKEOVER_REVIEW
config/medical_writing/protocol_v3/templates/tp_ma_07_v2/chapter_contracts/v2_n_10_1_3.json,/Users/smkzw/Documents/康哲项目资料/AI/医学经理工作台/implementation/protocol-v3-workbench-mw_protocol_v3_phase0_20260809_111313/config/medical_writing/protocol_v3/templates/tp_ma_07_v2/chapter_contracts/v2_n_10_1_3.json,configuration,244,20d7b20c45f6231c1e02cbb9151abe64d2943c1ea9bd10f53a6203d9943bbcf7,,inventory_only; causal review in task packets and TAKEOVER_REVIEW
config/medical_writing/protocol_v3/templates/tp_ma_07_v2/chapter_contracts/v2_n_10_1_4.json,/Users/smkzw/Documents/康哲项目资料/AI/医学经理工作台/implementation/protocol-v3-workbench-mw_protocol_v3_phase0_20260809_111313/config/medical_writing/protocol_v3/templates/tp_ma_07_v2/chapter_contracts/v2_n_10_1_4.json,configuration,185,db43024956894528dbd0ed2d5e0add46b57ca159e5b9ae3ad42d21b861727337,,inventory_only; causal review in task packets and TAKEOVER_REVIEW
config/medical_writing/protocol_v3/templates/tp_ma_07_v2/chapter_contracts/v2_n_10_1_5.json,/Users/smkzw/Documents/康哲项目资料/AI/医学经理工作台/implementation/protocol-v3-workbench-mw_protocol_v3_phase0_20260809_111313/config/medical_writing/protocol_v3/templates/tp_ma_07_v2/chapter_contracts/v2_n_10_1_5.json,configuration,184,83a53c0f4b85586a7591e216694aeb1f3b74fa188df1b3b677d7089e58cc7458,,inventory_only; causal review in task packets and TAKEOVER_REVIEW
config/medical_writing/protocol_v3/templates/tp_ma_07_v2/chapter_contracts/v2_n_10_1_6.json,/Users/smkzw/Documents/康哲项目资料/AI/医学经理工作台/implementation/protocol-v3-workbench-mw_protocol_v3_phase0_20260809_111313/config/medical_writing/protocol_v3/templates/tp_ma_07_v2/chapter_contracts/v2_n_10_1_6.json,configuration,163,0eda824c2ed3865a0b2df3c99d3ca8f963d47a256b25dfc70ea14412492d8134,,inventory_only; causal review in task packets and TAKEOVER_REVIEW
config/medical_writing/protocol_v3/templates/tp_ma_07_v2/chapter_contracts/v2_n_10_2_1.json,/Users/smkzw/Documents/康哲项目资料/AI/医学经理工作台/implementation/protocol-v3-workbench-mw_protocol_v3_phase0_20260809_111313/config/medical_writing/protocol_v3/templates/tp_ma_07_v2/chapter_contracts/v2_n_10_2_1.json,configuration,234,0a3f5a60495e96fe8c5906616849aeae034f92f414973706159f25d8be064d85,,inventory_only; causal review in task packets and TAKEOVER_REVIEW
config/medical_writing/protocol_v3/templates/tp_ma_07_v2/chapter_contracts/v2_n_10_2_2.json,/Users/smkzw/Documents/康哲项目资料/AI/医学经理工作台/implementation/protocol-v3-workbench-mw_protocol_v3_phase0_20260809_111313/config/medical_writing/protocol_v3/templates/tp_ma_07_v2/chapter_contracts/v2_n_10_2_2.json,configuration,208,b40058e7f10ffab82bce44b495162d7f9a3a21b9fa731eff2fd19f04905281b1,,inventory_only; causal review in task packets and TAKEOVER_REVIEW
config/medical_writing/protocol_v3/templates/tp_ma_07_v2/chapter_contracts/v2_n_10_2_3.json,/Users/smkzw/Documents/康哲项目资料/AI/医学经理工作台/implementation/protocol-v3-workbench-mw_protocol_v3_phase0_20260809_111313/config/medical_writing/protocol_v3/templates/tp_ma_07_v2/chapter_contracts/v2_n_10_2_3.json,configuration,162,145c9c98861f9b086f177c0f01ce4eca57f0eea35f811a5a0a3772625cf23f14,,inventory_only; causal review in task packets and TAKEOVER_REVIEW
config/medical_writing/protocol_v3/templates/tp_ma_07_v2/chapter_contracts/v2_n_10_3_1.json,/Users/smkzw/Documents/康哲项目资料/AI/医学经理工作台/implementation/protocol-v3-workbench-mw_protocol_v3_phase0_20260809_111313/config/medical_writing/protocol_v3/templates/tp_ma_07_v2/chapter_contracts/v2_n_10_3_1.json,configuration,212,67fad7e02d003ca4b322c64dd2f6bab7ee1e7ce9a485d51b8a7d2ec2a77b1157,,inventory_only; causal review in task packets and TAKEOVER_REVIEW
config/medical_writing/protocol_v3/templates/tp_ma_07_v2/chapter_contracts/v2_n_10_3_2.json,/Users/smkzw/Documents/康哲项目资料/AI/医学经理工作台/implementation/protocol-v3-workbench-mw_protocol_v3_phase0_20260809_111313/config/medical_writing/protocol_v3/templates/tp_ma_07_v2/chapter_contracts/v2_n_10_3_2.json,configuration,254,d09b38118484f625baebd3f270a4d6f7482b8cc320da2affc73125600d6d271a,,inventory_only; causal review in task packets and TAKEOVER_REVIEW
config/medical_writing/protocol_v3/templates/tp_ma_07_v2/chapter_contracts/v2_n_10_3_3.json,/Users/smkzw/Documents/康哲项目资料/AI/医学经理工作台/implementation/protocol-v3-workbench-mw_protocol_v3_phase0_20260809_111313/config/medical_writing/protocol_v3/templates/tp_ma_07_v2/chapter_contracts/v2_n_10_3_3.json,configuration,173,e6e87e4c1a9ee9fa4a966ea8b8f3f2002a23839516ece7e168acf501e15d9b67,,inventory_only; causal review in task packets and TAKEOVER_REVIEW
config/medical_writing/protocol_v3/templates/tp_ma_07_v2/chapter_contracts/v2_n_10_4.json,/Users/smkzw/Documents/康哲项目资料/AI/医学经理工作台/implementation/protocol-v3-workbench-mw_protocol_v3_phase0_20260809_111313/config/medical_writing/protocol_v3/templates/tp_ma_07_v2/chapter_contracts/v2_n_10_4.json,configuration,182,031b8d2fbad3b42dff088d15e13a98ef6567f66bb14ee23590b08822ed140da6,,inventory_only; causal review in task packets and TAKEOVER_REVIEW
config/medical_writing/protocol_v3/templates/tp_ma_07_v2/chapter_contracts/v2_n_10_5.json,/Users/smkzw/Documents/康哲项目资料/AI/医学经理工作台/implementation/protocol-v3-workbench-mw_protocol_v3_phase0_20260809_111313/config/medical_writing/protocol_v3/templates/tp_ma_07_v2/chapter_contracts/v2_n_10_5.json,configuration,208,1607950116caa8bafe86a3c78700749ad155d626282e925d9a28ecc36b95ed17,,inventory_only; causal review in task packets and TAKEOVER_REVIEW
config/medical_writing/protocol_v3/templates/tp_ma_07_v2/chapter_contracts/v2_n_10_6.json,/Users/smkzw/Documents/康哲项目资料/AI/医学经理工作台/implementation/protocol-v3-workbench-mw_protocol_v3_phase0_20260809_111313/config/medical_writing/protocol_v3/templates/tp_ma_07_v2/chapter_contracts/v2_n_10_6.json,configuration,249,484ee8a80bbcd867a9dea78756ae11f7ac802c4723fc5a2a0528ed98d30c6964,,inventory_only; causal review in task packets and TAKEOVER_REVIEW
config/medical_writing/protocol_v3/templates/tp_ma_07_v2/chapter_contracts/v2_n_11_1.json,/Users/smkzw/Documents/康哲项目资料/AI/医学经理工作台/implementation/protocol-v3-workbench-mw_protocol_v3_phase0_20260809_111313/config/medical_writing/protocol_v3/templates/tp_ma_07_v2/chapter_contracts/v2_n_11_1.json,configuration,373,710ab945f4e96768dda6159712efd37715ea395f097548411a136bb49d6dccde,,inventory_only; causal review in task packets and TAKEOVER_REVIEW
config/medical_writing/protocol_v3/templates/tp_ma_07_v2/chapter_contracts/v2_n_11_2.json,/Users/smkzw/Documents/康哲项目资料/AI/医学经理工作台/implementation/protocol-v3-workbench-mw_protocol_v3_phase0_20260809_111313/config/medical_writing/protocol_v3/templates/tp_ma_07_v2/chapter_contracts/v2_n_11_2.json,configuration,265,60f14ef8d093285640793e9e18da2019c7ae2b00bf921d19274325b2e9a7ccb7,,inventory_only; causal review in task packets and TAKEOVER_REVIEW
config/medical_writing/protocol_v3/templates/tp_ma_07_v2/chapter_contracts/v2_n_11_3.json,/Users/smkzw/Documents/康哲项目资料/AI/医学经理工作台/implementation/protocol-v3-workbench-mw_protocol_v3_phase0_20260809_111313/config/medical_writing/protocol_v3/templates/tp_ma_07_v2/chapter_contracts/v2_n_11_3.json,configuration,220,41dfe75e3f6ebe71a5c83c0888d9ed3efe52d1a5d53fbe317e6e9c6a536df725,,inventory_only; causal review in task packets and TAKEOVER_REVIEW
config/medical_writing/protocol_v3/templates/tp_ma_07_v2/chapter_contracts/v2_n_11_4_1.json,/Users/smkzw/Documents/康哲项目资料/AI/医学经理工作台/implementation/protocol-v3-workbench-mw_protocol_v3_phase0_20260809_111313/config/medical_writing/protocol_v3/templates/tp_ma_07_v2/chapter_contracts/v2_n_11_4_1.json,configuration,145,b00b9dd1d5dbf7d5c8bb1eb3b3a8514644cb48cabbf77994b5ef4d0145c72a7f,,inventory_only; causal review in task packets and TAKEOVER_REVIEW
config/medical_writing/protocol_v3/templates/tp_ma_07_v2/chapter_contracts/v2_n_11_4_2.json,/Users/smkzw/Documents/康哲项目资料/AI/医学经理工作台/implementation/protocol-v3-workbench-mw_protocol_v3_phase0_20260809_111313/config/medical_writing/protocol_v3/templates/tp_ma_07_v2/chapter_contracts/v2_n_11_4_2.json,configuration,157,53c27e36809d81862416e71b8f6d9d49d223456da488e9d60912038cd773b32f,,inventory_only; causal review in task packets and TAKEOVER_REVIEW
config/medical_writing/protocol_v3/templates/tp_ma_07_v2/chapter_contracts/v2_n_11_4_3_1.json,/Users/smkzw/Documents/康哲项目资料/AI/医学经理工作台/implementation/protocol-v3-workbench-mw_protocol_v3_phase0_20260809_111313/config/medical_writing/protocol_v3/templates/tp_ma_07_v2/chapter_contracts/v2_n_11_4_3_1.json,configuration,331,befcf7b393793cba78ae24e889d10fe5a2b4e77bcb28d3d4ade66f87ec21e980,,inventory_only; causal review in task packets and TAKEOVER_REVIEW
config/medical_writing/protocol_v3/templates/tp_ma_07_v2/chapter_contracts/v2_n_11_4_3_2.json,/Users/smkzw/Documents/康哲项目资料/AI/医学经理工作台/implementation/protocol-v3-workbench-mw_protocol_v3_phase0_20260809_111313/config/medical_writing/protocol_v3/templates/tp_ma_07_v2/chapter_contracts/v2_n_11_4_3_2.json,configuration,260,e2e1bcee57863b8f6632b10d2b08d1b2285e0d8edc1ab7bfc88a1ebd8a9b4e06,,inventory_only; causal review in task packets and TAKEOVER_REVIEW
config/medical_writing/protocol_v3/templates/tp_ma_07_v2/chapter_contracts/v2_n_11_4_4.json,/Users/smkzw/Documents/康哲项目资料/AI/医学经理工作台/implementation/protocol-v3-workbench-mw_protocol_v3_phase0_20260809_111313/config/medical_writing/protocol_v3/templates/tp_ma_07_v2/chapter_contracts/v2_n_11_4_4.json,configuration,207,4e84859c84dfa48a8f5b7e942de60e3825b699c43a43c3b1de0ae26f3be9ef7b,,inventory_only; causal review in task packets and TAKEOVER_REVIEW
config/medical_writing/protocol_v3/templates/tp_ma_07_v2/chapter_contracts/v2_n_11_4_5.json,/Users/smkzw/Documents/康哲项目资料/AI/医学经理工作台/implementation/protocol-v3-workbench-mw_protocol_v3_phase0_20260809_111313/config/medical_writing/protocol_v3/templates/tp_ma_07_v2/chapter_contracts/v2_n_11_4_5.json,configuration,206,368c3ddd427b24b4515441729824ac009fcef7b17e04cc1e8f5672ad6600147f,,inventory_only; causal review in task packets and TAKEOVER_REVIEW
config/medical_writing/protocol_v3/templates/tp_ma_07_v2/chapter_contracts/v2_n_11_4_6.json,/Users/smkzw/Documents/康哲项目资料/AI/医学经理工作台/implementation/protocol-v3-workbench-mw_protocol_v3_phase0_20260809_111313/config/medical_writing/protocol_v3/templates/tp_ma_07_v2/chapter_contracts/v2_n_11_4_6.json,configuration,367,d80b3c564bffb5068328b1f71f790098df19a9c05cf0f81cdfbd88584fa01d35,,inventory_only; causal review in task packets and TAKEOVER_REVIEW
config/medical_writing/protocol_v3/templates/tp_ma_07_v2/chapter_contracts/v2_n_11_4_7.json,/Users/smkzw/Documents/康哲项目资料/AI/医学经理工作台/implementation/protocol-v3-workbench-mw_protocol_v3_phase0_20260809_111313/config/medical_writing/protocol_v3/templates/tp_ma_07_v2/chapter_contracts/v2_n_11_4_7.json,configuration,207,d0fe5f1f87e4920244ecaf6dae0ccecf93cf6d3bde067d42cfeaef56012cfb8a,,inventory_only; causal review in task packets and TAKEOVER_REVIEW
config/medical_writing/protocol_v3/templates/tp_ma_07_v2/chapter_contracts/v2_n_11_4_8.json,/Users/smkzw/Documents/康哲项目资料/AI/医学经理工作台/implementation/protocol-v3-workbench-mw_protocol_v3_phase0_20260809_111313/config/medical_writing/protocol_v3/templates/tp_ma_07_v2/chapter_contracts/v2_n_11_4_8.json,configuration,246,2362fccca34c53510729feea9fc2de4ef2e1f536ec7cef7a3acb458e9a679033,,inventory_only; causal review in task packets and TAKEOVER_REVIEW
config/medical_writing/protocol_v3/templates/tp_ma_07_v2/chapter_contracts/v2_n_11_4_9.json,/Users/smkzw/Documents/康哲项目资料/AI/医学经理工作台/implementation/protocol-v3-workbench-mw_protocol_v3_phase0_20260809_111313/config/medical_writing/protocol_v3/templates/tp_ma_07_v2/chapter_contracts/v2_n_11_4_9.json,configuration,349,4e882082b2386f0df5e93dc597328ad1a441e07a8231a4073418840d57c001b9,,inventory_only; causal review in task packets and TAKEOVER_REVIEW
config/medical_writing/protocol_v3/templates/tp_ma_07_v2/chapter_contracts/v2_n_12_1.json,/Users/smkzw/Documents/康哲项目资料/AI/医学经理工作台/implementation/protocol-v3-workbench-mw_protocol_v3_phase0_20260809_111313/config/medical_writing/protocol_v3/templates/tp_ma_07_v2/chapter_contracts/v2_n_12_1.json,configuration,181,286b94431ed1a9d2003937397771d18efbc8cdb15f4db3551bcb36b0babfe124,,inventory_only; causal review in task packets and TAKEOVER_REVIEW
config/medical_writing/protocol_v3/templates/tp_ma_07_v2/chapter_contracts/v2_n_12_2.json,/Users/smkzw/Documents/康哲项目资料/AI/医学经理工作台/implementation/protocol-v3-workbench-mw_protocol_v3_phase0_20260809_111313/config/medical_writing/protocol_v3/templates/tp_ma_07_v2/chapter_contracts/v2_n_12_2.json,configuration,187,60fb6d6a3a21f40d3e61edc6366343ae08c930f6479756f877046e40287d7908,,inventory_only; causal review in task packets and TAKEOVER_REVIEW
config/medical_writing/protocol_v3/templates/tp_ma_07_v2/chapter_contracts/v2_n_12_3.json,/Users/smkzw/Documents/康哲项目资料/AI/医学经理工作台/implementation/protocol-v3-workbench-mw_protocol_v3_phase0_20260809_111313/config/medical_writing/protocol_v3/templates/tp_ma_07_v2/chapter_contracts/v2_n_12_3.json,configuration,153,669aaba2913869e08823fa258a0cb5e78901f2adc6465cfd4de0d9aef3e50bf9,,inventory_only; causal review in task packets and TAKEOVER_REVIEW
config/medical_writing/protocol_v3/templates/tp_ma_07_v2/chapter_contracts/v2_n_12_4.json,/Users/smkzw/Documents/康哲项目资料/AI/医学经理工作台/implementation/protocol-v3-workbench-mw_protocol_v3_phase0_20260809_111313/config/medical_writing/protocol_v3/templates/tp_ma_07_v2/chapter_contracts/v2_n_12_4.json,configuration,152,f2475e7e8c8ccde6f036da2a2e2959af6d7f658b5d8329b9a2fe9b0bc5b3ecf1,,inventory_only; causal review in task packets and TAKEOVER_REVIEW
config/medical_writing/protocol_v3/templates/tp_ma_07_v2/chapter_contracts/v2_n_12_5.json,/Users/smkzw/Documents/康哲项目资料/AI/医学经理工作台/implementation/protocol-v3-workbench-mw_protocol_v3_phase0_20260809_111313/config/medical_writing/protocol_v3/templates/tp_ma_07_v2/chapter_contracts/v2_n_12_5.json,configuration,152,87b005b24de393c22da6c6623148f69fac2d4fdfa7fa415fd2b6992cfc6b3402,,inventory_only; causal review in task packets and TAKEOVER_REVIEW
config/medical_writing/protocol_v3/templates/tp_ma_07_v2/chapter_contracts/v2_n_12_6.json,/Users/smkzw/Documents/康哲项目资料/AI/医学经理工作台/implementation/protocol-v3-workbench-mw_protocol_v3_phase0_20260809_111313/config/medical_writing/protocol_v3/templates/tp_ma_07_v2/chapter_contracts/v2_n_12_6.json,configuration,186,e18bc186306273ea877ab240aa21187906b320d91a7f549a160f7018d002a0ed,,inventory_only; causal review in task packets and TAKEOVER_REVIEW
config/medical_writing/protocol_v3/templates/tp_ma_07_v2/chapter_contracts/v2_n_12_7.json,/Users/smkzw/Documents/康哲项目资料/AI/医学经理工作台/implementation/protocol-v3-workbench-mw_protocol_v3_phase0_20260809_111313/config/medical_writing/protocol_v3/templates/tp_ma_07_v2/chapter_contracts/v2_n_12_7.json,configuration,225,37436ebe075542b4c1fd0b7934fa51e61883059b0d0b21ff3b2196c7b7b7a552,,inventory_only; causal review in task packets and TAKEOVER_REVIEW
config/medical_writing/protocol_v3/templates/tp_ma_07_v2/chapter_contracts/v2_n_12_8.json,/Users/smkzw/Documents/康哲项目资料/AI/医学经理工作台/implementation/protocol-v3-workbench-mw_protocol_v3_phase0_20260809_111313/config/medical_writing/protocol_v3/templates/tp_ma_07_v2/chapter_contracts/v2_n_12_8.json,configuration,177,a4552ca719ef7a9e97255c9a54fd6b7b569ea15806f50ea3d5c181c57b27f1b8,,inventory_only; causal review in task packets and TAKEOVER_REVIEW
config/medical_writing/protocol_v3/templates/tp_ma_07_v2/chapter_contracts/v2_n_12_9.json,/Users/smkzw/Documents/康哲项目资料/AI/医学经理工作台/implementation/protocol-v3-workbench-mw_protocol_v3_phase0_20260809_111313/config/medical_writing/protocol_v3/templates/tp_ma_07_v2/chapter_contracts/v2_n_12_9.json,configuration,189,e604a5de3f161c0ebb65309d6abea5283e016bfec4a63edba332f56bff62a846,,inventory_only; causal review in task packets and TAKEOVER_REVIEW
config/medical_writing/protocol_v3/templates/tp_ma_07_v2/chapter_contracts/v2_n_13_1.json,/Users/smkzw/Documents/康哲项目资料/AI/医学经理工作台/implementation/protocol-v3-workbench-mw_protocol_v3_phase0_20260809_111313/config/medical_writing/protocol_v3/templates/tp_ma_07_v2/chapter_contracts/v2_n_13_1.json,configuration,169,fe24f474f74dc532a07804e5dcd9c6bff28cacd3abcb99203de5e4ae0d4d982f,,inventory_only; causal review in task packets and TAKEOVER_REVIEW
config/medical_writing/protocol_v3/templates/tp_ma_07_v2/chapter_contracts/v2_n_13_2.json,/Users/smkzw/Documents/康哲项目资料/AI/医学经理工作台/implementation/protocol-v3-workbench-mw_protocol_v3_phase0_20260809_111313/config/medical_writing/protocol_v3/templates/tp_ma_07_v2/chapter_contracts/v2_n_13_2.json,configuration,172,98a7f18e8d09fa678974797cd9baf07cbeb0a6206d48ca484656d03ee6659b13,,inventory_only; causal review in task packets and TAKEOVER_REVIEW
config/medical_writing/protocol_v3/templates/tp_ma_07_v2/chapter_contracts/v2_n_13_3.json,/Users/smkzw/Documents/康哲项目资料/AI/医学经理工作台/implementation/protocol-v3-workbench-mw_protocol_v3_phase0_20260809_111313/config/medical_writing/protocol_v3/templates/tp_ma_07_v2/chapter_contracts/v2_n_13_3.json,configuration,173,b253544cf437b783c943c8f83b0a6caec1c600346096bbf1d5810332a406476a,,inventory_only; causal review in task packets and TAKEOVER_REVIEW
config/medical_writing/protocol_v3/templates/tp_ma_07_v2/chapter_contracts/v2_n_13_4.json,/Users/smkzw/Documents/康哲项目资料/AI/医学经理工作台/implementation/protocol-v3-workbench-mw_protocol_v3_phase0_20260809_111313/config/medical_writing/protocol_v3/templates/tp_ma_07_v2/chapter_contracts/v2_n_13_4.json,configuration,186,9e6253339023a1a479c839473b98e38337ba68a602f8554122c7153cdd791c43,,inventory_only; causal review in task packets and TAKEOVER_REVIEW
config/medical_writing/protocol_v3/templates/tp_ma_07_v2/chapter_contracts/v2_n_14_1.json,/Users/smkzw/Documents/康哲项目资料/AI/医学经理工作台/implementation/protocol-v3-workbench-mw_protocol_v3_phase0_20260809_111313/config/medical_writing/protocol_v3/templates/tp_ma_07_v2/chapter_contracts/v2_n_14_1.json,configuration,72,9e26184ce29a66fa669c9ff2d2457416e683b46f77b4a461a02ba2886c141421,,inventory_only; causal review in task packets and TAKEOVER_REVIEW
config/medical_writing/protocol_v3/templates/tp_ma_07_v2/chapter_contracts/v2_n_14_2.json,/Users/smkzw/Documents/康哲项目资料/AI/医学经理工作台/implementation/protocol-v3-workbench-mw_protocol_v3_phase0_20260809_111313/config/medical_writing/protocol_v3/templates/tp_ma_07_v2/chapter_contracts/v2_n_14_2.json,configuration,65,b192c9c838e95ebc3ad410caa1ce228a4b70beff90907b2721b8b30fe2e188be,,inventory_only; causal review in task packets and TAKEOVER_REVIEW
config/medical_writing/protocol_v3/templates/tp_ma_07_v2/chapter_contracts/v2_n_14_3.json,/Users/smkzw/Documents/康哲项目资料/AI/医学经理工作台/implementation/protocol-v3-workbench-mw_protocol_v3_phase0_20260809_111313/config/medical_writing/protocol_v3/templates/tp_ma_07_v2/chapter_contracts/v2_n_14_3.json,configuration,194,5562cf3c6b6e172af9ab54e144c1328ca4283a051c459f4959b24ada258b99c3,,inventory_only; causal review in task packets and TAKEOVER_REVIEW
config/medical_writing/protocol_v3/templates/tp_ma_07_v2/chapter_contracts/v2_n_14_4.json,/Users/smkzw/Documents/康哲项目资料/AI/医学经理工作台/implementation/protocol-v3-workbench-mw_protocol_v3_phase0_20260809_111313/config/medical_writing/protocol_v3/templates/tp_ma_07_v2/chapter_contracts/v2_n_14_4.json,configuration,65,9331a7beedaf0a431217e4063cffc651c1c6b15e6ad689ca238711b57f1f319e,,inventory_only; causal review in task packets and TAKEOVER_REVIEW
config/medical_writing/protocol_v3/templates/tp_ma_07_v2/chapter_contracts/v2_n_14_5.json,/Users/smkzw/Documents/康哲项目资料/AI/医学经理工作台/implementation/protocol-v3-workbench-mw_protocol_v3_phase0_20260809_111313/config/medical_writing/protocol_v3/templates/tp_ma_07_v2/chapter_contracts/v2_n_14_5.json,configuration,66,577e0d09f3bd888ed4a6aecaac499f7d7adcfccb8c1beda1b81dd577b4e54c98,,inventory_only; causal review in task packets and TAKEOVER_REVIEW
config/medical_writing/protocol_v3/templates/tp_ma_07_v2/chapter_contracts/v2_n_14_6.json,/Users/smkzw/Documents/康哲项目资料/AI/医学经理工作台/implementation/protocol-v3-workbench-mw_protocol_v3_phase0_20260809_111313/config/medical_writing/protocol_v3/templates/tp_ma_07_v2/chapter_contracts/v2_n_14_6.json,configuration,68,9c2580755ec0927b56ccd83b9f53b13cd1ccd63f4df32867d7ce0584a20fafac,,inventory_only; causal review in task packets and TAKEOVER_REVIEW
config/medical_writing/protocol_v3/templates/tp_ma_07_v2/chapter_contracts/v2_n_14_7.json,/Users/smkzw/Documents/康哲项目资料/AI/医学经理工作台/implementation/protocol-v3-workbench-mw_protocol_v3_phase0_20260809_111313/config/medical_writing/protocol_v3/templates/tp_ma_07_v2/chapter_contracts/v2_n_14_7.json,configuration,252,1ece671e6970d85a9b262c38b8982c94619ad50e79dcee43254531e5d1dac896,,inventory_only; causal review in task packets and TAKEOVER_REVIEW
config/medical_writing/protocol_v3/templates/tp_ma_07_v2/chapter_contracts/v2_n_15.json,/Users/smkzw/Documents/康哲项目资料/AI/医学经理工作台/implementation/protocol-v3-workbench-mw_protocol_v3_phase0_20260809_111313/config/medical_writing/protocol_v3/templates/tp_ma_07_v2/chapter_contracts/v2_n_15.json,configuration,73,83d874df993c23833c5e8fe70468fa58268451046ab6172d040ba8cf482b9fb3,,inventory_only; causal review in task packets and TAKEOVER_REVIEW
config/medical_writing/protocol_v3/templates/tp_ma_07_v2/chapter_contracts/v2_n_16.json,/Users/smkzw/Documents/康哲项目资料/AI/医学经理工作台/implementation/protocol-v3-workbench-mw_protocol_v3_phase0_20260809_111313/config/medical_writing/protocol_v3/templates/tp_ma_07_v2/chapter_contracts/v2_n_16.json,configuration,65,1b2b74b51ab18489d0b6f25c9f83a26b0ef7ef23db4ede02fd7be86bf0c1fd24,,inventory_only; causal review in task packets and TAKEOVER_REVIEW
config/medical_writing/protocol_v3/templates/tp_ma_07_v2/chapter_contracts/v2_n_16_x1.json,/Users/smkzw/Documents/康哲项目资料/AI/医学经理工作台/implementation/protocol-v3-workbench-mw_protocol_v3_phase0_20260809_111313/config/medical_writing/protocol_v3/templates/tp_ma_07_v2/chapter_contracts/v2_n_16_x1.json,configuration,69,d18124ec63b9af857656a3d80f557c9507d9c1dc76c1ee610743b75cd06db3c5,,inventory_only; causal review in task packets and TAKEOVER_REVIEW
config/medical_writing/protocol_v3/templates/tp_ma_07_v2/chapter_contracts/v2_n_16_x2.json,/Users/smkzw/Documents/康哲项目资料/AI/医学经理工作台/implementation/protocol-v3-workbench-mw_protocol_v3_phase0_20260809_111313/config/medical_writing/protocol_v3/templates/tp_ma_07_v2/chapter_contracts/v2_n_16_x2.json,configuration,69,400d4ba68a7e568e1462fcc8cdd705a6b750f93bdebec7c2824c911b5353a532,,inventory_only; causal review in task packets and TAKEOVER_REVIEW
config/medical_writing/protocol_v3/templates/tp_ma_07_v2/chapter_contracts/v2_n_16_x3.json,/Users/smkzw/Documents/康哲项目资料/AI/医学经理工作台/implementation/protocol-v3-workbench-mw_protocol_v3_phase0_20260809_111313/config/medical_writing/protocol_v3/templates/tp_ma_07_v2/chapter_contracts/v2_n_16_x3.json,configuration,70,59f7e84d11c13e1faa23d1f1167db313a74351007c522a01382e4a8e07dc1ef6,,inventory_only; causal review in task packets and TAKEOVER_REVIEW
config/medical_writing/protocol_v3/templates/tp_ma_07_v2/chapter_contracts/v2_n_1_1.json,/Users/smkzw/Documents/康哲项目资料/AI/医学经理工作台/implementation/protocol-v3-workbench-mw_protocol_v3_phase0_20260809_111313/config/medical_writing/protocol_v3/templates/tp_ma_07_v2/chapter_contracts/v2_n_1_1.json,configuration,251,add9f7b75d8f90f597662bbdc0bc884071beeaecd0ada7afa7b9e53dff8c07dc,,inventory_only; causal review in task packets and TAKEOVER_REVIEW
config/medical_writing/protocol_v3/templates/tp_ma_07_v2/chapter_contracts/v2_n_1_2.json,/Users/smkzw/Documents/康哲项目资料/AI/医学经理工作台/implementation/protocol-v3-workbench-mw_protocol_v3_phase0_20260809_111313/config/medical_writing/protocol_v3/templates/tp_ma_07_v2/chapter_contracts/v2_n_1_2.json,configuration,209,9dd9f8772ca8e9cb8b7660837e16da9638729dac9a3b035438d29c752f8eb1a8,,inventory_only; causal review in task packets and TAKEOVER_REVIEW
config/medical_writing/protocol_v3/templates/tp_ma_07_v2/chapter_contracts/v2_n_1_3.json,/Users/smkzw/Documents/康哲项目资料/AI/医学经理工作台/implementation/protocol-v3-workbench-mw_protocol_v3_phase0_20260809_111313/config/medical_writing/protocol_v3/templates/tp_ma_07_v2/chapter_contracts/v2_n_1_3.json,configuration,158,242c493e45bbc60e862e57c77a6f9fa910eff5b994d62fa605f68641e11bf937,,inventory_only; causal review in task packets and TAKEOVER_REVIEW
config/medical_writing/protocol_v3/templates/tp_ma_07_v2/chapter_contracts/v2_n_2_1.json,/Users/smkzw/Documents/康哲项目资料/AI/医学经理工作台/implementation/protocol-v3-workbench-mw_protocol_v3_phase0_20260809_111313/config/medical_writing/protocol_v3/templates/tp_ma_07_v2/chapter_contracts/v2_n_2_1.json,configuration,173,c85e2157fac6c7b642cc8e174e5b5a18a256fcc670e024ef5baec6de6563c03d,,inventory_only; causal review in task packets and TAKEOVER_REVIEW
config/medical_writing/protocol_v3/templates/tp_ma_07_v2/chapter_contracts/v2_n_2_2_1.json,/Users/smkzw/Documents/康哲项目资料/AI/医学经理工作台/implementation/protocol-v3-workbench-mw_protocol_v3_phase0_20260809_111313/config/medical_writing/protocol_v3/templates/tp_ma_07_v2/chapter_contracts/v2_n_2_2_1.json,configuration,161,a7f98e34c4c3794124e598fa64b9f1ecf608e58fb5450c392aa8928d9f4617b8,,inventory_only; causal review in task packets and TAKEOVER_REVIEW
config/medical_writing/protocol_v3/templates/tp_ma_07_v2/chapter_contracts/v2_n_2_2_2_1.json,/Users/smkzw/Documents/康哲项目资料/AI/医学经理工作台/implementation/protocol-v3-workbench-mw_protocol_v3_phase0_20260809_111313/config/medical_writing/protocol_v3/templates/tp_ma_07_v2/chapter_contracts/v2_n_2_2_2_1.json,configuration,203,b77e82acded23f29bf427705ea18786f5e8f17d7ba7e20d500ff239b5315c891,,inventory_only; causal review in task packets and TAKEOVER_REVIEW
config/medical_writing/protocol_v3/templates/tp_ma_07_v2/chapter_contracts/v2_n_2_2_3.json,/Users/smkzw/Documents/康哲项目资料/AI/医学经理工作台/implementation/protocol-v3-workbench-mw_protocol_v3_phase0_20260809_111313/config/medical_writing/protocol_v3/templates/tp_ma_07_v2/chapter_contracts/v2_n_2_2_3.json,configuration,149,dcc880878ef5d8946f7667a8646faf293a310d2ed28a3d76cf70dae1b1102fbc,,inventory_only; causal review in task packets and TAKEOVER_REVIEW
config/medical_writing/protocol_v3/templates/tp_ma_07_v2/chapter_contracts/v2_n_2_3.json,/Users/smkzw/Documents/康哲项目资料/AI/医学经理工作台/implementation/protocol-v3-workbench-mw_protocol_v3_phase0_20260809_111313/config/medical_writing/protocol_v3/templates/tp_ma_07_v2/chapter_contracts/v2_n_2_3.json,configuration,182,4654c67d29ac8f0645fef3e7ab3fd7936db1409f0a8dec4cdc32f3df832e966f,,inventory_only; causal review in task packets and TAKEOVER_REVIEW
config/medical_writing/protocol_v3/templates/tp_ma_07_v2/chapter_contracts/v2_n_3_1_1.json,/Users/smkzw/Documents/康哲项目资料/AI/医学经理工作台/implementation/protocol-v3-workbench-mw_protocol_v3_phase0_20260809_111313/config/medical_writing/protocol_v3/templates/tp_ma_07_v2/chapter_contracts/v2_n_3_1_1.json,configuration,204,a2be602e51f191c11283c013a5e9c9e4b46d7fd4ffd0e7fd17ea557a8858a835,,inventory_only; causal review in task packets and TAKEOVER_REVIEW
config/medical_writing/protocol_v3/templates/tp_ma_07_v2/chapter_contracts/v2_n_3_1_2_1.json,/Users/smkzw/Documents/康哲项目资料/AI/医学经理工作台/implementation/protocol-v3-workbench-mw_protocol_v3_phase0_20260809_111313/config/medical_writing/protocol_v3/templates/tp_ma_07_v2/chapter_contracts/v2_n_3_1_2_1.json,configuration,125,76d1076a476ce3e53448a395b44b4d93d6e302cdf1e02865df69b82a0363a7e4,,inventory_only; causal review in task packets and TAKEOVER_REVIEW
config/medical_writing/protocol_v3/templates/tp_ma_07_v2/chapter_contracts/v2_n_3_1_2_2.json,/Users/smkzw/Documents/康哲项目资料/AI/医学经理工作台/implementation/protocol-v3-workbench-mw_protocol_v3_phase0_20260809_111313/config/medical_writing/protocol_v3/templates/tp_ma_07_v2/chapter_contracts/v2_n_3_1_2_2.json,configuration,134,4117b09e8ca854311f47167ed340c51219b8069f2dbbdd52646b7d9486cb0980,,inventory_only; causal review in task packets and TAKEOVER_REVIEW
config/medical_writing/protocol_v3/templates/tp_ma_07_v2/chapter_contracts/v2_n_3_1_2_3.json,/Users/smkzw/Documents/康哲项目资料/AI/医学经理工作台/implementation/protocol-v3-workbench-mw_protocol_v3_phase0_20260809_111313/config/medical_writing/protocol_v3/templates/tp_ma_07_v2/chapter_contracts/v2_n_3_1_2_3.json,configuration,160,4e1fc95cba99c24a4c3bee8dbca9d408f55974613db138d3451e259a99f11df4,,inventory_only; causal review in task packets and TAKEOVER_REVIEW
config/medical_writing/protocol_v3/templates/tp_ma_07_v2/chapter_contracts/v2_n_3_1_2_4.json,/Users/smkzw/Documents/康哲项目资料/AI/医学经理工作台/implementation/protocol-v3-workbench-mw_protocol_v3_phase0_20260809_111313/config/medical_writing/protocol_v3/templates/tp_ma_07_v2/chapter_contracts/v2_n_3_1_2_4.json,configuration,240,072a7b7f59933a9ee9ff73d86c5a5cd994168068d75f75d2a82eb006478e6322,,inventory_only; causal review in task packets and TAKEOVER_REVIEW
config/medical_writing/protocol_v3/templates/tp_ma_07_v2/chapter_contracts/v2_n_3_2_1.json,/Users/smkzw/Documents/康哲项目资料/AI/医学经理工作台/implementation/protocol-v3-workbench-mw_protocol_v3_phase0_20260809_111313/config/medical_writing/protocol_v3/templates/tp_ma_07_v2/chapter_contracts/v2_n_3_2_1.json,configuration,136,c29276ecc5f2e6489fc27aaf3f0921a65a11a8e89c7575ef5fcc06647acd4f47,,inventory_only; causal review in task packets and TAKEOVER_REVIEW
config/medical_writing/protocol_v3/templates/tp_ma_07_v2/chapter_contracts/v2_n_3_2_2.json,/Users/smkzw/Documents/康哲项目资料/AI/医学经理工作台/implementation/protocol-v3-workbench-mw_protocol_v3_phase0_20260809_111313/config/medical_writing/protocol_v3/templates/tp_ma_07_v2/chapter_contracts/v2_n_3_2_2.json,configuration,129,75d4ba66146247aa8512e1c4c59a601191bd817617aebc1da5d8dd5d26e5e84a,,inventory_only; causal review in task packets and TAKEOVER_REVIEW
config/medical_writing/protocol_v3/templates/tp_ma_07_v2/chapter_contracts/v2_n_3_3_1.json,/Users/smkzw/Documents/康哲项目资料/AI/医学经理工作台/implementation/protocol-v3-workbench-mw_protocol_v3_phase0_20260809_111313/config/medical_writing/protocol_v3/templates/tp_ma_07_v2/chapter_contracts/v2_n_3_3_1.json,configuration,166,a319c4cd8651a0a47db1fee9f5453ccf092f7f76925808625c966239aa3fa342,,inventory_only; causal review in task packets and TAKEOVER_REVIEW
config/medical_writing/protocol_v3/templates/tp_ma_07_v2/chapter_contracts/v2_n_3_3_2.json,/Users/smkzw/Documents/康哲项目资料/AI/医学经理工作台/implementation/protocol-v3-workbench-mw_protocol_v3_phase0_20260809_111313/config/medical_writing/protocol_v3/templates/tp_ma_07_v2/chapter_contracts/v2_n_3_3_2.json,configuration,130,37f388c4246cd5fa0cac42c8f59aba34e502ff21933a44df7a0ed8b855f43583,,inventory_only; causal review in task packets and TAKEOVER_REVIEW
config/medical_writing/protocol_v3/templates/tp_ma_07_v2/chapter_contracts/v2_n_3_4_1.json,/Users/smkzw/Documents/康哲项目资料/AI/医学经理工作台/implementation/protocol-v3-workbench-mw_protocol_v3_phase0_20260809_111313/config/medical_writing/protocol_v3/templates/tp_ma_07_v2/chapter_contracts/v2_n_3_4_1.json,configuration,277,112ee70d600811e133227505d3afaea9192e6811fe7b6fb09cfb2ff78f854189,,inventory_only; causal review in task packets and TAKEOVER_REVIEW
config/medical_writing/protocol_v3/templates/tp_ma_07_v2/chapter_contracts/v2_n_3_4_2.json,/Users/smkzw/Documents/康哲项目资料/AI/医学经理工作台/implementation/protocol-v3-workbench-mw_protocol_v3_phase0_20260809_111313/config/medical_writing/protocol_v3/templates/tp_ma_07_v2/chapter_contracts/v2_n_3_4_2.json,configuration,166,bb093e5f78273031fa5172a3353c2b75346891368f16523851665ee02d4a374c,,inventory_only; causal review in task packets and TAKEOVER_REVIEW
config/medical_writing/protocol_v3/templates/tp_ma_07_v2/chapter_contracts/v2_n_4_1.json,/Users/smkzw/Documents/康哲项目资料/AI/医学经理工作台/implementation/protocol-v3-workbench-mw_protocol_v3_phase0_20260809_111313/config/medical_writing/protocol_v3/templates/tp_ma_07_v2/chapter_contracts/v2_n_4_1.json,configuration,269,13dd630370d3c753a5073eee113a540a1ae218a0c0fd0670dfc5a2c6acca8e36,,inventory_only; causal review in task packets and TAKEOVER_REVIEW
config/medical_writing/protocol_v3/templates/tp_ma_07_v2/chapter_contracts/v2_n_4_2.json,/Users/smkzw/Documents/康哲项目资料/AI/医学经理工作台/implementation/protocol-v3-workbench-mw_protocol_v3_phase0_20260809_111313/config/medical_writing/protocol_v3/templates/tp_ma_07_v2/chapter_contracts/v2_n_4_2.json,configuration,250,1660a314cd8edb25e73ce9580dd3dbde7628fc614fad99273768884951eb6127,,inventory_only; causal review in task packets and TAKEOVER_REVIEW
config/medical_writing/protocol_v3/templates/tp_ma_07_v2/chapter_contracts/v2_n_4_3.json,/Users/smkzw/Documents/康哲项目资料/AI/医学经理工作台/implementation/protocol-v3-workbench-mw_protocol_v3_phase0_20260809_111313/config/medical_writing/protocol_v3/templates/tp_ma_07_v2/chapter_contracts/v2_n_4_3.json,configuration,207,34954d2de60b3dd0373be53776170770deead70f79951347f0d75f43f25ef786,,inventory_only; causal review in task packets and TAKEOVER_REVIEW
config/medical_writing/protocol_v3/templates/tp_ma_07_v2/chapter_contracts/v2_n_4_4.json,/Users/smkzw/Documents/康哲项目资料/AI/医学经理工作台/implementation/protocol-v3-workbench-mw_protocol_v3_phase0_20260809_111313/config/medical_writing/protocol_v3/templates/tp_ma_07_v2/chapter_contracts/v2_n_4_4.json,configuration,233,cb311ce2c8a74ae670bddb92f9d7f903c082e73c2bb80e763bbefe4124a14657,,inventory_only; causal review in task packets and TAKEOVER_REVIEW
config/medical_writing/protocol_v3/templates/tp_ma_07_v2/chapter_contracts/v2_n_4_5.json,/Users/smkzw/Documents/康哲项目资料/AI/医学经理工作台/implementation/protocol-v3-workbench-mw_protocol_v3_phase0_20260809_111313/config/medical_writing/protocol_v3/templates/tp_ma_07_v2/chapter_contracts/v2_n_4_5.json,configuration,284,f07feb25543f759fa199b0c8f5c59f7dc69258c1ae038b162196ef4444104e22,,inventory_only; causal review in task packets and TAKEOVER_REVIEW
config/medical_writing/protocol_v3/templates/tp_ma_07_v2/chapter_contracts/v2_n_5_1.json,/Users/smkzw/Documents/康哲项目资料/AI/医学经理工作台/implementation/protocol-v3-workbench-mw_protocol_v3_phase0_20260809_111313/config/medical_writing/protocol_v3/templates/tp_ma_07_v2/chapter_contracts/v2_n_5_1.json,configuration,261,00179c88515d8f3458374b66e89fe60771bd18d7afe78d84647cea953bc47076,,inventory_only; causal review in task packets and TAKEOVER_REVIEW
config/medical_writing/protocol_v3/templates/tp_ma_07_v2/chapter_contracts/v2_n_5_2.json,/Users/smkzw/Documents/康哲项目资料/AI/医学经理工作台/implementation/protocol-v3-workbench-mw_protocol_v3_phase0_20260809_111313/config/medical_writing/protocol_v3/templates/tp_ma_07_v2/chapter_contracts/v2_n_5_2.json,configuration,243,435028d671d4f5bd4cb057a15a3736331b60c94826cffac4967bd75c1fed44c4,,inventory_only; causal review in task packets and TAKEOVER_REVIEW
config/medical_writing/protocol_v3/templates/tp_ma_07_v2/chapter_contracts/v2_n_5_3.json,/Users/smkzw/Documents/康哲项目资料/AI/医学经理工作台/implementation/protocol-v3-workbench-mw_protocol_v3_phase0_20260809_111313/config/medical_writing/protocol_v3/templates/tp_ma_07_v2/chapter_contracts/v2_n_5_3.json,configuration,210,a0877169737bccb64058bca0f0ae8ca65ee28f2f7a782bec63f1313665d90bde,,inventory_only; causal review in task packets and TAKEOVER_REVIEW
config/medical_writing/protocol_v3/templates/tp_ma_07_v2/chapter_contracts/v2_n_5_4.json,/Users/smkzw/Documents/康哲项目资料/AI/医学经理工作台/implementation/protocol-v3-workbench-mw_protocol_v3_phase0_20260809_111313/config/medical_writing/protocol_v3/templates/tp_ma_07_v2/chapter_contracts/v2_n_5_4.json,configuration,242,9c3b864ed29312513a4d9168c542d11e852643a2f6b39ced65232c8d40971fc4,,inventory_only; causal review in task packets and TAKEOVER_REVIEW
config/medical_writing/protocol_v3/templates/tp_ma_07_v2/chapter_contracts/v2_n_5_5.json,/Users/smkzw/Documents/康哲项目资料/AI/医学经理工作台/implementation/protocol-v3-workbench-mw_protocol_v3_phase0_20260809_111313/config/medical_writing/protocol_v3/templates/tp_ma_07_v2/chapter_contracts/v2_n_5_5.json,configuration,254,35e23ec0b9e424d2f66af242241245a9121a6da807dfcd33cbacf7abb8581435,,inventory_only; causal review in task packets and TAKEOVER_REVIEW
config/medical_writing/protocol_v3/templates/tp_ma_07_v2/chapter_contracts/v2_n_6_1_1.json,/Users/smkzw/Documents/康哲项目资料/AI/医学经理工作台/implementation/protocol-v3-workbench-mw_protocol_v3_phase0_20260809_111313/config/medical_writing/protocol_v3/templates/tp_ma_07_v2/chapter_contracts/v2_n_6_1_1.json,configuration,150,dfa53a06013230b2bc4890d5a66d56f73bb5c6a4130feefad9c7c0ce2ee57af3,,inventory_only; causal review in task packets and TAKEOVER_REVIEW
config/medical_writing/protocol_v3/templates/tp_ma_07_v2/chapter_contracts/v2_n_6_1_2.json,/Users/smkzw/Documents/康哲项目资料/AI/医学经理工作台/implementation/protocol-v3-workbench-mw_protocol_v3_phase0_20260809_111313/config/medical_writing/protocol_v3/templates/tp_ma_07_v2/chapter_contracts/v2_n_6_1_2.json,configuration,312,0d8b456e6f0022d085095dfbf2dbfe8a6853f1f2e4b681cc3293423a162f5c9b,,inventory_only; causal review in task packets and TAKEOVER_REVIEW
config/medical_writing/protocol_v3/templates/tp_ma_07_v2/chapter_contracts/v2_n_6_2_1.json,/Users/smkzw/Documents/康哲项目资料/AI/医学经理工作台/implementation/protocol-v3-workbench-mw_protocol_v3_phase0_20260809_111313/config/medical_writing/protocol_v3/templates/tp_ma_07_v2/chapter_contracts/v2_n_6_2_1.json,configuration,150,e82b73c1b850b2cd8efa8eed76db9092ec5813522f9de57084802c6531ed9a85,,inventory_only; causal review in task packets and TAKEOVER_REVIEW
config/medical_writing/protocol_v3/templates/tp_ma_07_v2/chapter_contracts/v2_n_6_2_2.json,/Users/smkzw/Documents/康哲项目资料/AI/医学经理工作台/implementation/protocol-v3-workbench-mw_protocol_v3_phase0_20260809_111313/config/medical_writing/protocol_v3/templates/tp_ma_07_v2/chapter_contracts/v2_n_6_2_2.json,configuration,196,59e544ff53ba52e4f53aa249836cea67b0587fc39fbf904e87f48f1966ca79ca,,inventory_only; causal review in task packets and TAKEOVER_REVIEW
config/medical_writing/protocol_v3/templates/tp_ma_07_v2/chapter_contracts/v2_n_6_2_3.json,/Users/smkzw/Documents/康哲项目资料/AI/医学经理工作台/implementation/protocol-v3-workbench-mw_protocol_v3_phase0_20260809_111313/config/medical_writing/protocol_v3/templates/tp_ma_07_v2/chapter_contracts/v2_n_6_2_3.json,configuration,137,7f94d8fa233e1b0485a456e54fb169a178e2a6fa64f8d3102aee7e9911ebfbba,,inventory_only; causal review in task packets and TAKEOVER_REVIEW
config/medical_writing/protocol_v3/templates/tp_ma_07_v2/chapter_contracts/v2_n_6_2_4.json,/Users/smkzw/Documents/康哲项目资料/AI/医学经理工作台/implementation/protocol-v3-workbench-mw_protocol_v3_phase0_20260809_111313/config/medical_writing/protocol_v3/templates/tp_ma_07_v2/chapter_contracts/v2_n_6_2_4.json,configuration,149,4e1ac0ba984b0db3b621a710dabb8e876fa0b592e8658b52ef5800dc7749e5d8,,inventory_only; causal review in task packets and TAKEOVER_REVIEW
config/medical_writing/protocol_v3/templates/tp_ma_07_v2/chapter_contracts/v2_n_6_3.json,/Users/smkzw/Documents/康哲项目资料/AI/医学经理工作台/implementation/protocol-v3-workbench-mw_protocol_v3_phase0_20260809_111313/config/medical_writing/protocol_v3/templates/tp_ma_07_v2/chapter_contracts/v2_n_6_3.json,configuration,167,c57b9a6c821258fdd502bfdcc555031cd0f955bf9c2f1477c1609ce32d9982ef,,inventory_only; causal review in task packets and TAKEOVER_REVIEW
config/medical_writing/protocol_v3/templates/tp_ma_07_v2/chapter_contracts/v2_n_6_4_1.json,/Users/smkzw/Documents/康哲项目资料/AI/医学经理工作台/implementation/protocol-v3-workbench-mw_protocol_v3_phase0_20260809_111313/config/medical_writing/protocol_v3/templates/tp_ma_07_v2/chapter_contracts/v2_n_6_4_1.json,configuration,130,c728d8b230769d612029780f04a100b39ad6831d35e36f6863cedf3a00f665fa,,inventory_only; causal review in task packets and TAKEOVER_REVIEW
config/medical_writing/protocol_v3/templates/tp_ma_07_v2/chapter_contracts/v2_n_6_4_2.json,/Users/smkzw/Documents/康哲项目资料/AI/医学经理工作台/implementation/protocol-v3-workbench-mw_protocol_v3_phase0_20260809_111313/config/medical_writing/protocol_v3/templates/tp_ma_07_v2/chapter_contracts/v2_n_6_4_2.json,configuration,155,51585af888f5ab6e3d05466187f90eb604943f8dce440450193a8e621ff3237d,,inventory_only; causal review in task packets and TAKEOVER_REVIEW
config/medical_writing/protocol_v3/templates/tp_ma_07_v2/chapter_contracts/v2_n_6_4_3.json,/Users/smkzw/Documents/康哲项目资料/AI/医学经理工作台/implementation/protocol-v3-workbench-mw_protocol_v3_phase0_20260809_111313/config/medical_writing/protocol_v3/templates/tp_ma_07_v2/chapter_contracts/v2_n_6_4_3.json,configuration,210,3669bf260c1b910fdf34ea6679f063451c18dd6b36b8e45cad9e878a24736817,,inventory_only; causal review in task packets and TAKEOVER_REVIEW
config/medical_writing/protocol_v3/templates/tp_ma_07_v2/chapter_contracts/v2_n_7_1.json,/Users/smkzw/Documents/康哲项目资料/AI/医学经理工作台/implementation/protocol-v3-workbench-mw_protocol_v3_phase0_20260809_111313/config/medical_writing/protocol_v3/templates/tp_ma_07_v2/chapter_contracts/v2_n_7_1.json,configuration,134,b4ae952097d9a3e9dcd64515d9f45c10d3e2a85077abc7932338ab12921c38e9,,inventory_only; causal review in task packets and TAKEOVER_REVIEW
config/medical_writing/protocol_v3/templates/tp_ma_07_v2/chapter_contracts/v2_n_7_2.json,/Users/smkzw/Documents/康哲项目资料/AI/医学经理工作台/implementation/protocol-v3-workbench-mw_protocol_v3_phase0_20260809_111313/config/medical_writing/protocol_v3/templates/tp_ma_07_v2/chapter_contracts/v2_n_7_2.json,configuration,198,c413bd385b759880233b55ff72a1ea88e00be1d996424b9bdfbf0a2b4d906859,,inventory_only; causal review in task packets and TAKEOVER_REVIEW
config/medical_writing/protocol_v3/templates/tp_ma_07_v2/chapter_contracts/v2_n_7_3.json,/Users/smkzw/Documents/康哲项目资料/AI/医学经理工作台/implementation/protocol-v3-workbench-mw_protocol_v3_phase0_20260809_111313/config/medical_writing/protocol_v3/templates/tp_ma_07_v2/chapter_contracts/v2_n_7_3.json,configuration,204,d3a3c1325db0508610e30bc52946030f36de11ce2fd12dee1270a23a794dafaf,,inventory_only; causal review in task packets and TAKEOVER_REVIEW
config/medical_writing/protocol_v3/templates/tp_ma_07_v2/chapter_contracts/v2_n_8_1.json,/Users/smkzw/Documents/康哲项目资料/AI/医学经理工作台/implementation/protocol-v3-workbench-mw_protocol_v3_phase0_20260809_111313/config/medical_writing/protocol_v3/templates/tp_ma_07_v2/chapter_contracts/v2_n_8_1.json,configuration,303,c1359e2df336d0c5debc9f2fd9c10535a1ac2aff244de57eac2132790749773d,,inventory_only; causal review in task packets and TAKEOVER_REVIEW
config/medical_writing/protocol_v3/templates/tp_ma_07_v2/chapter_contracts/v2_n_8_2.json,/Users/smkzw/Documents/康哲项目资料/AI/医学经理工作台/implementation/protocol-v3-workbench-mw_protocol_v3_phase0_20260809_111313/config/medical_writing/protocol_v3/templates/tp_ma_07_v2/chapter_contracts/v2_n_8_2.json,configuration,262,e8155acbff9a9e7ceb778df96a42054d1e31a8c8afdff503cdc105d7b4a18373,,inventory_only; causal review in task packets and TAKEOVER_REVIEW
config/medical_writing/protocol_v3/templates/tp_ma_07_v2/chapter_contracts/v2_n_8_3.json,/Users/smkzw/Documents/康哲项目资料/AI/医学经理工作台/implementation/protocol-v3-workbench-mw_protocol_v3_phase0_20260809_111313/config/medical_writing/protocol_v3/templates/tp_ma_07_v2/chapter_contracts/v2_n_8_3.json,configuration,215,5db1eb26e43cb0435204c86dcecc9b922802d79b0bf46e1b52d6a6eec1e77ecd,,inventory_only; causal review in task packets and TAKEOVER_REVIEW
config/medical_writing/protocol_v3/templates/tp_ma_07_v2/chapter_contracts/v2_n_9_1.json,/Users/smkzw/Documents/康哲项目资料/AI/医学经理工作台/implementation/protocol-v3-workbench-mw_protocol_v3_phase0_20260809_111313/config/medical_writing/protocol_v3/templates/tp_ma_07_v2/chapter_contracts/v2_n_9_1.json,configuration,247,5366d9520ba4679b12fe419a4092448d3c5168a76efdd8b323348b2681b4f28b,,inventory_only; causal review in task packets and TAKEOVER_REVIEW
config/medical_writing/protocol_v3/templates/tp_ma_07_v2/chapter_contracts/v2_n_9_2.json,/Users/smkzw/Documents/康哲项目资料/AI/医学经理工作台/implementation/protocol-v3-workbench-mw_protocol_v3_phase0_20260809_111313/config/medical_writing/protocol_v3/templates/tp_ma_07_v2/chapter_contracts/v2_n_9_2.json,configuration,303,60c2beb6e2e6aa9a76801ab52bb77debdc5626e031b7e683b63a1e7c7b44b431,,inventory_only; causal review in task packets and TAKEOVER_REVIEW
config/medical_writing/protocol_v3/templates/tp_ma_07_v2/chapter_contracts/v2_n_9_3.json,/Users/smkzw/Documents/康哲项目资料/AI/医学经理工作台/implementation/protocol-v3-workbench-mw_protocol_v3_phase0_20260809_111313/config/medical_writing/protocol_v3/templates/tp_ma_07_v2/chapter_contracts/v2_n_9_3.json,configuration,322,093489845ffa531af50cf0024154fc3a3db1df03ad107d98ea2ce7886efd5aaf,,inventory_only; causal review in task packets and TAKEOVER_REVIEW
config/medical_writing/protocol_v3/templates/tp_ma_07_v2/chapter_contracts/v2_n_9_4.json,/Users/smkzw/Documents/康哲项目资料/AI/医学经理工作台/implementation/protocol-v3-workbench-mw_protocol_v3_phase0_20260809_111313/config/medical_writing/protocol_v3/templates/tp_ma_07_v2/chapter_contracts/v2_n_9_4.json,configuration,186,b0474b670eb63b8bb0c8c7e7ec341dd4c7c44c96829364e9c6f1668720e2d8c4,,inventory_only; causal review in task packets and TAKEOVER_REVIEW
config/medical_writing/protocol_v3/templates/tp_ma_07_v2/chapter_contracts/v2_n_front_1.json,/Users/smkzw/Documents/康哲项目资料/AI/医学经理工作台/implementation/protocol-v3-workbench-mw_protocol_v3_phase0_20260809_111313/config/medical_writing/protocol_v3/templates/tp_ma_07_v2/chapter_contracts/v2_n_front_1.json,configuration,136,1cd6fa417aa1b02951f2063c0aa10a9c7ab6be8798311fcd04c093b7fc112ea6,,inventory_only; causal review in task packets and TAKEOVER_REVIEW
config/medical_writing/protocol_v3/templates/tp_ma_07_v2/chapter_contracts/v2_n_front_2.json,/Users/smkzw/Documents/康哲项目资料/AI/医学经理工作台/implementation/protocol-v3-workbench-mw_protocol_v3_phase0_20260809_111313/config/medical_writing/protocol_v3/templates/tp_ma_07_v2/chapter_contracts/v2_n_front_2.json,configuration,110,8aa97fdce588abc59674b29c7704b7b818d3b9e50c99c3a8d94cd23320fb7d22,,inventory_only; causal review in task packets and TAKEOVER_REVIEW
config/medical_writing/protocol_v3/templates/tp_ma_07_v2/chapter_contracts/v2_n_front_3.json,/Users/smkzw/Documents/康哲项目资料/AI/医学经理工作台/implementation/protocol-v3-workbench-mw_protocol_v3_phase0_20260809_111313/config/medical_writing/protocol_v3/templates/tp_ma_07_v2/chapter_contracts/v2_n_front_3.json,configuration,133,daddc1cbeffee656d3aa137b0c16b5e541a96e294372ced36c6823341054899e,,inventory_only; causal review in task packets and TAKEOVER_REVIEW
config/medical_writing/protocol_v3/templates/tp_ma_07_v2/chapter_contracts/v2_n_front_4.json,/Users/smkzw/Documents/康哲项目资料/AI/医学经理工作台/implementation/protocol-v3-workbench-mw_protocol_v3_phase0_20260809_111313/config/medical_writing/protocol_v3/templates/tp_ma_07_v2/chapter_contracts/v2_n_front_4.json,configuration,136,c0648f5efa75655c2570ee92bf66ee34146b08b39a05eb9f6ebd82d1702632fd,,inventory_only; causal review in task packets and TAKEOVER_REVIEW
config/medical_writing/protocol_v3/templates/tp_ma_07_v2/chapter_contracts/v2_n_front_5.json,/Users/smkzw/Documents/康哲项目资料/AI/医学经理工作台/implementation/protocol-v3-workbench-mw_protocol_v3_phase0_20260809_111313/config/medical_writing/protocol_v3/templates/tp_ma_07_v2/chapter_contracts/v2_n_front_5.json,configuration,110,91e8e092663ceb30595f52ac96f43444c974861b5373689ba105896bb9bfd273,,inventory_only; causal review in task packets and TAKEOVER_REVIEW
config/medical_writing/protocol_v3/templates/tp_ma_07_v2/chapter_contracts/v2_n_front_6.json,/Users/smkzw/Documents/康哲项目资料/AI/医学经理工作台/implementation/protocol-v3-workbench-mw_protocol_v3_phase0_20260809_111313/config/medical_writing/protocol_v3/templates/tp_ma_07_v2/chapter_contracts/v2_n_front_6.json,configuration,98,f0bbcc53bd15a3297fb05361463fb9972bfc381ce48139b819b9c16fa6cae287,,inventory_only; causal review in task packets and TAKEOVER_REVIEW
config/medical_writing/protocol_v3/templates/tp_ma_07_v2/chapter_contracts/v2_n_front_7.json,/Users/smkzw/Documents/康哲项目资料/AI/医学经理工作台/implementation/protocol-v3-workbench-mw_protocol_v3_phase0_20260809_111313/config/medical_writing/protocol_v3/templates/tp_ma_07_v2/chapter_contracts/v2_n_front_7.json,configuration,98,99e8fb12b99057a5646537e671ee51ab606b94c9b96cd93261aa8554545baa22,,inventory_only; causal review in task packets and TAKEOVER_REVIEW
config/medical_writing/protocol_v3/templates/tp_ma_07_v2/chapter_contracts/v2_n_front_8.json,/Users/smkzw/Documents/康哲项目资料/AI/医学经理工作台/implementation/protocol-v3-workbench-mw_protocol_v3_phase0_20260809_111313/config/medical_writing/protocol_v3/templates/tp_ma_07_v2/chapter_contracts/v2_n_front_8.json,configuration,114,961900787315f12255425b953b824535ca181c4fd9b653f0ffb2a31dc72437fe,,inventory_only; causal review in task packets and TAKEOVER_REVIEW
config/medical_writing/protocol_v3/templates/tp_ma_07_v2/chapter_skills/v2_front_block.json,/Users/smkzw/Documents/康哲项目资料/AI/医学经理工作台/implementation/protocol-v3-workbench-mw_protocol_v3_phase0_20260809_111313/config/medical_writing/protocol_v3/templates/tp_ma_07_v2/chapter_skills/v2_front_block.json,configuration,32,dd3e2df2725645af21d7e68b19575ddefb1ffdf09e01b6a420c991c01edb9e1a,,inventory_only; causal review in task packets and TAKEOVER_REVIEW
config/medical_writing/protocol_v3/templates/tp_ma_07_v2/chapter_skills/v2_n_10_1_1.json,/Users/smkzw/Documents/康哲项目资料/AI/医学经理工作台/implementation/protocol-v3-workbench-mw_protocol_v3_phase0_20260809_111313/config/medical_writing/protocol_v3/templates/tp_ma_07_v2/chapter_skills/v2_n_10_1_1.json,configuration,32,a1a27628462b90643bbfe8adc6bdc1e465cfc136aadcd287385fe8a1a17ca1d0,,inventory_only; causal review in task packets and TAKEOVER_REVIEW
config/medical_writing/protocol_v3/templates/tp_ma_07_v2/chapter_skills/v2_n_10_1_2.json,/Users/smkzw/Documents/康哲项目资料/AI/医学经理工作台/implementation/protocol-v3-workbench-mw_protocol_v3_phase0_20260809_111313/config/medical_writing/protocol_v3/templates/tp_ma_07_v2/chapter_skills/v2_n_10_1_2.json,configuration,32,4bbef6243bc0006f230f8ae7f72252bb59259d386c7400b43f0d3b56d48186e8,,inventory_only; causal review in task packets and TAKEOVER_REVIEW
config/medical_writing/protocol_v3/templates/tp_ma_07_v2/chapter_skills/v2_n_10_1_3.json,/Users/smkzw/Documents/康哲项目资料/AI/医学经理工作台/implementation/protocol-v3-workbench-mw_protocol_v3_phase0_20260809_111313/config/medical_writing/protocol_v3/templates/tp_ma_07_v2/chapter_skills/v2_n_10_1_3.json,configuration,32,76063808c060d0c553730ce913ba58effc4581baa159d64069ebccf46cb0412e,,inventory_only; causal review in task packets and TAKEOVER_REVIEW
config/medical_writing/protocol_v3/templates/tp_ma_07_v2/chapter_skills/v2_n_10_1_4.json,/Users/smkzw/Documents/康哲项目资料/AI/医学经理工作台/implementation/protocol-v3-workbench-mw_protocol_v3_phase0_20260809_111313/config/medical_writing/protocol_v3/templates/tp_ma_07_v2/chapter_skills/v2_n_10_1_4.json,configuration,32,cd6f8d3b19d588c10884d7c6a4dcc7b8dcf42475fc62600a44a9f95d57b70b66,,inventory_only; causal review in task packets and TAKEOVER_REVIEW
config/medical_writing/protocol_v3/templates/tp_ma_07_v2/chapter_skills/v2_n_10_1_5.json,/Users/smkzw/Documents/康哲项目资料/AI/医学经理工作台/implementation/protocol-v3-workbench-mw_protocol_v3_phase0_20260809_111313/config/medical_writing/protocol_v3/templates/tp_ma_07_v2/chapter_skills/v2_n_10_1_5.json,configuration,32,c92a4a145d5d799c36c81026498fe9f497d70241ebb29a6ea07e55413c857ea1,,inventory_only; causal review in task packets and TAKEOVER_REVIEW
config/medical_writing/protocol_v3/templates/tp_ma_07_v2/chapter_skills/v2_n_10_1_6.json,/Users/smkzw/Documents/康哲项目资料/AI/医学经理工作台/implementation/protocol-v3-workbench-mw_protocol_v3_phase0_20260809_111313/config/medical_writing/protocol_v3/templates/tp_ma_07_v2/chapter_skills/v2_n_10_1_6.json,configuration,32,882451783ebcd04d947912ea84fc450b30a6bdfe0810e1054275f49cf2169db6,,inventory_only; causal review in task packets and TAKEOVER_REVIEW
config/medical_writing/protocol_v3/templates/tp_ma_07_v2/chapter_skills/v2_n_10_2_1.json,/Users/smkzw/Documents/康哲项目资料/AI/医学经理工作台/implementation/protocol-v3-workbench-mw_protocol_v3_phase0_20260809_111313/config/medical_writing/protocol_v3/templates/tp_ma_07_v2/chapter_skills/v2_n_10_2_1.json,configuration,32,b298de496cf93babacb6b2be06fc5649072f7ef38440b0f36ce011f79c46f95e,,inventory_only; causal review in task packets and TAKEOVER_REVIEW
config/medical_writing/protocol_v3/templates/tp_ma_07_v2/chapter_skills/v2_n_10_2_2.json,/Users/smkzw/Documents/康哲项目资料/AI/医学经理工作台/implementation/protocol-v3-workbench-mw_protocol_v3_phase0_20260809_111313/config/medical_writing/protocol_v3/templates/tp_ma_07_v2/chapter_skills/v2_n_10_2_2.json,configuration,32,1ebd0e23d95b30f39ae194659ee27f0dc6f9d8f4259256d61d55f37978c227ab,,inventory_only; causal review in task packets and TAKEOVER_REVIEW
config/medical_writing/protocol_v3/templates/tp_ma_07_v2/chapter_skills/v2_n_10_2_3.json,/Users/smkzw/Documents/康哲项目资料/AI/医学经理工作台/implementation/protocol-v3-workbench-mw_protocol_v3_phase0_20260809_111313/config/medical_writing/protocol_v3/templates/tp_ma_07_v2/chapter_skills/v2_n_10_2_3.json,configuration,32,e03de7c5a17217626752f4b4ade3a01b41f54f06c4784916de0d55444efca902,,inventory_only; causal review in task packets and TAKEOVER_REVIEW
config/medical_writing/protocol_v3/templates/tp_ma_07_v2/chapter_skills/v2_n_10_3_1.json,/Users/smkzw/Documents/康哲项目资料/AI/医学经理工作台/implementation/protocol-v3-workbench-mw_protocol_v3_phase0_20260809_111313/config/medical_writing/protocol_v3/templates/tp_ma_07_v2/chapter_skills/v2_n_10_3_1.json,configuration,32,b21c0c4e29993f1eccf0f063ac44419da34780dbe735c2490713573e31dc87f9,,inventory_only; causal review in task packets and TAKEOVER_REVIEW
config/medical_writing/protocol_v3/templates/tp_ma_07_v2/chapter_skills/v2_n_10_3_2.json,/Users/smkzw/Documents/康哲项目资料/AI/医学经理工作台/implementation/protocol-v3-workbench-mw_protocol_v3_phase0_20260809_111313/config/medical_writing/protocol_v3/templates/tp_ma_07_v2/chapter_skills/v2_n_10_3_2.json,configuration,32,9b34b6174163476961791db0270145e1076fbcfdcb801526754d6b39dae33ba5,,inventory_only; causal review in task packets and TAKEOVER_REVIEW
config/medical_writing/protocol_v3/templates/tp_ma_07_v2/chapter_skills/v2_n_10_3_3.json,/Users/smkzw/Documents/康哲项目资料/AI/医学经理工作台/implementation/protocol-v3-workbench-mw_protocol_v3_phase0_20260809_111313/config/medical_writing/protocol_v3/templates/tp_ma_07_v2/chapter_skills/v2_n_10_3_3.json,configuration,32,487fa60efd7516294b18769f0dd37a9ab1abea351d5c8bdfab72af7adfb6ea87,,inventory_only; causal review in task packets and TAKEOVER_REVIEW
config/medical_writing/protocol_v3/templates/tp_ma_07_v2/chapter_skills/v2_n_10_4.json,/Users/smkzw/Documents/康哲项目资料/AI/医学经理工作台/implementation/protocol-v3-workbench-mw_protocol_v3_phase0_20260809_111313/config/medical_writing/protocol_v3/templates/tp_ma_07_v2/chapter_skills/v2_n_10_4.json,configuration,32,4c73c065460673f4551b58de220052605f955b5cc146672fc021df438afe15aa,,inventory_only; causal review in task packets and TAKEOVER_REVIEW
config/medical_writing/protocol_v3/templates/tp_ma_07_v2/chapter_skills/v2_n_10_5.json,/Users/smkzw/Documents/康哲项目资料/AI/医学经理工作台/implementation/protocol-v3-workbench-mw_protocol_v3_phase0_20260809_111313/config/medical_writing/protocol_v3/templates/tp_ma_07_v2/chapter_skills/v2_n_10_5.json,configuration,32,82c507dc2feb84ab34c4a232d8864b1e745964ac92c3089278796f574a8052fa,,inventory_only; causal review in task packets and TAKEOVER_REVIEW
config/medical_writing/protocol_v3/templates/tp_ma_07_v2/chapter_skills/v2_n_10_6.json,/Users/smkzw/Documents/康哲项目资料/AI/医学经理工作台/implementation/protocol-v3-workbench-mw_protocol_v3_phase0_20260809_111313/config/medical_writing/protocol_v3/templates/tp_ma_07_v2/chapter_skills/v2_n_10_6.json,configuration,32,fe41a3b4b5479aaa5ac7b1003b13b7181a883f06aef7d58c0a45f0f6e8f2658f,,inventory_only; causal review in task packets and TAKEOVER_REVIEW
config/medical_writing/protocol_v3/templates/tp_ma_07_v2/chapter_skills/v2_n_11_1.json,/Users/smkzw/Documents/康哲项目资料/AI/医学经理工作台/implementation/protocol-v3-workbench-mw_protocol_v3_phase0_20260809_111313/config/medical_writing/protocol_v3/templates/tp_ma_07_v2/chapter_skills/v2_n_11_1.json,configuration,35,a700c9617d3470c9f7f27a566bd70a90de7b47c0371b62375714d061c7c49b0f,,inventory_only; causal review in task packets and TAKEOVER_REVIEW
config/medical_writing/protocol_v3/templates/tp_ma_07_v2/chapter_skills/v2_n_11_2.json,/Users/smkzw/Documents/康哲项目资料/AI/医学经理工作台/implementation/protocol-v3-workbench-mw_protocol_v3_phase0_20260809_111313/config/medical_writing/protocol_v3/templates/tp_ma_07_v2/chapter_skills/v2_n_11_2.json,configuration,34,582b30ed8a5f62bfbab81750913f9bb46de9a5262e902561b895417daa782d61,,inventory_only; causal review in task packets and TAKEOVER_REVIEW
config/medical_writing/protocol_v3/templates/tp_ma_07_v2/chapter_skills/v2_n_11_3.json,/Users/smkzw/Documents/康哲项目资料/AI/医学经理工作台/implementation/protocol-v3-workbench-mw_protocol_v3_phase0_20260809_111313/config/medical_writing/protocol_v3/templates/tp_ma_07_v2/chapter_skills/v2_n_11_3.json,configuration,35,1e961fb370110d9b37965d9f9d8af34933482b252d5a961ff0bfa1f59ef6c027,,inventory_only; causal review in task packets and TAKEOVER_REVIEW
config/medical_writing/protocol_v3/templates/tp_ma_07_v2/chapter_skills/v2_n_11_4_1.json,/Users/smkzw/Documents/康哲项目资料/AI/医学经理工作台/implementation/protocol-v3-workbench-mw_protocol_v3_phase0_20260809_111313/config/medical_writing/protocol_v3/templates/tp_ma_07_v2/chapter_skills/v2_n_11_4_1.json,configuration,34,c958babf1e6b5ac614872c451894b1f866b9459ef86215eaff94339debb68513,,inventory_only; causal review in task packets and TAKEOVER_REVIEW
config/medical_writing/protocol_v3/templates/tp_ma_07_v2/chapter_skills/v2_n_11_4_2.json,/Users/smkzw/Documents/康哲项目资料/AI/医学经理工作台/implementation/protocol-v3-workbench-mw_protocol_v3_phase0_20260809_111313/config/medical_writing/protocol_v3/templates/tp_ma_07_v2/chapter_skills/v2_n_11_4_2.json,configuration,34,54a6befa6ec692ca57a8a94cce80998b301c58302208ea6e0a3c3c62702dc0e6,,inventory_only; causal review in task packets and TAKEOVER_REVIEW
config/medical_writing/protocol_v3/templates/tp_ma_07_v2/chapter_skills/v2_n_11_4_3_1.json,/Users/smkzw/Documents/康哲项目资料/AI/医学经理工作台/implementation/protocol-v3-workbench-mw_protocol_v3_phase0_20260809_111313/config/medical_writing/protocol_v3/templates/tp_ma_07_v2/chapter_skills/v2_n_11_4_3_1.json,configuration,35,87ae469feb78b1b5540f09e3da4c31320d24e0b8452e7e152b1f7aff3335147d,,inventory_only; causal review in task packets and TAKEOVER_REVIEW
config/medical_writing/protocol_v3/templates/tp_ma_07_v2/chapter_skills/v2_n_11_4_3_2.json,/Users/smkzw/Documents/康哲项目资料/AI/医学经理工作台/implementation/protocol-v3-workbench-mw_protocol_v3_phase0_20260809_111313/config/medical_writing/protocol_v3/templates/tp_ma_07_v2/chapter_skills/v2_n_11_4_3_2.json,configuration,35,4df55cec0994826666c363cb6169c0204fb6796dea0150c0d22e3a27d97bb11d,,inventory_only; causal review in task packets and TAKEOVER_REVIEW
config/medical_writing/protocol_v3/templates/tp_ma_07_v2/chapter_skills/v2_n_11_4_4.json,/Users/smkzw/Documents/康哲项目资料/AI/医学经理工作台/implementation/protocol-v3-workbench-mw_protocol_v3_phase0_20260809_111313/config/medical_writing/protocol_v3/templates/tp_ma_07_v2/chapter_skills/v2_n_11_4_4.json,configuration,34,5c98dc28b3ddfdbfb326b32a624ce3f2136e76ddb31be590b9f30255c724056b,,inventory_only; causal review in task packets and TAKEOVER_REVIEW
config/medical_writing/protocol_v3/templates/tp_ma_07_v2/chapter_skills/v2_n_11_4_5.json,/Users/smkzw/Documents/康哲项目资料/AI/医学经理工作台/implementation/protocol-v3-workbench-mw_protocol_v3_phase0_20260809_111313/config/medical_writing/protocol_v3/templates/tp_ma_07_v2/chapter_skills/v2_n_11_4_5.json,configuration,34,1a0e1ca07d13501e98975d846d72d93e0f0a4faa1ff82f945494fc9e832dd6fb,,inventory_only; causal review in task packets and TAKEOVER_REVIEW
config/medical_writing/protocol_v3/templates/tp_ma_07_v2/chapter_skills/v2_n_11_4_6.json,/Users/smkzw/Documents/康哲项目资料/AI/医学经理工作台/implementation/protocol-v3-workbench-mw_protocol_v3_phase0_20260809_111313/config/medical_writing/protocol_v3/templates/tp_ma_07_v2/chapter_skills/v2_n_11_4_6.json,configuration,35,dbe6eb41a5067e3ce9faca698f8b73f6a841a14ba49aa02f6fab4d4c7e15be82,,inventory_only; causal review in task packets and TAKEOVER_REVIEW
config/medical_writing/protocol_v3/templates/tp_ma_07_v2/chapter_skills/v2_n_11_4_7.json,/Users/smkzw/Documents/康哲项目资料/AI/医学经理工作台/implementation/protocol-v3-workbench-mw_protocol_v3_phase0_20260809_111313/config/medical_writing/protocol_v3/templates/tp_ma_07_v2/chapter_skills/v2_n_11_4_7.json,configuration,34,1e588e4a4d3aad30e3f456281d32e99a9d763378de9e22490074783364e70c43,,inventory_only; causal review in task packets and TAKEOVER_REVIEW
config/medical_writing/protocol_v3/templates/tp_ma_07_v2/chapter_skills/v2_n_11_4_8.json,/Users/smkzw/Documents/康哲项目资料/AI/医学经理工作台/implementation/protocol-v3-workbench-mw_protocol_v3_phase0_20260809_111313/config/medical_writing/protocol_v3/templates/tp_ma_07_v2/chapter_skills/v2_n_11_4_8.json,configuration,34,188c91d534dc9fa38ae3b2bcceb4c68974e09b5af500102ae25939cd8328e22f,,inventory_only; causal review in task packets and TAKEOVER_REVIEW
config/medical_writing/protocol_v3/templates/tp_ma_07_v2/chapter_skills/v2_n_11_4_9.json,/Users/smkzw/Documents/康哲项目资料/AI/医学经理工作台/implementation/protocol-v3-workbench-mw_protocol_v3_phase0_20260809_111313/config/medical_writing/protocol_v3/templates/tp_ma_07_v2/chapter_skills/v2_n_11_4_9.json,configuration,34,cd659b1523c89bd3a9dbd14d7553c169f1c5b497fba61a39caa4d6f0979db5d9,,inventory_only; causal review in task packets and TAKEOVER_REVIEW
config/medical_writing/protocol_v3/templates/tp_ma_07_v2/chapter_skills/v2_n_12_1.json,/Users/smkzw/Documents/康哲项目资料/AI/医学经理工作台/implementation/protocol-v3-workbench-mw_protocol_v3_phase0_20260809_111313/config/medical_writing/protocol_v3/templates/tp_ma_07_v2/chapter_skills/v2_n_12_1.json,configuration,31,a66b9be7b4872fd79e4b91d27f1d5914cd89fda24957ba2055e2117bab8d703a,,inventory_only; causal review in task packets and TAKEOVER_REVIEW
config/medical_writing/protocol_v3/templates/tp_ma_07_v2/chapter_skills/v2_n_12_2.json,/Users/smkzw/Documents/康哲项目资料/AI/医学经理工作台/implementation/protocol-v3-workbench-mw_protocol_v3_phase0_20260809_111313/config/medical_writing/protocol_v3/templates/tp_ma_07_v2/chapter_skills/v2_n_12_2.json,configuration,31,50ff22f65820ecc66ff9c40f568af2a403e84a8f8a4b78a5613b874949d4bd86,,inventory_only; causal review in task packets and TAKEOVER_REVIEW
config/medical_writing/protocol_v3/templates/tp_ma_07_v2/chapter_skills/v2_n_12_3.json,/Users/smkzw/Documents/康哲项目资料/AI/医学经理工作台/implementation/protocol-v3-workbench-mw_protocol_v3_phase0_20260809_111313/config/medical_writing/protocol_v3/templates/tp_ma_07_v2/chapter_skills/v2_n_12_3.json,configuration,31,2b133f3d27889d6633a809927539d3d4e415a54665a06dec29e977fae3a26fdd,,inventory_only; causal review in task packets and TAKEOVER_REVIEW
config/medical_writing/protocol_v3/templates/tp_ma_07_v2/chapter_skills/v2_n_12_4.json,/Users/smkzw/Documents/康哲项目资料/AI/医学经理工作台/implementation/protocol-v3-workbench-mw_protocol_v3_phase0_20260809_111313/config/medical_writing/protocol_v3/templates/tp_ma_07_v2/chapter_skills/v2_n_12_4.json,configuration,31,b043a9f03b83f7242b605f36b4fdbf3a015ffe995529a105af9c77f98d40db21,,inventory_only; causal review in task packets and TAKEOVER_REVIEW
config/medical_writing/protocol_v3/templates/tp_ma_07_v2/chapter_skills/v2_n_12_5.json,/Users/smkzw/Documents/康哲项目资料/AI/医学经理工作台/implementation/protocol-v3-workbench-mw_protocol_v3_phase0_20260809_111313/config/medical_writing/protocol_v3/templates/tp_ma_07_v2/chapter_skills/v2_n_12_5.json,configuration,31,f622d8d48d746820b14ba6ab84e857a10c2758741fff4ffb6ba8d1bf428a7840,,inventory_only; causal review in task packets and TAKEOVER_REVIEW
config/medical_writing/protocol_v3/templates/tp_ma_07_v2/chapter_skills/v2_n_12_6.json,/Users/smkzw/Documents/康哲项目资料/AI/医学经理工作台/implementation/protocol-v3-workbench-mw_protocol_v3_phase0_20260809_111313/config/medical_writing/protocol_v3/templates/tp_ma_07_v2/chapter_skills/v2_n_12_6.json,configuration,31,01bb1a63a4ee926e03ef0dde0bc26b1dcdf40639d159ff2b57b09554944276af,,inventory_only; causal review in task packets and TAKEOVER_REVIEW
config/medical_writing/protocol_v3/templates/tp_ma_07_v2/chapter_skills/v2_n_12_7.json,/Users/smkzw/Documents/康哲项目资料/AI/医学经理工作台/implementation/protocol-v3-workbench-mw_protocol_v3_phase0_20260809_111313/config/medical_writing/protocol_v3/templates/tp_ma_07_v2/chapter_skills/v2_n_12_7.json,configuration,31,d0ad0a2109b112520b6b75f730c3f91ef816550384b059634599060a04688eeb,,inventory_only; causal review in task packets and TAKEOVER_REVIEW
config/medical_writing/protocol_v3/templates/tp_ma_07_v2/chapter_skills/v2_n_12_8.json,/Users/smkzw/Documents/康哲项目资料/AI/医学经理工作台/implementation/protocol-v3-workbench-mw_protocol_v3_phase0_20260809_111313/config/medical_writing/protocol_v3/templates/tp_ma_07_v2/chapter_skills/v2_n_12_8.json,configuration,31,1d3831bb9a2887d81495ad71d3cc129e43e7dc35b7b7f40c7ff6e8b9b763d1c2,,inventory_only; causal review in task packets and TAKEOVER_REVIEW
config/medical_writing/protocol_v3/templates/tp_ma_07_v2/chapter_skills/v2_n_12_9.json,/Users/smkzw/Documents/康哲项目资料/AI/医学经理工作台/implementation/protocol-v3-workbench-mw_protocol_v3_phase0_20260809_111313/config/medical_writing/protocol_v3/templates/tp_ma_07_v2/chapter_skills/v2_n_12_9.json,configuration,31,b96c4c19f1f8e9c14f5f7e06da0eb47fd26cbdff756e19a87aee32ca5d73d36b,,inventory_only; causal review in task packets and TAKEOVER_REVIEW
config/medical_writing/protocol_v3/templates/tp_ma_07_v2/chapter_skills/v2_n_13_1.json,/Users/smkzw/Documents/康哲项目资料/AI/医学经理工作台/implementation/protocol-v3-workbench-mw_protocol_v3_phase0_20260809_111313/config/medical_writing/protocol_v3/templates/tp_ma_07_v2/chapter_skills/v2_n_13_1.json,configuration,31,021e8dafcc392bee99a614be849e78bc20b57b4c39c456f326022f63a14f9c70,,inventory_only; causal review in task packets and TAKEOVER_REVIEW
config/medical_writing/protocol_v3/templates/tp_ma_07_v2/chapter_skills/v2_n_13_2.json,/Users/smkzw/Documents/康哲项目资料/AI/医学经理工作台/implementation/protocol-v3-workbench-mw_protocol_v3_phase0_20260809_111313/config/medical_writing/protocol_v3/templates/tp_ma_07_v2/chapter_skills/v2_n_13_2.json,configuration,31,f4834de52c8ebc07076596b1c835639688ae491598719ca7da6979f52ba25dc8,,inventory_only; causal review in task packets and TAKEOVER_REVIEW
config/medical_writing/protocol_v3/templates/tp_ma_07_v2/chapter_skills/v2_n_13_3.json,/Users/smkzw/Documents/康哲项目资料/AI/医学经理工作台/implementation/protocol-v3-workbench-mw_protocol_v3_phase0_20260809_111313/config/medical_writing/protocol_v3/templates/tp_ma_07_v2/chapter_skills/v2_n_13_3.json,configuration,31,76432132b725a50e620300645ee4858d1193f0a7d9a7f4f1ebe6cf0bc2960f13,,inventory_only; causal review in task packets and TAKEOVER_REVIEW
config/medical_writing/protocol_v3/templates/tp_ma_07_v2/chapter_skills/v2_n_13_4.json,/Users/smkzw/Documents/康哲项目资料/AI/医学经理工作台/implementation/protocol-v3-workbench-mw_protocol_v3_phase0_20260809_111313/config/medical_writing/protocol_v3/templates/tp_ma_07_v2/chapter_skills/v2_n_13_4.json,configuration,31,05776bd94e0152f269cc82a4d004a326de02362c3a28aa28754618e3f431cebe,,inventory_only; causal review in task packets and TAKEOVER_REVIEW
config/medical_writing/protocol_v3/templates/tp_ma_07_v2/chapter_skills/v2_n_14_1.json,/Users/smkzw/Documents/康哲项目资料/AI/医学经理工作台/implementation/protocol-v3-workbench-mw_protocol_v3_phase0_20260809_111313/config/medical_writing/protocol_v3/templates/tp_ma_07_v2/chapter_skills/v2_n_14_1.json,configuration,31,704f9e59d71a4683c6fb5e642a8e92179ddee0475678c814f2b17acb7755a4e9,,inventory_only; causal review in task packets and TAKEOVER_REVIEW
config/medical_writing/protocol_v3/templates/tp_ma_07_v2/chapter_skills/v2_n_14_2.json,/Users/smkzw/Documents/康哲项目资料/AI/医学经理工作台/implementation/protocol-v3-workbench-mw_protocol_v3_phase0_20260809_111313/config/medical_writing/protocol_v3/templates/tp_ma_07_v2/chapter_skills/v2_n_14_2.json,configuration,31,8f131914efe51075e6f86ed22e460f8cd76224d19dee688bd65bd7d3b43e2ed5,,inventory_only; causal review in task packets and TAKEOVER_REVIEW
config/medical_writing/protocol_v3/templates/tp_ma_07_v2/chapter_skills/v2_n_14_3.json,/Users/smkzw/Documents/康哲项目资料/AI/医学经理工作台/implementation/protocol-v3-workbench-mw_protocol_v3_phase0_20260809_111313/config/medical_writing/protocol_v3/templates/tp_ma_07_v2/chapter_skills/v2_n_14_3.json,configuration,31,9ae054c1ad46a4739e273c3f3316135db306152dd28956b3b4deffc44d0f2f9c,,inventory_only; causal review in task packets and TAKEOVER_REVIEW
config/medical_writing/protocol_v3/templates/tp_ma_07_v2/chapter_skills/v2_n_14_4.json,/Users/smkzw/Documents/康哲项目资料/AI/医学经理工作台/implementation/protocol-v3-workbench-mw_protocol_v3_phase0_20260809_111313/config/medical_writing/protocol_v3/templates/tp_ma_07_v2/chapter_skills/v2_n_14_4.json,configuration,31,e616491de83f75da1e53ea60a058f547689f9b8f1ef81e18bf1965b135a07903,,inventory_only; causal review in task packets and TAKEOVER_REVIEW
config/medical_writing/protocol_v3/templates/tp_ma_07_v2/chapter_skills/v2_n_14_5.json,/Users/smkzw/Documents/康哲项目资料/AI/医学经理工作台/implementation/protocol-v3-workbench-mw_protocol_v3_phase0_20260809_111313/config/medical_writing/protocol_v3/templates/tp_ma_07_v2/chapter_skills/v2_n_14_5.json,configuration,31,12ca9df0d50fdfc6c153be9360ebfe7d23713860570dd0878314cb3d2c8b4d23,,inventory_only; causal review in task packets and TAKEOVER_REVIEW
config/medical_writing/protocol_v3/templates/tp_ma_07_v2/chapter_skills/v2_n_14_6.json,/Users/smkzw/Documents/康哲项目资料/AI/医学经理工作台/implementation/protocol-v3-workbench-mw_protocol_v3_phase0_20260809_111313/config/medical_writing/protocol_v3/templates/tp_ma_07_v2/chapter_skills/v2_n_14_6.json,configuration,31,70a0e27b9abe8cfd7e9d5e9a6ddbec01f412f8ee1bca5c8a285af6dfc4be6b95,,inventory_only; causal review in task packets and TAKEOVER_REVIEW
config/medical_writing/protocol_v3/templates/tp_ma_07_v2/chapter_skills/v2_n_14_7.json,/Users/smkzw/Documents/康哲项目资料/AI/医学经理工作台/implementation/protocol-v3-workbench-mw_protocol_v3_phase0_20260809_111313/config/medical_writing/protocol_v3/templates/tp_ma_07_v2/chapter_skills/v2_n_14_7.json,configuration,31,b41d4323226e6fa1595aec0be43bc76b4e0eba814fcbda97eb0dbd390a9a485a,,inventory_only; causal review in task packets and TAKEOVER_REVIEW
config/medical_writing/protocol_v3/templates/tp_ma_07_v2/chapter_skills/v2_n_15.json,/Users/smkzw/Documents/康哲项目资料/AI/医学经理工作台/implementation/protocol-v3-workbench-mw_protocol_v3_phase0_20260809_111313/config/medical_writing/protocol_v3/templates/tp_ma_07_v2/chapter_skills/v2_n_15.json,configuration,31,5542b1ead3dcbdb0cef972c6914cd88e077591dca515e1cdd09f9772689fab69,,inventory_only; causal review in task packets and TAKEOVER_REVIEW
config/medical_writing/protocol_v3/templates/tp_ma_07_v2/chapter_skills/v2_n_16.json,/Users/smkzw/Documents/康哲项目资料/AI/医学经理工作台/implementation/protocol-v3-workbench-mw_protocol_v3_phase0_20260809_111313/config/medical_writing/protocol_v3/templates/tp_ma_07_v2/chapter_skills/v2_n_16.json,configuration,31,d9453c037769450ebde7a6c18697bf0e0d7d3bbdd674e0d87ac0fc0b170ccb5d,,inventory_only; causal review in task packets and TAKEOVER_REVIEW
config/medical_writing/protocol_v3/templates/tp_ma_07_v2/chapter_skills/v2_n_16_x1.json,/Users/smkzw/Documents/康哲项目资料/AI/医学经理工作台/implementation/protocol-v3-workbench-mw_protocol_v3_phase0_20260809_111313/config/medical_writing/protocol_v3/templates/tp_ma_07_v2/chapter_skills/v2_n_16_x1.json,configuration,31,6f6320baaf09051fdc5dac43f6441fdfcde366c2ae6ee05c534e95ba74418614,,inventory_only; causal review in task packets and TAKEOVER_REVIEW
config/medical_writing/protocol_v3/templates/tp_ma_07_v2/chapter_skills/v2_n_16_x2.json,/Users/smkzw/Documents/康哲项目资料/AI/医学经理工作台/implementation/protocol-v3-workbench-mw_protocol_v3_phase0_20260809_111313/config/medical_writing/protocol_v3/templates/tp_ma_07_v2/chapter_skills/v2_n_16_x2.json,configuration,31,913f62b69525e909cefa17739c04f29be7d7b319ca8a539f24ff5570ed09d8ed,,inventory_only; causal review in task packets and TAKEOVER_REVIEW
config/medical_writing/protocol_v3/templates/tp_ma_07_v2/chapter_skills/v2_n_16_x3.json,/Users/smkzw/Documents/康哲项目资料/AI/医学经理工作台/implementation/protocol-v3-workbench-mw_protocol_v3_phase0_20260809_111313/config/medical_writing/protocol_v3/templates/tp_ma_07_v2/chapter_skills/v2_n_16_x3.json,configuration,31,8028e795b2a7e1e209e5f54c9cb1a9d11b4912c13abfa5bfae98c0424a50fb51,,inventory_only; causal review in task packets and TAKEOVER_REVIEW
config/medical_writing/protocol_v3/templates/tp_ma_07_v2/chapter_skills/v2_n_1_1.json,/Users/smkzw/Documents/康哲项目资料/AI/医学经理工作台/implementation/protocol-v3-workbench-mw_protocol_v3_phase0_20260809_111313/config/medical_writing/protocol_v3/templates/tp_ma_07_v2/chapter_skills/v2_n_1_1.json,configuration,33,3a893a475a5218837add257578529d1ad682701fd107677cf56c58bbe01b5643,,inventory_only; causal review in task packets and TAKEOVER_REVIEW
config/medical_writing/protocol_v3/templates/tp_ma_07_v2/chapter_skills/v2_n_1_2.json,/Users/smkzw/Documents/康哲项目资料/AI/医学经理工作台/implementation/protocol-v3-workbench-mw_protocol_v3_phase0_20260809_111313/config/medical_writing/protocol_v3/templates/tp_ma_07_v2/chapter_skills/v2_n_1_2.json,configuration,36,ef498fba7f378fe3edee7a69b26bae1242cc12711d1d3dd8955f1f370fa2f45c,,inventory_only; causal review in task packets and TAKEOVER_REVIEW
config/medical_writing/protocol_v3/templates/tp_ma_07_v2/chapter_skills/v2_n_1_3.json,/Users/smkzw/Documents/康哲项目资料/AI/医学经理工作台/implementation/protocol-v3-workbench-mw_protocol_v3_phase0_20260809_111313/config/medical_writing/protocol_v3/templates/tp_ma_07_v2/chapter_skills/v2_n_1_3.json,configuration,32,629020253c54381aadd4849f9c04bd4de14057ce53217aec8793dddc2fc268ca,,inventory_only; causal review in task packets and TAKEOVER_REVIEW
config/medical_writing/protocol_v3/templates/tp_ma_07_v2/chapter_skills/v2_n_2_1.json,/Users/smkzw/Documents/康哲项目资料/AI/医学经理工作台/implementation/protocol-v3-workbench-mw_protocol_v3_phase0_20260809_111313/config/medical_writing/protocol_v3/templates/tp_ma_07_v2/chapter_skills/v2_n_2_1.json,configuration,29,7c4c2ecc7cfeb0cab7fc1ab86f01668e3b9353e14dc62e305eac787b80b7f5e8,,inventory_only; causal review in task packets and TAKEOVER_REVIEW
config/medical_writing/protocol_v3/templates/tp_ma_07_v2/chapter_skills/v2_n_2_2_1.json,/Users/smkzw/Documents/康哲项目资料/AI/医学经理工作台/implementation/protocol-v3-workbench-mw_protocol_v3_phase0_20260809_111313/config/medical_writing/protocol_v3/templates/tp_ma_07_v2/chapter_skills/v2_n_2_2_1.json,configuration,29,74a2fbfaaac93a2efcbf51ef0544cc93da86c23d1f31faab114486cbbd2c8b79,,inventory_only; causal review in task packets and TAKEOVER_REVIEW
config/medical_writing/protocol_v3/templates/tp_ma_07_v2/chapter_skills/v2_n_2_2_2_1.json,/Users/smkzw/Documents/康哲项目资料/AI/医学经理工作台/implementation/protocol-v3-workbench-mw_protocol_v3_phase0_20260809_111313/config/medical_writing/protocol_v3/templates/tp_ma_07_v2/chapter_skills/v2_n_2_2_2_1.json,configuration,29,1ea38bf4af98ebea5dfc217c709677ec317e87bf6ad383fda0f8997d21cd2ebc,,inventory_only; causal review in task packets and TAKEOVER_REVIEW
config/medical_writing/protocol_v3/templates/tp_ma_07_v2/chapter_skills/v2_n_2_2_3.json,/Users/smkzw/Documents/康哲项目资料/AI/医学经理工作台/implementation/protocol-v3-workbench-mw_protocol_v3_phase0_20260809_111313/config/medical_writing/protocol_v3/templates/tp_ma_07_v2/chapter_skills/v2_n_2_2_3.json,configuration,29,d4a43e7fab3fabcf49458b1796564b1bf10cf3ca5569daca3384444bc27c1c28,,inventory_only; causal review in task packets and TAKEOVER_REVIEW
config/medical_writing/protocol_v3/templates/tp_ma_07_v2/chapter_skills/v2_n_2_3.json,/Users/smkzw/Documents/康哲项目资料/AI/医学经理工作台/implementation/protocol-v3-workbench-mw_protocol_v3_phase0_20260809_111313/config/medical_writing/protocol_v3/templates/tp_ma_07_v2/chapter_skills/v2_n_2_3.json,configuration,29,74382f2ab82856291751703e3fd7d3ff290b3d5d175fc7e5c0f153740b2f39f1,,inventory_only; causal review in task packets and TAKEOVER_REVIEW
config/medical_writing/protocol_v3/templates/tp_ma_07_v2/chapter_skills/v2_n_3_1_1.json,/Users/smkzw/Documents/康哲项目资料/AI/医学经理工作台/implementation/protocol-v3-workbench-mw_protocol_v3_phase0_20260809_111313/config/medical_writing/protocol_v3/templates/tp_ma_07_v2/chapter_skills/v2_n_3_1_1.json,configuration,29,aaf3d5fc7fb5717f0b37ea46b293c90e2603e7050a0e2dfb236361df7d3941dd,,inventory_only; causal review in task packets and TAKEOVER_REVIEW
config/medical_writing/protocol_v3/templates/tp_ma_07_v2/chapter_skills/v2_n_3_1_2_1.json,/Users/smkzw/Documents/康哲项目资料/AI/医学经理工作台/implementation/protocol-v3-workbench-mw_protocol_v3_phase0_20260809_111313/config/medical_writing/protocol_v3/templates/tp_ma_07_v2/chapter_skills/v2_n_3_1_2_1.json,configuration,29,75c42e48e2973b54d62876f705029a1fefeb947d2ce26018b7d6f420df9a36ee,,inventory_only; causal review in task packets and TAKEOVER_REVIEW
config/medical_writing/protocol_v3/templates/tp_ma_07_v2/chapter_skills/v2_n_3_1_2_2.json,/Users/smkzw/Documents/康哲项目资料/AI/医学经理工作台/implementation/protocol-v3-workbench-mw_protocol_v3_phase0_20260809_111313/config/medical_writing/protocol_v3/templates/tp_ma_07_v2/chapter_skills/v2_n_3_1_2_2.json,configuration,29,ef46ee2112146ec2fa63407f8e954b83d953ccbe801f0fa1f7a08a0180b3c74d,,inventory_only; causal review in task packets and TAKEOVER_REVIEW
config/medical_writing/protocol_v3/templates/tp_ma_07_v2/chapter_skills/v2_n_3_1_2_3.json,/Users/smkzw/Documents/康哲项目资料/AI/医学经理工作台/implementation/protocol-v3-workbench-mw_protocol_v3_phase0_20260809_111313/config/medical_writing/protocol_v3/templates/tp_ma_07_v2/chapter_skills/v2_n_3_1_2_3.json,configuration,29,49c09547e9e0b183daca6700f2ffb4bcfd63c35f3e621a030b6b7ff728d8093a,,inventory_only; causal review in task packets and TAKEOVER_REVIEW
config/medical_writing/protocol_v3/templates/tp_ma_07_v2/chapter_skills/v2_n_3_1_2_4.json,/Users/smkzw/Documents/康哲项目资料/AI/医学经理工作台/implementation/protocol-v3-workbench-mw_protocol_v3_phase0_20260809_111313/config/medical_writing/protocol_v3/templates/tp_ma_07_v2/chapter_skills/v2_n_3_1_2_4.json,configuration,30,36b7ff57c53b1d27d429383169a2cfb9a50c40869f376a5c0d2efcd95bb7d839,,inventory_only; causal review in task packets and TAKEOVER_REVIEW
config/medical_writing/protocol_v3/templates/tp_ma_07_v2/chapter_skills/v2_n_3_2_1.json,/Users/smkzw/Documents/康哲项目资料/AI/医学经理工作台/implementation/protocol-v3-workbench-mw_protocol_v3_phase0_20260809_111313/config/medical_writing/protocol_v3/templates/tp_ma_07_v2/chapter_skills/v2_n_3_2_1.json,configuration,29,e821a3235c83b5846bc6d1096f703db9af459e917f69d0ba04d0e408200d8941,,inventory_only; causal review in task packets and TAKEOVER_REVIEW
config/medical_writing/protocol_v3/templates/tp_ma_07_v2/chapter_skills/v2_n_3_2_2.json,/Users/smkzw/Documents/康哲项目资料/AI/医学经理工作台/implementation/protocol-v3-workbench-mw_protocol_v3_phase0_20260809_111313/config/medical_writing/protocol_v3/templates/tp_ma_07_v2/chapter_skills/v2_n_3_2_2.json,configuration,29,5c340aae145729f423d93b478756c3281abb42772cc5c9e746478a829a8f00dd,,inventory_only; causal review in task packets and TAKEOVER_REVIEW
config/medical_writing/protocol_v3/templates/tp_ma_07_v2/chapter_skills/v2_n_3_3_1.json,/Users/smkzw/Documents/康哲项目资料/AI/医学经理工作台/implementation/protocol-v3-workbench-mw_protocol_v3_phase0_20260809_111313/config/medical_writing/protocol_v3/templates/tp_ma_07_v2/chapter_skills/v2_n_3_3_1.json,configuration,29,197c906e71f91aec87918e20c8c6b7c3161f1f40d047b2e8c7da1e1bf8bb99b1,,inventory_only; causal review in task packets and TAKEOVER_REVIEW
config/medical_writing/protocol_v3/templates/tp_ma_07_v2/chapter_skills/v2_n_3_3_2.json,/Users/smkzw/Documents/康哲项目资料/AI/医学经理工作台/implementation/protocol-v3-workbench-mw_protocol_v3_phase0_20260809_111313/config/medical_writing/protocol_v3/templates/tp_ma_07_v2/chapter_skills/v2_n_3_3_2.json,configuration,29,edbeaf332b0043e5d62842bc81bba9e0cd3ada8b46be1bda5dac209340c07725,,inventory_only; causal review in task packets and TAKEOVER_REVIEW
config/medical_writing/protocol_v3/templates/tp_ma_07_v2/chapter_skills/v2_n_3_4_1.json,/Users/smkzw/Documents/康哲项目资料/AI/医学经理工作台/implementation/protocol-v3-workbench-mw_protocol_v3_phase0_20260809_111313/config/medical_writing/protocol_v3/templates/tp_ma_07_v2/chapter_skills/v2_n_3_4_1.json,configuration,29,0d8a79ec0d6a7a69885ffd13ca07e00dd17c09ae0a8660469088317efa111f44,,inventory_only; causal review in task packets and TAKEOVER_REVIEW
config/medical_writing/protocol_v3/templates/tp_ma_07_v2/chapter_skills/v2_n_3_4_2.json,/Users/smkzw/Documents/康哲项目资料/AI/医学经理工作台/implementation/protocol-v3-workbench-mw_protocol_v3_phase0_20260809_111313/config/medical_writing/protocol_v3/templates/tp_ma_07_v2/chapter_skills/v2_n_3_4_2.json,configuration,29,37f51eba29687bf65c8c4a2b8d50cbf3190001cd3e947bb6deb1c1679c17e404,,inventory_only; causal review in task packets and TAKEOVER_REVIEW
config/medical_writing/protocol_v3/templates/tp_ma_07_v2/chapter_skills/v2_n_4_1.json,/Users/smkzw/Documents/康哲项目资料/AI/医学经理工作台/implementation/protocol-v3-workbench-mw_protocol_v3_phase0_20260809_111313/config/medical_writing/protocol_v3/templates/tp_ma_07_v2/chapter_skills/v2_n_4_1.json,configuration,31,f51470d05f44be27c1dd3e2040d86493529c7b18b89eb1f2df99bd7badef203e,,inventory_only; causal review in task packets and TAKEOVER_REVIEW
config/medical_writing/protocol_v3/templates/tp_ma_07_v2/chapter_skills/v2_n_4_2.json,/Users/smkzw/Documents/康哲项目资料/AI/医学经理工作台/implementation/protocol-v3-workbench-mw_protocol_v3_phase0_20260809_111313/config/medical_writing/protocol_v3/templates/tp_ma_07_v2/chapter_skills/v2_n_4_2.json,configuration,31,a212248a3fc6097a08986a9eb60ffd258da8c2746b4655b73f8e6d88294b039d,,inventory_only; causal review in task packets and TAKEOVER_REVIEW
config/medical_writing/protocol_v3/templates/tp_ma_07_v2/chapter_skills/v2_n_4_3.json,/Users/smkzw/Documents/康哲项目资料/AI/医学经理工作台/implementation/protocol-v3-workbench-mw_protocol_v3_phase0_20260809_111313/config/medical_writing/protocol_v3/templates/tp_ma_07_v2/chapter_skills/v2_n_4_3.json,configuration,31,d829f23b42c0e3807457c41af8042c14eb2b34b5b0d65c7af9c875893ca575d3,,inventory_only; causal review in task packets and TAKEOVER_REVIEW
config/medical_writing/protocol_v3/templates/tp_ma_07_v2/chapter_skills/v2_n_4_4.json,/Users/smkzw/Documents/康哲项目资料/AI/医学经理工作台/implementation/protocol-v3-workbench-mw_protocol_v3_phase0_20260809_111313/config/medical_writing/protocol_v3/templates/tp_ma_07_v2/chapter_skills/v2_n_4_4.json,configuration,31,33578378a2c7bb28122660cfedddc1df57b94e8d294fb4720fc600258bc67e2b,,inventory_only; causal review in task packets and TAKEOVER_REVIEW
config/medical_writing/protocol_v3/templates/tp_ma_07_v2/chapter_skills/v2_n_4_5.json,/Users/smkzw/Documents/康哲项目资料/AI/医学经理工作台/implementation/protocol-v3-workbench-mw_protocol_v3_phase0_20260809_111313/config/medical_writing/protocol_v3/templates/tp_ma_07_v2/chapter_skills/v2_n_4_5.json,configuration,31,82890b73a0c2937107242ce3f342114ac9f7c8f4a4cc9862ef4dff7f43a9b019,,inventory_only; causal review in task packets and TAKEOVER_REVIEW
config/medical_writing/protocol_v3/templates/tp_ma_07_v2/chapter_skills/v2_n_5_1.json,/Users/smkzw/Documents/康哲项目资料/AI/医学经理工作台/implementation/protocol-v3-workbench-mw_protocol_v3_phase0_20260809_111313/config/medical_writing/protocol_v3/templates/tp_ma_07_v2/chapter_skills/v2_n_5_1.json,configuration,31,161cf061b731deb94aecd655db6b6fe964153dd82595affd4fecbbf25cdac285,,inventory_only; causal review in task packets and TAKEOVER_REVIEW
config/medical_writing/protocol_v3/templates/tp_ma_07_v2/chapter_skills/v2_n_5_2.json,/Users/smkzw/Documents/康哲项目资料/AI/医学经理工作台/implementation/protocol-v3-workbench-mw_protocol_v3_phase0_20260809_111313/config/medical_writing/protocol_v3/templates/tp_ma_07_v2/chapter_skills/v2_n_5_2.json,configuration,31,2170b788fef311c6a8ada4b9d366a1ec81df6e4b0fcf9298d7fd5efe58019e35,,inventory_only; causal review in task packets and TAKEOVER_REVIEW
config/medical_writing/protocol_v3/templates/tp_ma_07_v2/chapter_skills/v2_n_5_3.json,/Users/smkzw/Documents/康哲项目资料/AI/医学经理工作台/implementation/protocol-v3-workbench-mw_protocol_v3_phase0_20260809_111313/config/medical_writing/protocol_v3/templates/tp_ma_07_v2/chapter_skills/v2_n_5_3.json,configuration,31,d86312cc5d645d9b167966c7e5b646b09ab50728fc7ec34e39446c37296f62db,,inventory_only; causal review in task packets and TAKEOVER_REVIEW
config/medical_writing/protocol_v3/templates/tp_ma_07_v2/chapter_skills/v2_n_5_4.json,/Users/smkzw/Documents/康哲项目资料/AI/医学经理工作台/implementation/protocol-v3-workbench-mw_protocol_v3_phase0_20260809_111313/config/medical_writing/protocol_v3/templates/tp_ma_07_v2/chapter_skills/v2_n_5_4.json,configuration,31,e54459f87dec75bd546a123372ae376f954730df1b0757b0152d58d684e132e0,,inventory_only; causal review in task packets and TAKEOVER_REVIEW
config/medical_writing/protocol_v3/templates/tp_ma_07_v2/chapter_skills/v2_n_5_5.json,/Users/smkzw/Documents/康哲项目资料/AI/医学经理工作台/implementation/protocol-v3-workbench-mw_protocol_v3_phase0_20260809_111313/config/medical_writing/protocol_v3/templates/tp_ma_07_v2/chapter_skills/v2_n_5_5.json,configuration,31,c3c4ca2df523ed0c383c3cfa92495030e228f37ce91621596438f5d512d80396,,inventory_only; causal review in task packets and TAKEOVER_REVIEW
config/medical_writing/protocol_v3/templates/tp_ma_07_v2/chapter_skills/v2_n_6_1_1.json,/Users/smkzw/Documents/康哲项目资料/AI/医学经理工作台/implementation/protocol-v3-workbench-mw_protocol_v3_phase0_20260809_111313/config/medical_writing/protocol_v3/templates/tp_ma_07_v2/chapter_skills/v2_n_6_1_1.json,configuration,32,f2edbb60f44e75a470f326f33cbc67b872cf96e9ade06664d2a538171cad3e00,,inventory_only; causal review in task packets and TAKEOVER_REVIEW
config/medical_writing/protocol_v3/templates/tp_ma_07_v2/chapter_skills/v2_n_6_1_2.json,/Users/smkzw/Documents/康哲项目资料/AI/医学经理工作台/implementation/protocol-v3-workbench-mw_protocol_v3_phase0_20260809_111313/config/medical_writing/protocol_v3/templates/tp_ma_07_v2/chapter_skills/v2_n_6_1_2.json,configuration,32,aaec50852117b430657a723ffe667abfb34cc86d59a4b6c6f30275cd8dfe11b7,,inventory_only; causal review in task packets and TAKEOVER_REVIEW
config/medical_writing/protocol_v3/templates/tp_ma_07_v2/chapter_skills/v2_n_6_2_1.json,/Users/smkzw/Documents/康哲项目资料/AI/医学经理工作台/implementation/protocol-v3-workbench-mw_protocol_v3_phase0_20260809_111313/config/medical_writing/protocol_v3/templates/tp_ma_07_v2/chapter_skills/v2_n_6_2_1.json,configuration,32,273f212c549d1f19410677ba8a226740f79e77e68cf1802141e0f605617695df,,inventory_only; causal review in task packets and TAKEOVER_REVIEW
config/medical_writing/protocol_v3/templates/tp_ma_07_v2/chapter_skills/v2_n_6_2_2.json,/Users/smkzw/Documents/康哲项目资料/AI/医学经理工作台/implementation/protocol-v3-workbench-mw_protocol_v3_phase0_20260809_111313/config/medical_writing/protocol_v3/templates/tp_ma_07_v2/chapter_skills/v2_n_6_2_2.json,configuration,32,475b03c4a97ca497d87d4c721f033d94946b0a60b6709d5e0ffec77d5dca3868,,inventory_only; causal review in task packets and TAKEOVER_REVIEW
config/medical_writing/protocol_v3/templates/tp_ma_07_v2/chapter_skills/v2_n_6_2_3.json,/Users/smkzw/Documents/康哲项目资料/AI/医学经理工作台/implementation/protocol-v3-workbench-mw_protocol_v3_phase0_20260809_111313/config/medical_writing/protocol_v3/templates/tp_ma_07_v2/chapter_skills/v2_n_6_2_3.json,configuration,32,219b0e1f50cca0e0d952ea932af7ac9dfa2a0af9baf4c4cbb5e91297371ce319,,inventory_only; causal review in task packets and TAKEOVER_REVIEW
config/medical_writing/protocol_v3/templates/tp_ma_07_v2/chapter_skills/v2_n_6_2_4.json,/Users/smkzw/Documents/康哲项目资料/AI/医学经理工作台/implementation/protocol-v3-workbench-mw_protocol_v3_phase0_20260809_111313/config/medical_writing/protocol_v3/templates/tp_ma_07_v2/chapter_skills/v2_n_6_2_4.json,configuration,32,d34a14e801678801fb32c1faa3f48a5b2d3e84d898cfff5c90b13901248bc758,,inventory_only; causal review in task packets and TAKEOVER_REVIEW
config/medical_writing/protocol_v3/templates/tp_ma_07_v2/chapter_skills/v2_n_6_3.json,/Users/smkzw/Documents/康哲项目资料/AI/医学经理工作台/implementation/protocol-v3-workbench-mw_protocol_v3_phase0_20260809_111313/config/medical_writing/protocol_v3/templates/tp_ma_07_v2/chapter_skills/v2_n_6_3.json,configuration,32,4d1d75720ad450ec369ba852c2a7bbcd946003fc4cb7344e8d093330e4203218,,inventory_only; causal review in task packets and TAKEOVER_REVIEW
config/medical_writing/protocol_v3/templates/tp_ma_07_v2/chapter_skills/v2_n_6_4_1.json,/Users/smkzw/Documents/康哲项目资料/AI/医学经理工作台/implementation/protocol-v3-workbench-mw_protocol_v3_phase0_20260809_111313/config/medical_writing/protocol_v3/templates/tp_ma_07_v2/chapter_skills/v2_n_6_4_1.json,configuration,32,22c7dbe12a3cfde88e8cb8e9386d2389e1bebab58b1bcc3d969e508121767e05,,inventory_only; causal review in task packets and TAKEOVER_REVIEW
config/medical_writing/protocol_v3/templates/tp_ma_07_v2/chapter_skills/v2_n_6_4_2.json,/Users/smkzw/Documents/康哲项目资料/AI/医学经理工作台/implementation/protocol-v3-workbench-mw_protocol_v3_phase0_20260809_111313/config/medical_writing/protocol_v3/templates/tp_ma_07_v2/chapter_skills/v2_n_6_4_2.json,configuration,32,eab92fda8779d5acebb43760d8acc385ddd0a6b2b81268dba7395683245b36a2,,inventory_only; causal review in task packets and TAKEOVER_REVIEW
config/medical_writing/protocol_v3/templates/tp_ma_07_v2/chapter_skills/v2_n_6_4_3.json,/Users/smkzw/Documents/康哲项目资料/AI/医学经理工作台/implementation/protocol-v3-workbench-mw_protocol_v3_phase0_20260809_111313/config/medical_writing/protocol_v3/templates/tp_ma_07_v2/chapter_skills/v2_n_6_4_3.json,configuration,32,f0e71459683c5685a381ccecf2979b4da1c5e4278f70e546eb46844d28be0cf5,,inventory_only; causal review in task packets and TAKEOVER_REVIEW
config/medical_writing/protocol_v3/templates/tp_ma_07_v2/chapter_skills/v2_n_7_1.json,/Users/smkzw/Documents/康哲项目资料/AI/医学经理工作台/implementation/protocol-v3-workbench-mw_protocol_v3_phase0_20260809_111313/config/medical_writing/protocol_v3/templates/tp_ma_07_v2/chapter_skills/v2_n_7_1.json,configuration,32,0bc6ac407c07344d1363635733e75a673837c459f194ef79ae5bfe2a89aa62d3,,inventory_only; causal review in task packets and TAKEOVER_REVIEW
config/medical_writing/protocol_v3/templates/tp_ma_07_v2/chapter_skills/v2_n_7_2.json,/Users/smkzw/Documents/康哲项目资料/AI/医学经理工作台/implementation/protocol-v3-workbench-mw_protocol_v3_phase0_20260809_111313/config/medical_writing/protocol_v3/templates/tp_ma_07_v2/chapter_skills/v2_n_7_2.json,configuration,32,cead5fe5db782200b9a0220736332642f41097e23339eeb5bb351dd8eae0c0b6,,inventory_only; causal review in task packets and TAKEOVER_REVIEW
config/medical_writing/protocol_v3/templates/tp_ma_07_v2/chapter_skills/v2_n_7_3.json,/Users/smkzw/Documents/康哲项目资料/AI/医学经理工作台/implementation/protocol-v3-workbench-mw_protocol_v3_phase0_20260809_111313/config/medical_writing/protocol_v3/templates/tp_ma_07_v2/chapter_skills/v2_n_7_3.json,configuration,32,2ceabaebf16b1d295ccf9c50aa5829cd85faf6882f72964732e7f5322eda0738,,inventory_only; causal review in task packets and TAKEOVER_REVIEW
config/medical_writing/protocol_v3/templates/tp_ma_07_v2/chapter_skills/v2_n_8_1.json,/Users/smkzw/Documents/康哲项目资料/AI/医学经理工作台/implementation/protocol-v3-workbench-mw_protocol_v3_phase0_20260809_111313/config/medical_writing/protocol_v3/templates/tp_ma_07_v2/chapter_skills/v2_n_8_1.json,configuration,32,e2e6c7ada8e3ef650959f752368bb315992eae32f8edebcfc24985d3856a9811,,inventory_only; causal review in task packets and TAKEOVER_REVIEW
config/medical_writing/protocol_v3/templates/tp_ma_07_v2/chapter_skills/v2_n_8_2.json,/Users/smkzw/Documents/康哲项目资料/AI/医学经理工作台/implementation/protocol-v3-workbench-mw_protocol_v3_phase0_20260809_111313/config/medical_writing/protocol_v3/templates/tp_ma_07_v2/chapter_skills/v2_n_8_2.json,configuration,32,f6dcab650d4696f92f446e4a71660708fa2d452594ff678b310b687e9d20c00f,,inventory_only; causal review in task packets and TAKEOVER_REVIEW
config/medical_writing/protocol_v3/templates/tp_ma_07_v2/chapter_skills/v2_n_8_3.json,/Users/smkzw/Documents/康哲项目资料/AI/医学经理工作台/implementation/protocol-v3-workbench-mw_protocol_v3_phase0_20260809_111313/config/medical_writing/protocol_v3/templates/tp_ma_07_v2/chapter_skills/v2_n_8_3.json,configuration,32,3c18ae61942feaa2dab2c09477a5bd905f8c51708bd9c5b523dbe394cee6aaf6,,inventory_only; causal review in task packets and TAKEOVER_REVIEW
config/medical_writing/protocol_v3/templates/tp_ma_07_v2/chapter_skills/v2_n_9_1.json,/Users/smkzw/Documents/康哲项目资料/AI/医学经理工作台/implementation/protocol-v3-workbench-mw_protocol_v3_phase0_20260809_111313/config/medical_writing/protocol_v3/templates/tp_ma_07_v2/chapter_skills/v2_n_9_1.json,configuration,32,4f00e001b0dc19aecab36d0e5520eaa92650e5f2edc5e400e7efd471c695a85c,,inventory_only; causal review in task packets and TAKEOVER_REVIEW
config/medical_writing/protocol_v3/templates/tp_ma_07_v2/chapter_skills/v2_n_9_2.json,/Users/smkzw/Documents/康哲项目资料/AI/医学经理工作台/implementation/protocol-v3-workbench-mw_protocol_v3_phase0_20260809_111313/config/medical_writing/protocol_v3/templates/tp_ma_07_v2/chapter_skills/v2_n_9_2.json,configuration,32,04c0d71c2fff78f313544111fb4c77d109448333ca2aa72d13d19fbdc548c43c,,inventory_only; causal review in task packets and TAKEOVER_REVIEW
config/medical_writing/protocol_v3/templates/tp_ma_07_v2/chapter_skills/v2_n_9_3.json,/Users/smkzw/Documents/康哲项目资料/AI/医学经理工作台/implementation/protocol-v3-workbench-mw_protocol_v3_phase0_20260809_111313/config/medical_writing/protocol_v3/templates/tp_ma_07_v2/chapter_skills/v2_n_9_3.json,configuration,32,be74e78241d1e7ac7896ba7f19804bae614681ee93df2be442e47034eca231f5,,inventory_only; causal review in task packets and TAKEOVER_REVIEW
config/medical_writing/protocol_v3/templates/tp_ma_07_v2/chapter_skills/v2_n_9_4.json,/Users/smkzw/Documents/康哲项目资料/AI/医学经理工作台/implementation/protocol-v3-workbench-mw_protocol_v3_phase0_20260809_111313/config/medical_writing/protocol_v3/templates/tp_ma_07_v2/chapter_skills/v2_n_9_4.json,configuration,32,f3eef2929c300a9f1f772de6d452c02a4f7217aeef62f393eb68f4a6b8cea2a5,,inventory_only; causal review in task packets and TAKEOVER_REVIEW
config/medical_writing/protocol_v3/templates/tp_ma_07_v2/chapter_skills/v2_n_front_1.json,/Users/smkzw/Documents/康哲项目资料/AI/医学经理工作台/implementation/protocol-v3-workbench-mw_protocol_v3_phase0_20260809_111313/config/medical_writing/protocol_v3/templates/tp_ma_07_v2/chapter_skills/v2_n_front_1.json,configuration,31,fba94d6a62ca6e157616a730b953b91c19fd7def1954b6a6e8438e8f013aacb4,,inventory_only; causal review in task packets and TAKEOVER_REVIEW
config/medical_writing/protocol_v3/templates/tp_ma_07_v2/chapter_skills/v2_n_front_2.json,/Users/smkzw/Documents/康哲项目资料/AI/医学经理工作台/implementation/protocol-v3-workbench-mw_protocol_v3_phase0_20260809_111313/config/medical_writing/protocol_v3/templates/tp_ma_07_v2/chapter_skills/v2_n_front_2.json,configuration,31,df3534b26b4f9715a4e04840dfea64c8f3d10aa190aa4f521cac5ca2a21a7a46,,inventory_only; causal review in task packets and TAKEOVER_REVIEW
config/medical_writing/protocol_v3/templates/tp_ma_07_v2/chapter_skills/v2_n_front_3.json,/Users/smkzw/Documents/康哲项目资料/AI/医学经理工作台/implementation/protocol-v3-workbench-mw_protocol_v3_phase0_20260809_111313/config/medical_writing/protocol_v3/templates/tp_ma_07_v2/chapter_skills/v2_n_front_3.json,configuration,31,0e5851d8a6be13812547059b8d9ad4b98b8409e9cde04874051905519242fdf7,,inventory_only; causal review in task packets and TAKEOVER_REVIEW
config/medical_writing/protocol_v3/templates/tp_ma_07_v2/chapter_skills/v2_n_front_4.json,/Users/smkzw/Documents/康哲项目资料/AI/医学经理工作台/implementation/protocol-v3-workbench-mw_protocol_v3_phase0_20260809_111313/config/medical_writing/protocol_v3/templates/tp_ma_07_v2/chapter_skills/v2_n_front_4.json,configuration,31,0412f074eff1de2b148342e2b8585979df0df960cf7cf07b318c6f1c6bf34ef1,,inventory_only; causal review in task packets and TAKEOVER_REVIEW
config/medical_writing/protocol_v3/templates/tp_ma_07_v2/chapter_skills/v2_n_front_5.json,/Users/smkzw/Documents/康哲项目资料/AI/医学经理工作台/implementation/protocol-v3-workbench-mw_protocol_v3_phase0_20260809_111313/config/medical_writing/protocol_v3/templates/tp_ma_07_v2/chapter_skills/v2_n_front_5.json,configuration,31,e7a02c657d5a155f0d95513ac04c98f20f59066efc91450f30fe168a6bacb318,,inventory_only; causal review in task packets and TAKEOVER_REVIEW
config/medical_writing/protocol_v3/templates/tp_ma_07_v2/chapter_skills/v2_n_front_6.json,/Users/smkzw/Documents/康哲项目资料/AI/医学经理工作台/implementation/protocol-v3-workbench-mw_protocol_v3_phase0_20260809_111313/config/medical_writing/protocol_v3/templates/tp_ma_07_v2/chapter_skills/v2_n_front_6.json,configuration,31,a5e7dac9c51d1665d5331814e55f08643a475f5883c15da5d8de647ae63822c0,,inventory_only; causal review in task packets and TAKEOVER_REVIEW
config/medical_writing/protocol_v3/templates/tp_ma_07_v2/chapter_skills/v2_n_front_7.json,/Users/smkzw/Documents/康哲项目资料/AI/医学经理工作台/implementation/protocol-v3-workbench-mw_protocol_v3_phase0_20260809_111313/config/medical_writing/protocol_v3/templates/tp_ma_07_v2/chapter_skills/v2_n_front_7.json,configuration,31,2336e00c542fe3e854c4d2a57b93eee35296450a4e3bcca93c64e8ab698c6e7b,,inventory_only; causal review in task packets and TAKEOVER_REVIEW
config/medical_writing/protocol_v3/templates/tp_ma_07_v2/chapter_skills/v2_n_front_8.json,/Users/smkzw/Documents/康哲项目资料/AI/医学经理工作台/implementation/protocol-v3-workbench-mw_protocol_v3_phase0_20260809_111313/config/medical_writing/protocol_v3/templates/tp_ma_07_v2/chapter_skills/v2_n_front_8.json,configuration,31,285146050f71b0c7a8c0adbf7f57cd41b4570fd6be696f9b6afff1a7f553e02a,,inventory_only; causal review in task packets and TAKEOVER_REVIEW
config/medical_writing/protocol_v3/templates/tp_ma_07_v2/fact_bindings.json,/Users/smkzw/Documents/康哲项目资料/AI/医学经理工作台/implementation/protocol-v3-workbench-mw_protocol_v3_phase0_20260809_111313/config/medical_writing/protocol_v3/templates/tp_ma_07_v2/fact_bindings.json,configuration,8777,50c82144bae648433a080b3cc2524122b805fe2b1c296d1d37338b8ea5262d4b,,inventory_only; causal review in task packets and TAKEOVER_REVIEW
config/medical_writing/protocol_v3/templates/tp_ma_07_v2/node_tree.json,/Users/smkzw/Documents/康哲项目资料/AI/医学经理工作台/implementation/protocol-v3-workbench-mw_protocol_v3_phase0_20260809_111313/config/medical_writing/protocol_v3/templates/tp_ma_07_v2/node_tree.json,configuration,9412,14719435e3e10775c4916d4b494403357c28be349ab7261a4638dd5e12f8954d,,inventory_only; causal review in task packets and TAKEOVER_REVIEW
config/medical_writing/protocol_v3/templates/tp_ma_07_v2/template.json,/Users/smkzw/Documents/康哲项目资料/AI/医学经理工作台/implementation/protocol-v3-workbench-mw_protocol_v3_phase0_20260809_111313/config/medical_writing/protocol_v3/templates/tp_ma_07_v2/template.json,configuration,137,6edbc84ee77031c0927a3db55a2a4d1799a194d3bd7a5bd5b36df070c2e879d1,,inventory_only; causal review in task packets and TAKEOVER_REVIEW
config/medical_writing/protocol_v3/templates/tp_ma_07_v2/v1_to_v2_mapping.json,/Users/smkzw/Documents/康哲项目资料/AI/医学经理工作台/implementation/protocol-v3-workbench-mw_protocol_v3_phase0_20260809_111313/config/medical_writing/protocol_v3/templates/tp_ma_07_v2/v1_to_v2_mapping.json,configuration,7984,b34b9a5bd35695696392b56713a21419d6bb32824d89c10341afd50e773c1129,,inventory_only; causal review in task packets and TAKEOVER_REVIEW
config/medical_writing/protocol_v3/terminology.json,/Users/smkzw/Documents/康哲项目资料/AI/医学经理工作台/implementation/protocol-v3-workbench-mw_protocol_v3_phase0_20260809_111313/config/medical_writing/protocol_v3/terminology.json,configuration,23,bc92f6986cc7578936001c4f8df440efca7818e532454a9fdb639f5e8018046e,,inventory_only; causal review in task packets and TAKEOVER_REVIEW
config/medical_writing/protocol_v3/toolchain_manifest.json,/Users/smkzw/Documents/康哲项目资料/AI/医学经理工作台/implementation/protocol-v3-workbench-mw_protocol_v3_phase0_20260809_111313/config/medical_writing/protocol_v3/toolchain_manifest.json,configuration,235,1de613c3af1789e14516b6e1f0b6612a46d0e92f00b9cf7b13b0d22b049f08c1,,inventory_only; causal review in task packets and TAKEOVER_REVIEW
config/medical_writing/protocol_v3/v2_v3_mapping.json,/Users/smkzw/Documents/康哲项目资料/AI/医学经理工作台/implementation/protocol-v3-workbench-mw_protocol_v3_phase0_20260809_111313/config/medical_writing/protocol_v3/v2_v3_mapping.json,configuration,434,8ee8ac78b98aa4ed836679f309a2695ca2c10d8dce65dd1fee153a88da1e6806,,inventory_only; causal review in task packets and TAKEOVER_REVIEW
frontend/package.json,/Users/smkzw/Documents/康哲项目资料/AI/医学经理工作台/implementation/protocol-v3-workbench-mw_protocol_v3_phase0_20260809_111313/frontend/package.json,frontend,46,94309d8be12133712b2a6d4a9ac3be34dbbb2d730533d34deb9f7adc20d2abdd,,inventory_only; causal review in task packets and TAKEOVER_REVIEW
frontend/public/genoffice/bridge-shim.js,/Users/smkzw/Documents/康哲项目资料/AI/医学经理工作台/implementation/protocol-v3-workbench-mw_protocol_v3_phase0_20260809_111313/frontend/public/genoffice/bridge-shim.js,frontend,209,572f3875c76bf72585cd9f0fb6bbafbba78349edb98bcd23cd6b097fb15054e8,requestDirtyState | bytesToBase64 | fetchDocBytes | sha256Hex | openDocx | postSnapshot | saveDocx,inventory_only; causal review in task packets and TAKEOVER_REVIEW
frontend/public/genoffice/embedded.css,/Users/smkzw/Documents/康哲项目资料/AI/医学经理工作台/implementation/protocol-v3-workbench-mw_protocol_v3_phase0_20260809_111313/frontend/public/genoffice/embedded.css,frontend,4,c91118283d5a317631f9448483d868f2af5fec20d765393c925ce937279dfd0c,,inventory_only; causal review in task packets and TAKEOVER_REVIEW
frontend/public/genoffice/index.html,/Users/smkzw/Documents/康哲项目资料/AI/医学经理工作台/implementation/protocol-v3-workbench-mw_protocol_v3_phase0_20260809_111313/frontend/public/genoffice/index.html,frontend,18,93b2636e3fe3bc857b28ca32b0307f39ac605caebd2611aac6a2346e32f6eccb,,inventory_only; causal review in task packets and TAKEOVER_REVIEW
frontend/src/App.jsx,/Users/smkzw/Documents/康哲项目资料/AI/医学经理工作台/implementation/protocol-v3-workbench-mw_protocol_v3_phase0_20260809_111313/frontend/src/App.jsx,frontend,16016,262e1366d7cace241f93aabbccd66bc4565f987572236692c4a01a0e0de8fda1,CitationMark | normalizeCitationMarkAttributes | numericDataAttribute | sourceCellAttributes | apiErrorText | medicalWritingExportErrorText | apiDetailText | readJsonOrThrow | monitoringReadErrorInfo | monitoringReadContractError | MonitoringReadUnavailable | statusClass | verdictLabel | verdictTone | ruleTypeLabel | requestKey | candidateStatusLabel | shortPath | sourceTypeLabel | parserStatusLabel | sourceKindLabel | sourceLedgerTitle | sourceSystemDisplayLabel | eligibilityInputScopeLabel | forbiddenLegacyInputLabel | eligibilitySourceTypeLabel | eligibilityExtractionStatusLabel | eligibilityEvidenceProcessingLabel | eligibilityEvidenceProcessingTone | aiTaskDisplayName | tflOutputTypeLabel | tflReviewActionLabel | safetyReviewActionLabel | parserStatusDisplay | formatMaybeNumber | safetyGateTone | gateStatusLabel | picosStatusTone | picosActionLabel | riskToneFromEvent | subjectStatusFromPrompts | buildSubjectView | formatBatchDisplay | sourceContextForPage | isUnreadMedicalDecisionItem | medicalDecisionItems | EmptyProjectOverview | AppShell | Metric | SectionTitle | Tag | Progress | priorityTone | itemTypeLabel | compactLabel | safeSourceRefLabel | workItemObjectLabel | sourceRefTypeLabel | conciseEditorBlockerReason | OverviewPage | AiGatewayPanel | SourceHealthList | HandoffList | TaskList | fetchCompleteMonitoringRiskIndex | monitoringRiskQueryErrorText | activePageFromMonitoringRoute | monitoringViewFromActivePage | initialMonitoringBrowserState | MonitoringPage | riskSourceGroups | riskSourceText | canOpenRiskSource | RiskEvidenceSequence | RiskSourceReference | EmbeddedRiskTimeline | EmbeddedRiskProfile | RiskHistoryView | riskDockTabFromRouteView | RiskEvidenceDock | riskQueryDraft | RiskDetail | timelineEventCategoryKey | timelineEventCategoryDef | timelineEventCategoryLabel | laneForEvent | visualQcTone | visualQcLocatorText | visualQcMediaClassLabel | EligibilityVisualQcWorkspace | EligibilityPage | sourceAdmissionStatusTone | sourceAdmissionStatusLabel | SourceAdmissionBand | SourceAdmissionCard | ModuleSourceAdmissionBand | writingBackendSectionId | revisionThreadStatusLabel | isRevisionThreadSelectedByAuthor | revisionThreadTone | latestRevisionRoundSuggestions | revisionSuggestionStatusLabel | revisionSuggestionTone | revisionTurnTime | cloneContentBlocks | tiptapNodeText | tiptapInlineTextContent | stableJsonStringify | stableRequestToken | greenfieldApprovalBlockerCount | medicalWritingFactLabel | contentBlockText | isBlankGreenfieldBodyBlock | visibleTableTitle | sourceTableCaptionText | normalizedVisibleText | visibleTableNotes | visibleTableColumnCount | tiptapCellNode | tiptapNodeFromContentBlock | sanitizeRichTextMark | sanitizeRichTextNode | sanitizeRichText | richTextFromSourceBlockNode | greenfieldBlockTypeFromEditorNode | plainTextFromRichTextNode | richTextParagraphNodesFromEditorNode | appendEditorNodesToRichText | insertProtocolCitation | bindSourceTableDomIdentity | tableRowsFromTiptapNode | synchronizeTableBlockRows | medicalWritingRecoveryDraftPrefix | medicalWritingRecoveryDraftKey | sanitizeMedicalWritingRecoveryValue | medicalWritingRecoveryContentHash | listMedicalWritingRecoveryDrafts | persistMedicalWritingRecoveryDraft | clearMedicalWritingRecoveryDrafts | medicalWritingRecoveryDraftState | workingCopyFreezeLabel | workingCopyFreezeTone | freezeGapLabel | contentDispositionLabel | contentDispositionTone | ContentFindingSourceText | selectedProtocolBlockType | selectedProtocolBlockAttrs | updateSelectedProtocolBlock | applyProtocolStylePreset | clearProtocolDirectFormatting | RichProtocolEditor | MedicalWritingManifestPanel | GreenfieldDecisionReviewPanel | medicalWritingStructuredTarget | useSoaModalFocusA11y | WritingPage | approvalTypeLabel | approvalTitle | approvalStateLabel | normalizeApprovalItem | TflManifestPanel | SafetyRiskProjection | SafetyPvManifestPanel | PicosDecisionWorkspace | EvidenceDesignManifestPanel | PlannedModulePage | ApprovalPage | SourceRegistryPage | ModuleUnavailablePage | MedicalWritingRuntimeGate | App,inventory_only; causal review in task packets and TAKEOVER_REVIEW
frontend/src/features/medical-writing/AuthoringCandidatePackagePanel.jsx,/Users/smkzw/Documents/康哲项目资料/AI/医学经理工作台/implementation/protocol-v3-workbench-mw_protocol_v3_phase0_20260809_111313/frontend/src/features/medical-writing/AuthoringCandidatePackagePanel.jsx,frontend,1101,8959dcfd252d9cbca06a62c70b7814074f373d1c7af1eda1c613c9302e22b2ad,packageFieldLabel | resolvePathLabel | isCompositePrefillGroup | compositeCandidateBlockedCode | compositeCandidateBlockedReason | isPendingCompositeCandidate | looksLikeEnglishPath | moduleIncludeLines | compactCandidatePreview | structuredValueKeyLabel | humanizeStructuredValue | collectCompositePrefillGroups | sortCompositeCandidates | formatPathValue | compositeDecisionPaths | hasUsableSourceText | compositeAdoptionReady | splitCompositeListValue | stableManualInstrumentId | serializeAssessmentInstrumentItems | serializeCompositePathOverride | buildCompositePathOverrides | collectExplicitCompositeSkips | receiptSummaryMessage | EvidenceBlock | PathDecisionRow | CompositeReceiptPanel | CandidateCard | AuthoringCandidatePackagePanel,inventory_only; causal review in task packets and TAKEOVER_REVIEW
frontend/src/features/medical-writing/AuthoringCandidatePackagePanel.test.jsx,/Users/smkzw/Documents/康哲项目资料/AI/医学经理工作台/implementation/protocol-v3-workbench-mw_protocol_v3_phase0_20260809_111313/frontend/src/features/medical-writing/AuthoringCandidatePackagePanel.test.jsx,frontend,320,d9eb976623837ec8c53eaa3a13bb99bf45f9c045753ebe832fb850fb33a82857,,inventory_only; causal review in task packets and TAKEOVER_REVIEW
frontend/src/features/medical-writing/AuthoringCompetitorDrawer.jsx,/Users/smkzw/Documents/康哲项目资料/AI/医学经理工作台/implementation/protocol-v3-workbench-mw_protocol_v3_phase0_20260809_111313/frontend/src/features/medical-writing/AuthoringCompetitorDrawer.jsx,frontend,141,3bcff41ec7f9ea2c80d4c6fd0096cf484c669d63ef7d104acb777febe4addc5b,AuthoringCompetitorDrawer,inventory_only; causal review in task packets and TAKEOVER_REVIEW
frontend/src/features/medical-writing/CrossReferenceMark.js,/Users/smkzw/Documents/康哲项目资料/AI/医学经理工作台/implementation/protocol-v3-workbench-mw_protocol_v3_phase0_20260809_111313/frontend/src/features/medical-writing/CrossReferenceMark.js,frontend,57,2a9cac0a9d95bf27538c959e0edb6e75c09146cdedfe1d3aa52df43d7a2dae48,CrossReferenceMark | insertCrossReference,inventory_only; causal review in task packets and TAKEOVER_REVIEW
frontend/src/features/medical-writing/InstrumentAppendixPreview.jsx,/Users/smkzw/Documents/康哲项目资料/AI/医学经理工作台/implementation/protocol-v3-workbench-mw_protocol_v3_phase0_20260809_111313/frontend/src/features/medical-writing/InstrumentAppendixPreview.jsx,frontend,219,ee8acea7a7ab6829b102cdadc532ea877bbbb6fb9ce08a69d4726713840be151,orderInstrumentAppendixPages | imageDataUrl | InstrumentAppendixPreview,inventory_only; causal review in task packets and TAKEOVER_REVIEW
frontend/src/features/medical-writing/InterventionRulesEditor.jsx,/Users/smkzw/Documents/康哲项目资料/AI/医学经理工作台/implementation/protocol-v3-workbench-mw_protocol_v3_phase0_20260809_111313/frontend/src/features/medical-writing/InterventionRulesEditor.jsx,frontend,372,13f6a4d45b3b816188cb98bdcc5d9bf4b5504c15f61ff23476d60db758235ec5,emptyRules | ensureRules | newRowRegimen | newRowIpAction | newRowNonIp | newRowLink | InterventionRulesEditor | DenseRow | MiniInput | MiniSelect | MiniArea | MiniListInput | PanelAddButton | EmptyHint | RegimenPanel | IpActionsPanel | NonIpPanel | CmPanel | CrossObjectLinks,inventory_only; causal review in task packets and TAKEOVER_REVIEW
frontend/src/features/medical-writing/LegacyAuthoringBootstrapPanel.jsx,/Users/smkzw/Documents/康哲项目资料/AI/医学经理工作台/implementation/protocol-v3-workbench-mw_protocol_v3_phase0_20260809_111313/frontend/src/features/medical-writing/LegacyAuthoringBootstrapPanel.jsx,frontend,518,310cd7f0a8b7bae5315fbc96ec4788d237d3a87a3fc4de5bd84466a2292e155d,apiErrorText | readJsonOrThrow | roleLabel | extractionStageLabel | clone | warningList | storageKey | readStoredImportKey | writeStoredImportKey | clearStoredImportKey | TextField | LegacyAuthoringBootstrapPanel,inventory_only; causal review in task packets and TAKEOVER_REVIEW
frontend/src/features/medical-writing/MedicalWritingAuthoringJourneySetup.css,/Users/smkzw/Documents/康哲项目资料/AI/医学经理工作台/implementation/protocol-v3-workbench-mw_protocol_v3_phase0_20260809_111313/frontend/src/features/medical-writing/MedicalWritingAuthoringJourneySetup.css,frontend,549,2a66cd3fbc90ed986a5ed5e6496d3891e179b2b53f4006c616f6c53a77559704,,inventory_only; causal review in task packets and TAKEOVER_REVIEW
frontend/src/features/medical-writing/MedicalWritingAuthoringJourneySetup.jsx,/Users/smkzw/Documents/康哲项目资料/AI/医学经理工作台/implementation/protocol-v3-workbench-mw_protocol_v3_phase0_20260809_111313/frontend/src/features/medical-writing/MedicalWritingAuthoringJourneySetup.jsx,frontend,4175,3659f4d314a0bd57538f18ffcbd943866e14b655d96319998d6c32db27adac43,isPhaseOneStudy | phase1PartsFromFraming | phase1PartsReady | StudyPhaseInput | stableSynopsisUploadKey | stableInstrumentAppendixUploadKey | canonicalWriteValue | canonicalWriteJson | projectValueAtFieldPath | confirmedProjectCandidate | isPrefillFieldConfirmed | stableAuthoringWriteKey | writePayloadMatches | shouldReconcileWrite | formatFileSize | validationStatus | isConditionalPicosFieldComplete | readJson | statusLabel | initialFramingFor | factConversationFromBackend | listFactValue | applyConfirmedFactsToFraming | authoringEntryModeForSourceMode | MedicalWritingAuthoringJourneySetup | ResearchPipelineBanner | EntryModeChooser | InstrumentCandidateEvidence | SynopsisImportPanel | PrefillRecommendations | PrefillFieldCard | InvestigatorBrochureIntake | FramingFields | parsePopulationIntentStructure | composePopulationIntent | DesignIntentFields | Phase1PartsEditor | plannedValue | StructuredDesignFactEditor | PicosFields | newInstrument | AssessmentInstrumentEditor | CorpusGate | Field | ListField | StructuredListField | ApplicabilitySummary | FactProposalCard | ConversationalFactIntake,inventory_only; causal review in task packets and TAKEOVER_REVIEW
frontend/src/features/medical-writing/MedicalWritingLiteraturePanel.jsx,/Users/smkzw/Documents/康哲项目资料/AI/医学经理工作台/implementation/protocol-v3-workbench-mw_protocol_v3_phase0_20260809_111313/frontend/src/features/medical-writing/MedicalWritingLiteraturePanel.jsx,frontend,223,346fb2dca8ed021fcf5101de2177e29771c0221c71d24229be71de8b3c6bbcdc,requestKey | readJson | validationLabel | referenceAuthorYear | MedicalWritingLiteraturePanel,inventory_only; causal review in task packets and TAKEOVER_REVIEW
frontend/src/features/medical-writing/MedicalWritingPreviewPanel.jsx,/Users/smkzw/Documents/康哲项目资料/AI/医学经理工作台/implementation/protocol-v3-workbench-mw_protocol_v3_phase0_20260809_111313/frontend/src/features/medical-writing/MedicalWritingPreviewPanel.jsx,frontend,94,3b955048c2cc039d42c79892eb0141cde1f627e765c89687e90e2025aebadb27,previewPageCountBasisLabel | previewStatusLabel | previewPageSummary | previewTone | MedicalWritingPreviewPanel,inventory_only; causal review in task packets and TAKEOVER_REVIEW
frontend/src/features/medical-writing/MedicalWritingPreviewPanel.test.jsx,/Users/smkzw/Documents/康哲项目资料/AI/医学经理工作台/implementation/protocol-v3-workbench-mw_protocol_v3_phase0_20260809_111313/frontend/src/features/medical-writing/MedicalWritingPreviewPanel.test.jsx,frontend,22,3fac6185d02eb8c09d7400348350781b488e60897d12d9ab6825ffd520ac0e00,,inventory_only; causal review in task packets and TAKEOVER_REVIEW
frontend/src/features/medical-writing/MedicalWritingSynopsisProjectIntake.jsx,/Users/smkzw/Documents/康哲项目资料/AI/医学经理工作台/implementation/protocol-v3-workbench-mw_protocol_v3_phase0_20260809_111313/frontend/src/features/medical-writing/MedicalWritingSynopsisProjectIntake.jsx,frontend,605,3ac8be685833d6578777e590126fbbd954993c04f7a91c34a92dc4a384bdaea5,SynopsisRequestTimeoutError | readJson | isAbortError | requestJsonWithTimeout | synopsisJobState | synopsisJobMessage | waitForNextPoll | pollSynopsisJob | cancelSynopsisJob | fileRequestKey | formatSize | phaseLabel | MedicalWritingSynopsisProjectIntake,inventory_only; causal review in task packets and TAKEOVER_REVIEW
frontend/src/features/medical-writing/MedicalWritingSynopsisProjectIntake.test.jsx,/Users/smkzw/Documents/康哲项目资料/AI/医学经理工作台/implementation/protocol-v3-workbench-mw_protocol_v3_phase0_20260809_111313/frontend/src/features/medical-writing/MedicalWritingSynopsisProjectIntake.test.jsx,frontend,117,89762723eb902d9393018d77df2f80b22c6369859df9c8ce59f9edb39a1036ac,,inventory_only; causal review in task packets and TAKEOVER_REVIEW
frontend/src/features/medical-writing/ProtocolModuleResolutionPanel.jsx,/Users/smkzw/Documents/康哲项目资料/AI/医学经理工作台/implementation/protocol-v3-workbench-mw_protocol_v3_phase0_20260809_111313/frontend/src/features/medical-writing/ProtocolModuleResolutionPanel.jsx,frontend,225,b18d38f8154ea606296052cd59051de8fcc00391cc733232681fd945cb5fd85d,ProtocolModuleResolutionPanel,inventory_only; causal review in task packets and TAKEOVER_REVIEW
frontend/src/features/medical-writing/StructuredTableDesigner.jsx,/Users/smkzw/Documents/康哲项目资料/AI/医学经理工作台/implementation/protocol-v3-workbench-mw_protocol_v3_phase0_20260809_111313/frontend/src/features/medical-writing/StructuredTableDesigner.jsx,frontend,1655,7792df9f8a6f5fb70e4157b8da36f8ffdec7a4bc24c6e1400da35fe56255377c,cloneValue | localId | positiveInteger | gridIndex | blockTitle | tableDomain | inferredSoaHeaderRows | columnCount | structuredColumnMetadata | structuredRowMetadata | viewModel | synchronizeStructuredTable | materializeBlock | validateStructure | cellLocation | selectedRectangle | compactSourceBoundary | IconButton | StructuredTableDesigner,inventory_only; causal review in task packets and TAKEOVER_REVIEW
frontend/src/features/medical-writing/StudySchemaEditor.jsx,/Users/smkzw/Documents/康哲项目资料/AI/医学经理工作台/implementation/protocol-v3-workbench-mw_protocol_v3_phase0_20260809_111313/frontend/src/features/medical-writing/StudySchemaEditor.jsx,frontend,597,2f2a35aa03ea208409f9928f78278cae92dcd288e86068947351e5ec5a1db452,apiErrorText | readJson | svgDataUrl | clamp | StudySchemaEditor,inventory_only; causal review in task packets and TAKEOVER_REVIEW
frontend/src/features/medical-writing/TableCellRichEditor.jsx,/Users/smkzw/Documents/康哲项目资料/AI/医学经理工作台/implementation/protocol-v3-workbench-mw_protocol_v3_phase0_20260809_111313/frontend/src/features/medical-writing/TableCellRichEditor.jsx,frontend,359,90f8d5baa01e5d8ec38a2dba58beee0e3e4a71cbaccb661fe606ff8f733b597b,numericDataAttribute | blockType | blockAttributes | updateBlock | cellDocument | TableCellRichEditor,inventory_only; causal review in task packets and TAKEOVER_REVIEW
frontend/src/features/medical-writing/WordEditingShortcuts.js,/Users/smkzw/Documents/康哲项目资料/AI/医学经理工作台/implementation/protocol-v3-workbench-mw_protocol_v3_phase0_20260809_111313/frontend/src/features/medical-writing/WordEditingShortcuts.js,frontend,41,ed5388d94aeb458ae5c8281a6d20cc86450058ae6ce39b040187de64e9bf96fc,WordEditingShortcuts,inventory_only; causal review in task packets and TAKEOVER_REVIEW
frontend/src/features/medical-writing/durableJobState.mjs,/Users/smkzw/Documents/康哲项目资料/AI/医学经理工作台/implementation/protocol-v3-workbench-mw_protocol_v3_phase0_20260809_111313/frontend/src/features/medical-writing/durableJobState.mjs,frontend,503,4ee68f61edbccb29a2fae2434a5c67c03c951e350f88d588d734786383af0e28,TERMINAL_STATUSES | LOCATOR_VERSION | GEN_CTX_VERSION | isCompletedSuccess | isTerminal | isValidLocator | isV2Locator | buildLocator | shouldClearLocator | shouldBlockStart | shouldBlockStartForOperation | extractArtifactThreadId | extractArtifactSuggestionIds | extractArtifactPostThreadHash | extractArtifactGenerationContextVersion | extractArtifactRunId | extractArtifactBatchId | extractArtifactSnapshotId | classifyPollOutcome | decideLocatorCleanup | buildTerminalPayload | isStaleCompletion | createScreenGeneration | isScreenGenerationCurrent | resolveRetryJobId | mergeRetryLocator | validateRevisionArtifactExact | acknowledgeRevisionDomain | acknowledgeTriageDomain | acknowledgeTranslationDomain | emptyRevisionJobMap | setOperationJob | clearOperationJob | pickFocusedRevisionJob | durableJobController,inventory_only; causal review in task packets and TAKEOVER_REVIEW
frontend/src/features/medical-writing/durableJobState.test.mjs,/Users/smkzw/Documents/康哲项目资料/AI/医学经理工作台/implementation/protocol-v3-workbench-mw_protocol_v3_phase0_20260809_111313/frontend/src/features/medical-writing/durableJobState.test.mjs,frontend,236,24c36326d97a30a5acfb783e75c3cab43ccb2ddf2be758b8a245f632f8bf75f4,check,inventory_only; causal review in task packets and TAKEOVER_REVIEW
frontend/src/features/medical-writing/editorSourceMapping.js,/Users/smkzw/Documents/康哲项目资料/AI/医学经理工作台/implementation/protocol-v3-workbench-mw_protocol_v3_phase0_20260809_111313/frontend/src/features/medical-writing/editorSourceMapping.js,frontend,160,8f0e60fbf10602356421ae6821008bd2202c5197ac1da04ea936436eaea05bde,editorNodeSourceBlockId | groupEditorNodesBySourceBlockId,inventory_only; causal review in task packets and TAKEOVER_REVIEW
frontend/src/features/medical-writing/protocol-workbench/ChapterDraftPreview.css,/Users/smkzw/Documents/康哲项目资料/AI/医学经理工作台/implementation/protocol-v3-workbench-mw_protocol_v3_phase0_20260809_111313/frontend/src/features/medical-writing/protocol-workbench/ChapterDraftPreview.css,frontend,18,ee95c49cc3dd74be1da1cc4904572f089ae4126f13a6b110c0a094a47465f4f5,,inventory_only; causal review in task packets and TAKEOVER_REVIEW
frontend/src/features/medical-writing/protocol-workbench/ChapterDraftPreview.jsx,/Users/smkzw/Documents/康哲项目资料/AI/医学经理工作台/implementation/protocol-v3-workbench-mw_protocol_v3_phase0_20260809_111313/frontend/src/features/medical-writing/protocol-workbench/ChapterDraftPreview.jsx,frontend,107,3d69f5d41d26a5bfa438e46125f44826d7a05da3976ef4b56eb1db16470a3b7e,orderedGrid | DraftTable | ParagraphEditor | ChapterDraftPreview,inventory_only; causal review in task packets and TAKEOVER_REVIEW
frontend/src/features/medical-writing/protocol-workbench/ChapterDraftPreview.test.jsx,/Users/smkzw/Documents/康哲项目资料/AI/医学经理工作台/implementation/protocol-v3-workbench-mw_protocol_v3_phase0_20260809_111313/frontend/src/features/medical-writing/protocol-workbench/ChapterDraftPreview.test.jsx,frontend,37,9ea79e383910bbb7711fa75d0f9e06a834cb5281b6322754994ff048e3f533f9,,inventory_only; causal review in task packets and TAKEOVER_REVIEW
frontend/src/features/medical-writing/protocol-workbench/DesignElementsCards.css,/Users/smkzw/Documents/康哲项目资料/AI/医学经理工作台/implementation/protocol-v3-workbench-mw_protocol_v3_phase0_20260809_111313/frontend/src/features/medical-writing/protocol-workbench/DesignElementsCards.css,frontend,37,dec9912711c4844d978f6ce484e5a35cafec89e9e158a1fb6dfe24b793e594a2,,inventory_only; causal review in task packets and TAKEOVER_REVIEW
frontend/src/features/medical-writing/protocol-workbench/DesignElementsCards.jsx,/Users/smkzw/Documents/康哲项目资料/AI/医学经理工作台/implementation/protocol-v3-workbench-mw_protocol_v3_phase0_20260809_111313/frontend/src/features/medical-writing/protocol-workbench/DesignElementsCards.jsx,frontend,475,d8682620d70db23bcc6efeee65f9aa37808a16cb9456b022d0a484e60764ecd8,restoreJson | readable | validIndex | selectionIndex | OptionList | CardSection | DesignElementsCards | setCardMessage | saveIntent | clearIntent | markNotExecuted | acceptReceipt | handleApplyFailure | poll | begin | confirmCard | reconcileCard | retryCard | recoverPending,inventory_only; causal review in task packets and TAKEOVER_REVIEW
frontend/src/features/medical-writing/protocol-workbench/DesignElementsCards.test.jsx,/Users/smkzw/Documents/康哲项目资料/AI/医学经理工作台/implementation/protocol-v3-workbench-mw_protocol_v3_phase0_20260809_111313/frontend/src/features/medical-writing/protocol-workbench/DesignElementsCards.test.jsx,frontend,142,933cbe5945b32e332cb0d0fb0dc3e06f114869f79d95cb7c10568feef309dece,missingReceipt | readyApi | renderWithRun,inventory_only; causal review in task packets and TAKEOVER_REVIEW
frontend/src/features/medical-writing/protocol-workbench/ManuscriptWorkspace.css,/Users/smkzw/Documents/康哲项目资料/AI/医学经理工作台/implementation/protocol-v3-workbench-mw_protocol_v3_phase0_20260809_111313/frontend/src/features/medical-writing/protocol-workbench/ManuscriptWorkspace.css,frontend,26,0d9fc8adc911c466a0b70825e3dfef0dc4877b31bbc75bc0bd7cdd685373cc7f,,inventory_only; causal review in task packets and TAKEOVER_REVIEW
frontend/src/features/medical-writing/protocol-workbench/ManuscriptWorkspace.jsx,/Users/smkzw/Documents/康哲项目资料/AI/医学经理工作台/implementation/protocol-v3-workbench-mw_protocol_v3_phase0_20260809_111313/frontend/src/features/medical-writing/protocol-workbench/ManuscriptWorkspace.jsx,frontend,523,579239e6a818d70a920f99ac0c329773aa847cc10cb683691be730fd0f4e6030,savedValue | readableError | residualKeyLabel | summarizeResidualValue | normalizeSavedDocument | savedChapter | historyEntries | HistoryVersions | ManuscriptSession | confirmResidual | deriveFacts | remember | finishSources | read | loadSavedDocument | saveCompleteDraft | begin | resume | retrySources | ManuscriptWorkspace,inventory_only; causal review in task packets and TAKEOVER_REVIEW
frontend/src/features/medical-writing/protocol-workbench/ManuscriptWorkspace.test.jsx,/Users/smkzw/Documents/康哲项目资料/AI/医学经理工作台/implementation/protocol-v3-workbench-mw_protocol_v3_phase0_20260809_111313/frontend/src/features/medical-writing/protocol-workbench/ManuscriptWorkspace.test.jsx,frontend,65,5719752eb931818aa5ed66765e22890f93de9775052287ff15cfa15c56f577f6,,inventory_only; causal review in task packets and TAKEOVER_REVIEW
frontend/src/features/medical-writing/protocol-workbench/ProtocolIntakeWorkspace.css,/Users/smkzw/Documents/康哲项目资料/AI/医学经理工作台/implementation/protocol-v3-workbench-mw_protocol_v3_phase0_20260809_111313/frontend/src/features/medical-writing/protocol-workbench/ProtocolIntakeWorkspace.css,frontend,225,95edc840834b18440553c670f8777a123091870c76eda34c60c860830a7835f8,,inventory_only; causal review in task packets and TAKEOVER_REVIEW
frontend/src/features/medical-writing/protocol-workbench/ProtocolIntakeWorkspace.jsx,/Users/smkzw/Documents/康哲项目资料/AI/医学经理工作台/implementation/protocol-v3-workbench-mw_protocol_v3_phase0_20260809_111313/frontend/src/features/medical-writing/protocol-workbench/ProtocolIntakeWorkspace.jsx,frontend,249,3dc04f66f064115377f390886f8a8e0b44fca1f9165f59b6a10581c29d362818,pending | restored | publicError | IntakeProject | remember | prepare | recoverPending | resume | ProtocolIntakeWorkspace,inventory_only; causal review in task packets and TAKEOVER_REVIEW
frontend/src/features/medical-writing/protocol-workbench/ProtocolIntakeWorkspace.test.jsx,/Users/smkzw/Documents/康哲项目资料/AI/医学经理工作台/implementation/protocol-v3-workbench-mw_protocol_v3_phase0_20260809_111313/frontend/src/features/medical-writing/protocol-workbench/ProtocolIntakeWorkspace.test.jsx,frontend,148,c215ab393e726ecba48d807eec0fb62f7e7e3a8f7a8cae58daee3a14d9ea173e,api,inventory_only; causal review in task packets and TAKEOVER_REVIEW
frontend/src/features/medical-writing/protocol-workbench/ProtocolSourceIntake.css,/Users/smkzw/Documents/康哲项目资料/AI/医学经理工作台/implementation/protocol-v3-workbench-mw_protocol_v3_phase0_20260809_111313/frontend/src/features/medical-writing/protocol-workbench/ProtocolSourceIntake.css,frontend,407,4ee30d53b709471590ce324012e3d6f8977e5864a6c62dc859490c84927ecacd,,inventory_only; causal review in task packets and TAKEOVER_REVIEW
frontend/src/features/medical-writing/protocol-workbench/ProtocolSourceIntake.jsx,/Users/smkzw/Documents/康哲项目资料/AI/医学经理工作台/implementation/protocol-v3-workbench-mw_protocol_v3_phase0_20260809_111313/frontend/src/features/medical-writing/protocol-workbench/ProtocolSourceIntake.jsx,frontend,755,1d7dbacc86476f6459ffdcd2c812a0c870be3702b8b3c54b96df8e72ba24fe1a,isAbortError | isChineseText | errorMessageOf | nextStepOf | roleLabel | versionText | jurisdictionText | currentValue | isStoredSource | sourceListFrom | ProtocolSourceIntake | setImportBusyState | setCorrectionBusyState | isLive | acceptSourceList | acceptCurrentRecord | refreshSources | stageFile | confirmImport | openCorrection | patchCorrection | submitCorrection | toggleIncluded | handlePrepare,inventory_only; causal review in task packets and TAKEOVER_REVIEW
frontend/src/features/medical-writing/protocol-workbench/ProtocolSourceIntake.test.jsx,/Users/smkzw/Documents/康哲项目资料/AI/医学经理工作台/implementation/protocol-v3-workbench-mw_protocol_v3_phase0_20260809_111313/frontend/src/features/medical-writing/protocol-workbench/ProtocolSourceIntake.test.jsx,frontend,597,5bf2542687d9f1fdb77a3044f3a6883e74d9ccca74407575d3b61af42475f4c9,sourceRecord | createFakeApi | deferred | docxFile | stageAndSave,inventory_only; causal review in task packets and TAKEOVER_REVIEW
frontend/src/features/medical-writing/protocol-workbench/ProtocolWritingDesk.jsx,/Users/smkzw/Documents/康哲项目资料/AI/医学经理工作台/implementation/protocol-v3-workbench-mw_protocol_v3_phase0_20260809_111313/frontend/src/features/medical-writing/protocol-workbench/ProtocolWritingDesk.jsx,frontend,17,a80e34eabcbe8de6dd663003e09dfb3e67be72aa9ad42532f19a760ae6a9ed3e,ProtocolWritingDesk,inventory_only; causal review in task packets and TAKEOVER_REVIEW
frontend/src/features/medical-writing/protocol-workbench/RegimenAdoptionCard.jsx,/Users/smkzw/Documents/康哲项目资料/AI/医学经理工作台/implementation/protocol-v3-workbench-mw_protocol_v3_phase0_20260809_111313/frontend/src/features/medical-writing/protocol-workbench/RegimenAdoptionCard.jsx,frontend,157,9c1f8dee293503d61ec4d1cd198b0d11193699363441f2f5622ac56e0677a962,restored | publicMessage | AdoptionSession | accept | readValidity | read | confirm | RegimenAdoptionCard,inventory_only; causal review in task packets and TAKEOVER_REVIEW
frontend/src/features/medical-writing/protocol-workbench/RegimenAdoptionCard.test.jsx,/Users/smkzw/Documents/康哲项目资料/AI/医学经理工作台/implementation/protocol-v3-workbench-mw_protocol_v3_phase0_20260809_111313/frontend/src/features/medical-writing/protocol-workbench/RegimenAdoptionCard.test.jsx,frontend,154,2dae84ea0622bb1e46492e73c4d447fff70e4e3fddf00ae6ea66ace9836f51a5,,inventory_only; causal review in task packets and TAKEOVER_REVIEW
frontend/src/features/medical-writing/protocol-workbench/RegimenDesignWorkspace.jsx,/Users/smkzw/Documents/康哲项目资料/AI/医学经理工作台/implementation/protocol-v3-workbench-mw_protocol_v3_phase0_20260809_111313/frontend/src/features/medical-writing/protocol-workbench/RegimenDesignWorkspace.jsx,frontend,189,47c107cca639756411f59572765223306bf2ff1e9e226a7e0ff130af2526122f,readSaved | checked | message | DesignSession | remember | start | readHistory | RegimenDesignWorkspace,inventory_only; causal review in task packets and TAKEOVER_REVIEW
frontend/src/features/medical-writing/protocol-workbench/RegimenDesignWorkspace.test.jsx,/Users/smkzw/Documents/康哲项目资料/AI/医学经理工作台/implementation/protocol-v3-workbench-mw_protocol_v3_phase0_20260809_111313/frontend/src/features/medical-writing/protocol-workbench/RegimenDesignWorkspace.test.jsx,frontend,134,14cc0dc79cf832726fa79e49243a0ce0cbcd26528f3616a2c0320170faeeb767,,inventory_only; causal review in task packets and TAKEOVER_REVIEW
frontend/src/features/medical-writing/protocol-workbench/RegimenProposalCard.css,/Users/smkzw/Documents/康哲项目资料/AI/医学经理工作台/implementation/protocol-v3-workbench-mw_protocol_v3_phase0_20260809_111313/frontend/src/features/medical-writing/protocol-workbench/RegimenProposalCard.css,frontend,325,a13182d797ac600fb3ee4827bb768d1c492249e827df1e52d9edea9804c2c881,,inventory_only; causal review in task packets and TAKEOVER_REVIEW
frontend/src/features/medical-writing/protocol-workbench/RegimenProposalCard.jsx,/Users/smkzw/Documents/康哲项目资料/AI/医学经理工作台/implementation/protocol-v3-workbench-mw_protocol_v3_phase0_20260809_111313/frontend/src/features/medical-writing/protocol-workbench/RegimenProposalCard.jsx,frontend,243,caf26f54c42d2003b88d990fd5f3179a02c3f0739637ed32fb9bf10564b57e63,supportLabel | kindLabel | quantityText | publicError | resolveDownloadUrl | openItems | periodById | armById | StepEvidence | ScheduleUnit | RegimenProposalCard | handleConfirm,inventory_only; causal review in task packets and TAKEOVER_REVIEW
frontend/src/features/medical-writing/protocol-workbench/RegimenProposalCard.test.jsx,/Users/smkzw/Documents/康哲项目资料/AI/医学经理工作台/implementation/protocol-v3-workbench-mw_protocol_v3_phase0_20260809_111313/frontend/src/features/medical-writing/protocol-workbench/RegimenProposalCard.test.jsx,frontend,290,3099d7d74626bdc81ec5c0d5e689522632fab592e70df417218add9f585a99a4,readyProposal,inventory_only; causal review in task packets and TAKEOVER_REVIEW
frontend/src/features/medical-writing/protocol-workbench/ResearchInformationCard.jsx,/Users/smkzw/Documents/康哲项目资料/AI/医学经理工作台/implementation/protocol-v3-workbench-mw_protocol_v3_phase0_20260809_111313/frontend/src/features/medical-writing/protocol-workbench/ResearchInformationCard.jsx,frontend,141,64deba633116868e78571ec4dd24442560951d926108e4a024edd06ee057f47b,restored | basicValue | displayValue | message | Session | editValues | accept | load | confirm | ResearchInformationCard,inventory_only; causal review in task packets and TAKEOVER_REVIEW
frontend/src/features/medical-writing/protocol-workbench/ResearchInformationCard.test.jsx,/Users/smkzw/Documents/康哲项目资料/AI/医学经理工作台/implementation/protocol-v3-workbench-mw_protocol_v3_phase0_20260809_111313/frontend/src/features/medical-writing/protocol-workbench/ResearchInformationCard.test.jsx,frontend,122,36a34ba989f12b08f01149ce07d1427f995a04fb6be18a4686f5487f741fed6b,,inventory_only; causal review in task packets and TAKEOVER_REVIEW
frontend/src/features/medical-writing/protocol-workbench/StudyContextWorkspace.jsx,/Users/smkzw/Documents/康哲项目资料/AI/医学经理工作台/implementation/protocol-v3-workbench-mw_protocol_v3_phase0_20260809_111313/frontend/src/features/medical-writing/protocol-workbench/StudyContextWorkspace.jsx,frontend,104,fd720643a74e93de346e21eef818767badf44f08afb089688d425821b67fdf9b,restored | message | ContextSession | execute | load | save | StudyContextWorkspace,inventory_only; causal review in task packets and TAKEOVER_REVIEW
frontend/src/features/medical-writing/protocol-workbench/StudyContextWorkspace.test.jsx,/Users/smkzw/Documents/康哲项目资料/AI/医学经理工作台/implementation/protocol-v3-workbench-mw_protocol_v3_phase0_20260809_111313/frontend/src/features/medical-writing/protocol-workbench/StudyContextWorkspace.test.jsx,frontend,50,3b7ada5a757d58afaa3720d06d1c21dbc55805e1d2e229b2aabd4d7b94ffe2a0,,inventory_only; causal review in task packets and TAKEOVER_REVIEW
frontend/src/features/medical-writing/protocol-workbench/kangzheProtocol.css,/Users/smkzw/Documents/康哲项目资料/AI/医学经理工作台/implementation/protocol-v3-workbench-mw_protocol_v3_phase0_20260809_111313/frontend/src/features/medical-writing/protocol-workbench/kangzheProtocol.css,frontend,25,dc8f0463e31428273815fb57b43504d5c5f0fe0b8661e4d862354bd034e260b1,,inventory_only; causal review in task packets and TAKEOVER_REVIEW
frontend/src/features/medical-writing/protocol-workbench/office/GenOfficeFrame.css,/Users/smkzw/Documents/康哲项目资料/AI/医学经理工作台/implementation/protocol-v3-workbench-mw_protocol_v3_phase0_20260809_111313/frontend/src/features/medical-writing/protocol-workbench/office/GenOfficeFrame.css,frontend,62,c01ddfcf94bcc501613c7e20af5a30e88e52aa661648b9faca94f71eb6859dad,,inventory_only; causal review in task packets and TAKEOVER_REVIEW
frontend/src/features/medical-writing/protocol-workbench/office/GenOfficeFrame.jsx,/Users/smkzw/Documents/康哲项目资料/AI/医学经理工作台/implementation/protocol-v3-workbench-mw_protocol_v3_phase0_20260809_111313/frontend/src/features/medical-writing/protocol-workbench/office/GenOfficeFrame.jsx,frontend,237,38041b1efb704ac9cc24cc7ededd32497ddbc2d5716802518efd4630943d2949,bundleInstalled | GenOfficeFrame | snapshotUrl | receiveSave | belongsToOlderDraft | beginSession | requestClose,inventory_only; causal review in task packets and TAKEOVER_REVIEW
frontend/src/features/medical-writing/protocol-workbench/office/GenOfficeFrame.test.jsx,/Users/smkzw/Documents/康哲项目资料/AI/医学经理工作台/implementation/protocol-v3-workbench-mw_protocol_v3_phase0_20260809_111313/frontend/src/features/medical-writing/protocol-workbench/office/GenOfficeFrame.test.jsx,frontend,84,fff8e4d96db351e525deabc557096ba95c148bee5f7643952b4868128f6dbcaa,,inventory_only; causal review in task packets and TAKEOVER_REVIEW
frontend/src/features/medical-writing/protocol-workbench/office/bridge-shim.test.mjs,/Users/smkzw/Documents/康哲项目资料/AI/医学经理工作台/implementation/protocol-v3-workbench-mw_protocol_v3_phase0_20260809_111313/frontend/src/features/medical-writing/protocol-workbench/office/bridge-shim.test.mjs,frontend,47,6f182ceb2c8d2c0493928bdbd4122c0dd2ff1a9a113456ab023394c9db93a2ac,bridge,inventory_only; causal review in task packets and TAKEOVER_REVIEW
frontend/src/features/medical-writing/protocol-workbench/protocolSourceApi.test.mjs,/Users/smkzw/Documents/康哲项目资料/AI/医学经理工作台/implementation/protocol-v3-workbench-mw_protocol_v3_phase0_20260809_111313/frontend/src/features/medical-writing/protocol-workbench/protocolSourceApi.test.mjs,frontend,199,6dc86883bb15916b75a713a3246a37b6ce8f4c21068adff235b1f2f245a72ff0,,inventory_only; causal review in task packets and TAKEOVER_REVIEW
frontend/src/features/medical-writing/protocol-workbench/protocolWorkspaceApi.mjs,/Users/smkzw/Documents/康哲项目资料/AI/医学经理工作台/implementation/protocol-v3-workbench-mw_protocol_v3_phase0_20260809_111313/frontend/src/features/medical-writing/protocol-workbench/protocolWorkspaceApi.mjs,frontend,435,4098309bffb968b678b2d8297cbae6e09e1aca744d6204dfddbdb9bd3cb85774,ProtocolWorkspaceApiError | projectPath | workflowPath | createProtocolWorkspaceApi,inventory_only; causal review in task packets and TAKEOVER_REVIEW
frontend/src/features/medical-writing/protocol-workbench/sourceRoleLabels.mjs,/Users/smkzw/Documents/康哲项目资料/AI/医学经理工作台/implementation/protocol-v3-workbench-mw_protocol_v3_phase0_20260809_111313/frontend/src/features/medical-writing/protocol-workbench/sourceRoleLabels.mjs,frontend,20,84737d78a979559991c7da4664436d77a601e763df7d36fe2b247ca6725efb64,SOURCE_ROLE_OPTIONS | ROLE_LABELS | sourceRoleDisplayText,inventory_only; causal review in task packets and TAKEOVER_REVIEW
frontend/src/features/medical-writing/structured-table-designer.css,/Users/smkzw/Documents/康哲项目资料/AI/医学经理工作台/implementation/protocol-v3-workbench-mw_protocol_v3_phase0_20260809_111313/frontend/src/features/medical-writing/structured-table-designer.css,frontend,970,17bf9375a90ff8000f06fb9aad67e0c5adc038324f74e59c074a07346578fe90,,inventory_only; causal review in task packets and TAKEOVER_REVIEW
frontend/src/features/medical-writing/useDurableMwJob.js,/Users/smkzw/Documents/康哲项目资料/AI/医学经理工作台/implementation/protocol-v3-workbench-mw_protocol_v3_phase0_20260809_111313/frontend/src/features/medical-writing/useDurableMwJob.js,frontend,470,9ea2f2a5e29d3403f33198dbe4371d522b252fa5ab2173902f48d9bf7ae628c8,readJson | apiErrorText | pollDurableMwJob | resolveDomainAck | useDurableMwJob,inventory_only; causal review in task packets and TAKEOVER_REVIEW
packages/contracts/workbench_contracts/__init__.py,/Users/smkzw/Documents/康哲项目资料/AI/医学经理工作台/implementation/protocol-v3-workbench-mw_protocol_v3_phase0_20260809_111313/packages/contracts/workbench_contracts/__init__.py,contracts,963,c78ccb7ee2de3cf1d858402f078510914264f2a0759abdbcddc06c2f27406aef,,inventory_only; causal review in task packets and TAKEOVER_REVIEW
packages/contracts/workbench_contracts/models.py,/Users/smkzw/Documents/康哲项目资料/AI/医学经理工作台/implementation/protocol-v3-workbench-mw_protocol_v3_phase0_20260809_111313/packages/contracts/workbench_contracts/models.py,contracts,11973,98eb7fd3ff984fffa235acf38ddc98a1e83c0d3a9155309c1adaa1251587b8e1,WorkbenchModel | ApprovalState | ApprovalAction | RiskSeverity | RiskStatus | Project | UserProjectCreateRequest | EvidenceSource | EvidenceSpan | DataBatch | RiskEvidenceFragmentSnapshot | RiskCase | ApprovalGate | ApprovalBlocker | ApprovalActionRequest | ApprovalDecisionRecord | AiTaskRunStatus | AiTaskOutputValidationStatus | AiTaskSourceRef | AiTaskRequest | SourceRegistryEntry | SourceRegistrySpan | SourceRegistrationResult | SourceContentValidationCheck | SourceContentValidationRecord | SourceContentValidationConfirmationRequest | SourceValidationBinding | SourceAdmissionSource | SourceAdmissionState | AiTaskFromRegistryRequest | AiTaskEvidenceEntry | AiTaskArtifact | AiTaskRun | WorkbenchItemAction | WorkbenchItemActionRequest | MonitoringMedicalJudgments | RuxRiskDispositionAction | MonitoringRiskDispositionKind | RuxRiskDispositionActionRequest | WorkbenchItemSourceRef | RuxRiskDispositionRecord | WorkbenchItem | WorkbenchModuleInboxSummary | WorkbenchInboxActionRecord | WorkbenchInboxResult | AiRun | ModuleManifest | ModuleCatalog | AuditEvent | ApprovalActionResult | EligibilityCriterionKind | EligibilityInclusionDecision | EligibilityExclusionDecision | EligibilityReviewAction | EligibilityEvidenceProcessingState | EligibilityEvidenceJobKind | EligibilityEvidenceJobStatus | EligibilityVlmMediaClass | EligibilityVlmDocumentType | EligibilityVlmCaptureQualityOverall | EligibilityVlmCaptureQualityFlag | EligibilityVlmOrientation | EligibilityVlmHumanAttention | EligibilityVlmGatewayOutcome | EligibilityVlmCaptureQuality | EligibilityVlmDescriptor | _validate_closed_ordered_array | EligibilityEvidenceJobCreateRequest | EligibilityEvidenceJobCancelRequest | EligibilityEvidenceJob | EligibilityEvidenceJobCreateResult | EligibilityEvidenceArtifactSummary | EligibilityEvidenceVisualQcResult | EligibilityEvidenceVisualQcRequest | EligibilityEvidenceVisualQcResponse | EligibilitySubjectAggregateStatus | _decision_enum_for_kind | _coerce_decisions_for_kind | EligibilityReviewActionRequest | EligibilityReviewState | EligibilityReviewActionResult | EligibilitySubjectAggregate | EligibilityRuleType | EligibilityRuleVerdict | EligibilityCandidateStatus | EligibilityOverallConclusion | EligibilityEvidence | EligibilityActionItem | EligibilityRuleReview | EligibilityCandidate | EligibilityReviewPhase | EligibilitySubjectPhaseReview | EligibilitySubjectRow | EligibilityRuleDefinition | EligibilityPoolSummary | EligibilityTaskEntry | EligibilityProjectStats | EligibilityAuditSummary | EligibilityAvailableAction | EligibilityReviewDataset | _validate_section_drafting_readiness | ProtocolSection | StructuredTableDomain | StructuredTableRole | StructuredTableNoteType | StructuredTableColumn | StructuredTableCell | StructuredTableRow | StructuredTableNote | StructuredTable | SoaEpoch | SoaVisit | SoaActivity | SoaCellPlan | ScheduleOfActivitiesDefinition | ProtocolDocument | MedicalWritingPreviewBlock | MedicalWritingPreviewPage | medical_writing_word_verification_manifest_sha256 | MedicalWritingWordVerificationPage | MedicalWritingWordVerificationReceipt | MedicalWritingWordVerificationSubmitRequest | MedicalWritingDocumentPreview | MedicalWritingStudyConsistencySection | MedicalWritingStudyConsistencyStatus | MedicalWritingStudyRebindPreview | MedicalWritingStudyRebindRequest | MedicalWritingStudyRebindResult | MedicalWritingStyleProfileDefinition | MedicalWritingCorpusSnapshotDefinition | MedicalWritingSharedCorpusReviewRequest | MedicalWritingSharedCorpusAdmissionRequest | MedicalWritingSharedCorpusCandidate | MedicalWritingSharedCorpusCatalog | MedicalWritingProtocolTemplateNode | MedicalWritingProtocolModuleResolution | MedicalWritingProtocolTemplateDefinition | MedicalWritingProductEvidenceFact | MedicalWritingInvestigationalProductProfile | MedicalWritingMinimumProductFactPacket | MedicalWritingPhase1Part | MedicalWritingInterimAnalysisDesign | _normalize_complex_design_fields | _clear_complex_design_fields | MedicalWritingTreatmentSwitchDesign | MedicalWritingCrossoverDesign | MedicalWritingOpenLabelExtensionDesign | MedicalWritingSampleSizeReestimationDesign | MedicalWritingAdaptiveDesign | MedicalWritingStructuredStudyDesign | MedicalWritingStudyFraming | MedicalWritingPicosFieldApplicability | MedicalWritingInstrumentSourceBinding | MedicalWritingInstrumentRightsState | MedicalWritingInstrumentTranslationState | MedicalWritingAssessmentInstrumentUse | InterventionRulesAuthority | InterventionRulesProductRole | InterventionRulesIpAdjustmentPolicy | InterventionRulesIpActionKind | InterventionRulesNonIpRuleClass | InterventionRulesNonIpPolicy | InterventionRulesLinkSourceKind | InterventionRulesLinkAction | MedicalWritingInterventionIpRegimen | MedicalWritingInterventionIpActionRule | MedicalWritingInterventionNonIpTreatmentRule | MedicalWritingInterventionCrossObjectLink | MedicalWritingInterventionRules | MedicalWritingPicosDefinition | MedicalWritingAuthoringStageDraft | MedicalWritingSynopsisSource | MedicalWritingSynopsisEvidenceSpan | MedicalWritingSynopsisImport | MedicalWritingStudyFactEvidence | MedicalWritingStudyFactState | MedicalWritingStudySchemaSourceBinding | MedicalWritingStudySchemaPart | MedicalWritingStudySchemaNode | MedicalWritingStudySchemaEdge | MedicalWritingStudySchemaDefinition | MedicalWritingStudySchemaLayoutOverride | MedicalWritingStudySchemaPresentation | MedicalWritingStudySchemaValidationIssue | MedicalWritingStudySchemaSnapshot | MedicalWritingStudySchemaImpactPreviewRequest | MedicalWritingStudySchemaImpactPreview | MedicalWritingStudySchemaCommitRequest | MedicalWritingStudySchemaLayoutUpdateRequest | MedicalWritingStudySchemaFigureProjectRequest | MedicalWritingInterventionRulesProjectRequest | MedicalWritingStudyDefinition | medical_writing_protocol_assembly_sha256 | MedicalWritingProtocolAssemblyFactReference | MedicalWritingProtocolAssemblyDesignDriver | MedicalWritingProtocolAssemblyUnresolvedQuestion | MedicalWritingProtocolAssemblyModuleResolution | MedicalWritingProtocolAssemblyProjectionManifest | MedicalWritingProtocolAssemblyPlan | MedicalWritingNormalizedDesignView | MedicalWritingNormalizedDesignProjection | MedicalWritingNormalizedDesignProjectionWithSources | MedicalWritingProtocolAssemblyPlanPreviewRequest | MedicalWritingProtocolAssemblyPlanRefreshRequest | MedicalWritingProtocolAssemblyPlanConfirmRequest | MedicalWritingProtocolAssemblyPlanChangeResult | MedicalWritingProtocolAssemblyPlanCurrentState | MedicalWritingProtocolAssemblyConsumerProjection | MedicalWritingDocumentCreationReservation | MedicalWritingCompetitorRegistryFilter | MedicalWritingCompetitorTriageCriterion | MedicalWritingCompetitorSearchPlan | _medical_writing_ctgov_phases | medical_writing_competitor_search_contract | MedicalWritingCorpusGateOverride | MedicalWritingCorpusRequirementStatus | MedicalWritingCorpusTriage | DiscoveryBasketProjection | MedicalWritingPicosCorpusAlignment | MedicalWritingCorpusGate | MedicalWritingAuthoringJourney | MedicalWritingAuthoringJourneyCreateRequest | MedicalWritingSynopsisImportConfirmRequest | MedicalWritingLegacyAuthoringBootstrapPrepareRequest | MedicalWritingLegacyAuthoringBootstrapConfirmRequest | MedicalWritingLegacyAuthoringBootstrapStatus | MedicalWritingSynopsisProjectCreateRequest | SynopsisImportJobProgress | SynopsisImportJobChunk | SynopsisImportJob | SynopsisImportJobStartResponse | SynopsisImportJobStatusResponse | SynopsisImportJobCancelResponse | MedicalWritingJourneyImpactPreviewRequest | MedicalWritingJourneyImpactPreview | MedicalWritingAuthoringJourneyCommitRequest | MedicalWritingAuthoringJourneyDraftSaveRequest | MedicalWritingCorpusGateOverrideRequest | MedicalWritingCorpusTriageFinalizeRequest | MedicalWritingPicosCorpusAlignmentRequest | MedicalWritingCompetitorSearchExecuteRequest | AuthoringPrefillEvidenceRef | AuthoringPrefillCandidate | AuthoringPrefillFieldCandidates | AuthoringPrefillProgress | AuthoringPrefillPackage | AuthoringPrefillGenerateRequest | AuthoringPrefillAdoptRequest | AuthoringPrefillCompositeAdoptRequest | AuthoringPrefillCompositeSkippedPath | AuthoringPrefillCompositeAdoptReceipt | AuthoringPrefillCompositeAdoptResult | AuthoringPrefillEvidenceCatalogEntry | AuthoringPrefillClaimBinding | AuthoringPrefillEvidenceCatalog | MedicalWritingGreenfieldSectionSeed | MedicalWritingGreenfieldDecision | MedicalWritingGreenfieldCreateRequest | MedicalWritingGreenfieldCreateResult | MedicalWritingGreenfieldDecisionResolveRequest | MedicalWritingGreenfieldDecisionResolveResult | MedicalWritingProtocolModuleResolutionApplyRequest | MedicalWritingProtocolModuleResolutionApplyResult | MedicalWritingTemplateUpgradeSectionMapping | MedicalWritingTemplateUpgradePreview | MedicalWritingTemplateUpgradeApplyRequest | MedicalWritingTemplateUpgradeApplyResult | MedicalWritingTemplateUpgradeRollbackRequest | MedicalWritingTemplateUpgradeRollbackResult | MedicalWritingWorkingCopy | MedicalWritingSectionFreezeRequest | MedicalWritingSectionFreezeRecord | MedicalWritingSectionFreezeResult | MedicalWritingSectionFreezeGap | MedicalWritingFinalFreezeReadiness | MedicalWritingStudyReconciliationConfirmRequest | MedicalWritingStudyReconciliationConfirmResult | MedicalWritingWorkingCopySaveRequest | MedicalWritingWorkingCopyBindingRecoveryRequest | MedicalWritingWorkingCopyBindingRecoveryResult | MedicalWritingContentDispositionStatus | MedicalWritingContentFinding | MedicalWritingContentDispositionRequest | MedicalWritingContentDispositionRecord | MedicalWritingContentQualityResult | MedicalWritingTableBatchUpdateRequest | MedicalWritingTableBatchUpdateResult | MedicalWritingRevisionApplyRequest | MedicalWritingRevisionApplyResult | MedicalWritingTableCellAnchor | RevisionDiffSegment | canonical_revision_diff_segments | RevisionImpactRef | RevisionProtectedTokenIssue | RevisionSuggestion | RevisionAction | RevisionThread | MedicalWritingRevisionRequest | MedicalWritingRevisionResult | MedicalWritingReferenceManualMetadata | MedicalWritingReferenceImportRequest | MedicalWritingProjectReference | MedicalWritingReferenceImportResult | MedicalWritingCitationStyleUpdateRequest | MedicalWritingLiteratureLibrary | WritingReferenceSearchRequest | WritingReferenceSearchCreateRequest | WritingReferencePublicDocument | WritingReferenceTrialIntervention | WritingReferenceTrialCandidate | WritingReferenceSearchSnapshot | WritingReferenceRelevanceDecisionRequest | WritingReferenceRelevanceDecision | CompetitorTriageClassification | CompetitorTriageRunStatus | CompetitorTriageChunkStatus | CompetitorTriageCandidateDocumentSuitability | CompetitorTriageMatchingDimension | CompetitorTriageCandidateResult | CompetitorTriageProvenance | CompetitorTriageChunkRecord | CompetitorTriageRun | CompetitorTriageCreateRequest | CompetitorTriageRetryRequest | CompetitorTriageBasketConfirmationRequest | CompetitorTriageProjectionRetryRequest | CompetitorTriageConfirmationRecord | CompetitorTriageRunSummary | CompetitorTriageRunResponse | WritingReferenceDocumentIngestRequest | WritingReferenceManualDocumentUploadRequest | WritingReferenceExtractionRequest | WritingReferenceOcrConsistencyRecheckRequest | WritingReferenceOcrConsistencyBatchDispositionRequest | WritingReferencePreparationBatchCreateRequest | WritingReferencePreparationBatchStageAdvanceRequest | WritingReferencePreparationBatchRetryRequest | WritingReferencePreparationProgress | WritingReferencePreparationStageState | WritingReferencePreparationBatchItem | WritingReferencePreparationBatch | WritingReferenceDocumentArtifact | WritingReferenceSourceFragment | WritingReferenceSkippedInterstitial | WritingReferenceExtractedSpan | WritingReferenceOcrPageEvidence | WritingReferenceExtractionResult | WritingReferenceOcrConsistencyQcRecheck | WritingReferenceOcrConsistencyMedicalDisposition | WritingReferenceOcrConsistencyEffectiveProjection | WritingReferenceOcrConsistencyMedicalDispositionTarget | WritingReferenceOcrConsistencyMedicalDispositionOutcome | WritingReferenceOcrConsistencyBatchMedicalDispositionResult | WritingReferenceExtractionReviewDecision | WritingReferenceExtractionReviewRequest | WritingReferenceDocumentValidationCheck | WritingReferenceDocumentValidationRecord | WritingReferenceDocumentValidationOverrideRequest | WritingReferenceTranslationRevision | DocumentStructurePlanChapter | DocumentStructurePlan | TranslationChunkRecord | ChapterIntegrationWindow | ChapterIntegrationResult | CompositePipelineRunStage | CompositePipelineRun | WritingReferenceTranslationRequest | WritingReferenceTranslationRevisionRequest | WritingReferenceUpperLayerProviderCallAttempt | WritingReferenceUpperLayerStageRun | WritingReferenceUpperLayerEscalationLineage | WritingReferenceUpperLayerStageCapability | WritingReferenceUpperLayerCapabilities | WritingReferenceUpperLayerRetryRequest | WritingReferenceTranslationBatchPreviewRequest | WritingReferenceTranslationBatchCreateRequest | WritingReferenceTranslationBatchRetryRequest | WritingReferenceTranslationDownstreamTransitionRequest | WritingReferenceTranslationDownstreamTransitionRecord | WritingReferenceTranslationDownstreamTransitionState | WritingReferenceTranslationDownstreamTransitionResult | WritingReferenceTranslationBatchReviewTarget | WritingReferenceTranslationBatchMedicalReviewRequest | WritingReferenceTranslationBatchReviewItemOutcome | WritingReferenceTranslationBatchMedicalReviewResult | WritingReferenceTranslationBatchAnchorSummary | WritingReferenceTranslationBatchExclusion | WritingReferenceTranslationBatchItem | WritingReferenceTranslationBatchCounts | WritingReferenceTranslationBatchPreview | WritingReferenceTranslationBatch | WritingReferenceMedicalReviewRequest | WritingReferenceAdmissionRequest | WritingReferenceInvalidationRequest | WritingReferenceMedicalReviewDecision | WritingReferenceEvidenceBrief | RevisionActionRequest | RevisionAcceptAndApplyRequest | RevisionActionResult | SubjectTimelineEventType | SubjectTimelineEventDatePrecision | SubjectTimelineEventSubtype | SubjectDomainAvailabilityStatus | SubjectTrendDomain | SubjectTrendDirection | SubjectOverview | SubjectVisitAnchor | SubjectTimelineEvent | SubjectTrendPoint | SubjectTrendMetric | SubjectDomainAvailability | TimepointRiskPrompt | SubjectMonitoringDrilldown | ListingSheetPayload | MonitoringIntakeRequest | MonitoringBatchValidationEvidenceRequest | MonitoringBatchConfirmFullSnapshotRequest | MonitoringDerivedSnapshotSheetFact | MonitoringBatchVerifyDerivedSnapshotRequest | MonitoringBatchTransitionRequest | FieldMappingCandidate | ListingDiffSummary | RuleRunSummary | MonitoringIntakeResult | ClinicalDatasetSummary | TflOutputSummary | TflPackageSummary | TflManifestResult | TflReviewAction | TflReviewActionRequest | TflReviewRecord | TflReviewQualityGate | TflReviewWorkbenchResult | TflWritingCitationCandidate | TflWritingCitationManifestResult | SafetySourceDocumentSummary | SafetyListingDomainSummary | SafetySignalCandidate | SafetyReviewAction | SafetyReviewActionRequest | SafetyReviewRecord | SafetyQualityGate | SafetySourcePackageSummary | SafetyPvManifestResult | SafetyReviewWorkbenchResult | SafetyPvHandoffCandidate | SafetyMonitoringCollaborationHandoff | SafetyPvHandoffManifestResult | EvidenceSourceDocumentSummary | CompetitiveProductSummary | CompetitiveTrialDesignSummary | CompetitiveResultEndpointSummary | EvidencePicosOptionTemplate | EvidencePicosQuestion | EvidencePicosDecisionAction | EvidencePicosDecisionOption | EvidencePicosDecisionRecord | EvidencePicosWorkflowStep | EvidencePicosActionRequest | EvidencePicosQuestionState | EvidencePicosWorkingState | EvidenceReviewAction | EvidenceReviewActionRequest | EvidenceReviewRecord | EvidenceReviewState | EvidencePicosWorkflowResult | EvidencePicosSnapshot | EvidencePicosWritingHandoff | EvidencePicosSubmitApprovalRequest | EvidencePicosApprovalSubmissionResult | EvidencePicosHandoffRequest | EvidenceAiRevisionAction | EvidenceAiRevisionProposal | EvidenceAiRevisionThread | EvidenceAiRevisionRequest | EvidenceAiRevisionActionRequest | EvidenceAiRevisionResult | EvidenceQualityGate | EvidencePackageCatalogSummary | EvidencePackageCatalogResult | EvidenceCandidateSummary | EvidenceCandidateDetail | EvidenceCandidatePage | EvidenceDesignPackageSummary | EvidenceDesignManifestResult | WritingSourceDocumentSummary | WritingSectionSummary | WritingTableSummary | WritingQualityGate | WritingSourcePackageSummary | MedicalWritingManifestResult | ModuleStatus | DashboardSummary | MedicalWritingFactIntakeScope | MedicalWritingFactIntakeFactKind | MedicalWritingFactIntakeProposalDecision | MedicalWritingFactIntakeProposal | MedicalWritingFactIntakeTurnKind | MedicalWritingFactIntakeMessage | MedicalWritingFactIntakeConversation | MedicalWritingFactIntakeConversationCreateRequest | MedicalWritingFactIntakeTurnRequest | MedicalWritingFactIntakeTurnResult | MedicalWritingFactIntakeApplyDecision | MedicalWritingFactIntakeApplyRequest | MedicalWritingFactIntakeApplyResult | MedicalWritingFactIntakeConflictError | DurableJobProgressPayload | DurableJobRequestConflict | DurableJobNotFound | DurableJobCreateRequest | DurableJobRecord | DurableJobStartResponse | DurableJobClaimResult | DurableJobCancelResult | DurableJobRetryResult,inventory_only; causal review in task packets and TAKEOVER_REVIEW
packages/contracts/workbench_contracts/protected_tokens.py,/Users/smkzw/Documents/康哲项目资料/AI/医学经理工作台/implementation/protocol-v3-workbench-mw_protocol_v3_phase0_20260809_111313/packages/contracts/workbench_contracts/protected_tokens.py,contracts,502,ac0042ec2cf90dac1b373d949175095e61390dbccfd9485c84ce7e539bd6d0dc,ProtectedToken | ProtectedTokenCheck | _normalize_token | extract_protected_tokens | _unmatched_tokens | check_protected_tokens | protected_token_issue_dicts,inventory_only; causal review in task packets and TAKEOVER_REVIEW
packages/contracts/workbench_contracts/protocol_v3.py,/Users/smkzw/Documents/康哲项目资料/AI/医学经理工作台/implementation/protocol-v3-workbench-mw_protocol_v3_phase0_20260809_111313/packages/contracts/workbench_contracts/protocol_v3.py,contracts,1647,30fcf1df3b5e41b1406ccfa0f2405a7808e2bd67dd557ff3f79257dda9940bb5,_require_aware_datetime | CanonicalState | assert_canonical_state_transition | _unique | _FrozenJsonDict | _FrozenJsonList | _freeze_json_value | _material_value | ProtocolV3Model | StatefulProtocolV3Model | DependencyBoundModel | EvidenceClass | SourceRole | SourceCategory | EvidenceRelation | LocatorKind | ApplicabilityStatus | StructuralObjectKind | SemanticBlockKind | ActorType | ResearchSeed | NormalizedResearchSeed | SourceAcquisitionPlan | ArtifactDerivationKind | SourceArtifact | EvidenceUnit | MedicalAdmissionUnit | ClaimEvidenceLink | RecommendationOption | DecisionRecord | StudyDefinitionV3 | ApplicabilityEntry | ApplicabilitySnapshot | ChapterContract | SubstantiveContentContract | SemanticBlock | SemanticDocumentRevision | ChapterLockSnapshot | SideEffectKind | SkillDefinition | SensitivityTier | ReasoningEffort | NodeExecutionContract | ReservationStatus | ExecutionTerminalState | ExecutionReservation | WorkflowRunStatus | WorkflowRun | DomainEvent | ProjectionKind | ProjectionArtifact | SubmissionEvidencePackage | FactObligation | ClaimObligation | PatientParticipationStatus | FactRequirement | ClaimRequirement | EvidenceSourceRequirement | StructuralObjectObligation | WordFormattingRules | ConditionalApplicabilityRule | RepairStep | DependencyRepairPolicy | PositiveQcRule | CriticalToQualityItem | PatientParticipationObligation | RegistryConsistencyObligation | SubstantiveContentContractV2 | ChapterContractV2,inventory_only; causal review in task packets and TAKEOVER_REVIEW
packages/contracts/workbench_contracts/runtime_contract.json,/Users/smkzw/Documents/康哲项目资料/AI/医学经理工作台/implementation/protocol-v3-workbench-mw_protocol_v3_phase0_20260809_111313/packages/contracts/workbench_contracts/runtime_contract.json,contracts,50,83ed522be4f8235d6092697b861a153917dce15edd2436a47ffb7dfc9a29221f,,inventory_only; causal review in task packets and TAKEOVER_REVIEW
scripts/qc/protocol_v3/apply_repository_hygiene.py,/Users/smkzw/Documents/康哲项目资料/AI/医学经理工作台/implementation/protocol-v3-workbench-mw_protocol_v3_phase0_20260809_111313/scripts/qc/protocol_v3/apply_repository_hygiene.py,build_tools,1884,60c06fd26187b8488af256af8a91ed39a057feeb76c56391b39a11da0b441f8d,HygieneMutatorError | _resolver | _sha256_bytes | sha256_file | sha256_file_path | _lexical_absolute | _fsync_dir | _lstat_no_follow | _reject_if_symlink | stat_is_symlink | _is_allowed_platform_root_alias | _assert_existing_components_not_symlinked | _assert_root_not_symlinked | _assert_path_within_root_no_symlink | _safe_unlink_regular_file | _require_raw_absolute_path | _resolve_live_absolute | _is_under_prohibited_root | _is_medical_monitoring_path | _is_direct_delete_candidate | _is_quarantine_move_candidate | _require_exact_bool | _require_nonneg_int | _require_sha256_hex | _require_blocker_list | _validate_and_collect_protected_paths | _parse_inventory_entry | compute_eligibility | verify_snapshot_hashes | _write_path_map_atomic | _atomic_copy | _deep_copy_path_map | _load_json | _inventory_live_root | _eligible_by_abs_path | _bind_path_map_to_eligibility | _require_path_map_path | _assert_root_and_pin_identity | _validate_committed_terminal | _entries_sharing_object | _unresolved_entries_sharing_object | _destination_physically_restored | _assert_shared_object_group_ready_for_unlink | _assert_shared_group_recoverable_without_object | _validate_restored_terminal | _validate_copied_before_replay | _validate_on_disk_path_map_identity | _port_is_listening | _run_lsof | builtin_occupancy_checker | _resolve_occupancy_checker | _invoke_occupancy_checker | _verify_source_before_removal | _verify_object_after_copy | _persist_path_map | _prepare_authority_context | apply_hygiene | restore_hygiene | main,inventory_only; causal review in task packets and TAKEOVER_REVIEW
scripts/qc/protocol_v3/assemble_chapter_registry.py,/Users/smkzw/Documents/康哲项目资料/AI/医学经理工作台/implementation/protocol-v3-workbench-mw_protocol_v3_phase0_20260809_111313/scripts/qc/protocol_v3/assemble_chapter_registry.py,build_tools,207,3c96750782c68a1473715388a33f845c33b250cf04ab200e46187c99984c2b63,AssemblyInputError | _read_json | _load_batch_document | _load_payload_dir | assemble_registry | assemble_registries | main,inventory_only; causal review in task packets and TAKEOVER_REVIEW
scripts/qc/protocol_v3/authority_locator_amendment.py,/Users/smkzw/Documents/康哲项目资料/AI/医学经理工作台/implementation/protocol-v3-workbench-mw_protocol_v3_phase0_20260809_111313/scripts/qc/protocol_v3/authority_locator_amendment.py,build_tools,70,aba846105ca28d5fb54dea553d33e5bd7e99586b9bf38ef5dbd6c4504b28d91f,load_amendment | _verify_file | validate_amendment | current_locators,inventory_only; causal review in task packets and TAKEOVER_REVIEW
scripts/qc/protocol_v3/build_failure_corpus.py,/Users/smkzw/Documents/康哲项目资料/AI/医学经理工作台/implementation/protocol-v3-workbench-mw_protocol_v3_phase0_20260809_111313/scripts/qc/protocol_v3/build_failure_corpus.py,build_tools,702,330c5d8f341c29b63c433ae7318794514d2b6e3562a978dcc9d6aec9c84aa1e2,FailureCorpusError | canonical_json_bytes | json_file_bytes | sha256_bytes | _source | _fixture | build_fixture_documents | build_positive_control | _manifest_entry | build_manifest | _require | validate_positive_control | validate_fixture | write_corpus | verify_failure_corpus | main,inventory_only; causal review in task packets and TAKEOVER_REVIEW
scripts/qc/protocol_v3/build_frozen_authority_manifest.py,/Users/smkzw/Documents/康哲项目资料/AI/医学经理工作台/implementation/protocol-v3-workbench-mw_protocol_v3_phase0_20260809_111313/scripts/qc/protocol_v3/build_frozen_authority_manifest.py,build_tools,1836,0d56689cc350915a8ebaf53b61fd239ddcb0b8c8dbb76ef7b3a39c7ecbdd2567,FrozenAuthorityError | _authority_relocations | canonical_json_bytes | canonical_json_sha256 | _sha256_bytes | _sha256_file | _lexical_absolute | _within | _within_any | _lexical_path_key | _path_exists | _load_json | load_rules | _effective_rules | load_inventory | _allowed_roots | _validate_symlink | _expand_tree | _expand_patterns | _inventory_entries | _inventory_path | _scope_prefix_for_inventory_path | _inventory_reference | _inventory_maps | _inventory_missing_allowlist | _module_name_for_path | _module_file | _module_namespace_exists | _is_probably_local_module | _resolve_import_graph | _resolve_rule_locators | _path_set_sha256 | resolve_rules | freeze_rules | _path_record | _is_sqlite_main | _is_sqlite_sidecar | _sqlite_identifier | _sqlite_uri | _normalize_sqlite_schema_sql | _normalize_sqlite_value | _sqlite_columns | _sqlite_table_rows | fingerprint_sqlite | _physical_asset_material | _validate_summary_int | _validate_summary_count_map | _validate_manifest_summary | _rule_lookup | build_physical_manifest | build_manifest | _manifest_asset_map | _logical_sqlite_material | compare_sqlite_logical_fingerprints | compare_physical_manifest | _write_json | main,inventory_only; causal review in task packets and TAKEOVER_REVIEW
scripts/qc/protocol_v3/build_genoffice_renderer.sh,/Users/smkzw/Documents/康哲项目资料/AI/医学经理工作台/implementation/protocol-v3-workbench-mw_protocol_v3_phase0_20260809_111313/scripts/qc/protocol_v3/build_genoffice_renderer.sh,build_tools,37,e2d9296bf856db2b4b3168205f686716764538e87ba371a53633ebcd0bc33af8,,inventory_only; causal review in task packets and TAKEOVER_REVIEW
scripts/qc/protocol_v3/build_source_baseline.py,/Users/smkzw/Documents/康哲项目资料/AI/医学经理工作台/implementation/protocol-v3-workbench-mw_protocol_v3_phase0_20260809_111313/scripts/qc/protocol_v3/build_source_baseline.py,build_tools,478,7b295f3cc11974cb5914150898854e16666bcdb3a5d1b672c614f96bf1a1119f,BaselineError | validate_relative_path | _has_prefix | _is_denied_directory_name | _contains_denied_directory | _looks_sensitive | is_source_candidate | _should_prune_directory | _sha256_file | _sha256_bytes | iter_source_paths | _entry_for_path | _material_fingerprint | build_manifest | validate_plan_poc_paths | create_source_tar | _write_json_atomic | build_snapshot | main,inventory_only; causal review in task packets and TAKEOVER_REVIEW
scripts/qc/protocol_v3/classify_repository.py,/Users/smkzw/Documents/康哲项目资料/AI/医学经理工作台/implementation/protocol-v3-workbench-mw_protocol_v3_phase0_20260809_111313/scripts/qc/protocol_v3/classify_repository.py,build_tools,394,d53374e3ea79899c57a7a472a155c2035e09921eca1a136d41264922dfe384c7,HygieneError | _sha256_file | _sha256_bytes | load_rules | _matches | classify_path | _iter_repository_paths | _metadata_for_path | _reference_surface | _reference_tokens | _build_reference_index | _reference_counts | _canonical_relation | _fingerprint | build_inventory | write_inventory | main,inventory_only; causal review in task packets and TAKEOVER_REVIEW
scripts/qc/protocol_v3/e2e_clean_env_check.sh,/Users/smkzw/Documents/康哲项目资料/AI/医学经理工作台/implementation/protocol-v3-workbench-mw_protocol_v3_phase0_20260809_111313/scripts/qc/protocol_v3/e2e_clean_env_check.sh,build_tools,44,96b16eeb4f72267a6d6ec83ba455ba1577340940e6753ead129e7e9e3bd7ea58,,inventory_only; causal review in task packets and TAKEOVER_REVIEW
scripts/qc/protocol_v3/evidence_locator_resolver.py,/Users/smkzw/Documents/康哲项目资料/AI/医学经理工作台/implementation/protocol-v3-workbench-mw_protocol_v3_phase0_20260809_111313/scripts/qc/protocol_v3/evidence_locator_resolver.py,build_tools,941,70e9dd3bba824bb6b1c6eacb04a2191b26bad564063a448c6fb5261989c25da8,ResolverError | _lexical_absolute | _sha256_hex | _is_hex_sha256 | _sha256_bytes | sha256_file | _within_lexical | _require_raw_absolute | _validate_quarantine_root | _has_traversal | _validate_old_locator | _validate_new_locator | validate_path_map | _validate_entry | _validate_entry_uniqueness | _deep_freeze | _egress_copy | EvidenceLocatorResolver | json_dumpsCanonical | content_address_for | new_locator_for,inventory_only; causal review in task packets and TAKEOVER_REVIEW
scripts/qc/protocol_v3/export_fact_resolution_registration.py,/Users/smkzw/Documents/康哲项目资料/AI/医学经理工作台/implementation/protocol-v3-workbench-mw_protocol_v3_phase0_20260809_111313/scripts/qc/protocol_v3/export_fact_resolution_registration.py,build_tools,47,4df415c629f7457511306321f65eb7f0e223c4a22a4ed5c083ec6cda90ac3026,registration | main,inventory_only; causal review in task packets and TAKEOVER_REVIEW
scripts/qc/protocol_v3/extract_r03_criteria.py,/Users/smkzw/Documents/康哲项目资料/AI/医学经理工作台/implementation/protocol-v3-workbench-mw_protocol_v3_phase0_20260809_111313/scripts/qc/protocol_v3/extract_r03_criteria.py,build_tools,1283,3faba8f3e0daf28df4a07d16b60a67c79a931dca3b954ae593772d1748775b92,RegistrySourceError | verify_source_hash | _read_document_root | extract_body_paragraphs | extract_source_rows | row_kind | row_locator | row_text | row_text_index | norm | _cell_text | extract_header_fragment | extract_identity_fields | extract_signature_area | _atom | _criteria | _validate_generation | _validate_semantic_nodes | _validate_rule_refs | build_registry | main,inventory_only; causal review in task packets and TAKEOVER_REVIEW
scripts/qc/protocol_v3/extract_tp_ma_07_v2_registry.py,/Users/smkzw/Documents/康哲项目资料/AI/医学经理工作台/implementation/protocol-v3-workbench-mw_protocol_v3_phase0_20260809_111313/scripts/qc/protocol_v3/extract_tp_ma_07_v2_registry.py,build_tools,2482,bb911490f59dc759ddac1c8068fed9783b2750d26217b7838dccbf5c85b634dd,RegistrySourceError | verify_source_hash | _style_table | _resolved_outline | _is_heading_style_name | _para_text | _para_style | _leaf_flags | _field_inventory | extract_docx_structure | _literal | _strip_constant | extract_legacy_inventory | _projection_evidence | count_explicit_projection_leaves | _m | _r | _sl | _sr | build_node_tree | build_mapping | build_template | _write_json | build_all | main,inventory_only; causal review in task packets and TAKEOVER_REVIEW
scripts/qc/protocol_v3/extract_word_source_objects.py,/Users/smkzw/Documents/康哲项目资料/AI/医学经理工作台/implementation/protocol-v3-workbench-mw_protocol_v3_phase0_20260809_111313/scripts/qc/protocol_v3/extract_word_source_objects.py,build_tools,158,d485939c797925034ec3b6a8c1170474cff006ba9468d28f98535be8703f30bc,reference_target | map_objects | build_inventory | main,inventory_only; causal review in task packets and TAKEOVER_REVIEW
scripts/qc/protocol_v3/genoffice_feasibility.spike.test.ts,/Users/smkzw/Documents/康哲项目资料/AI/医学经理工作台/implementation/protocol-v3-workbench-mw_protocol_v3_phase0_20260809_111313/scripts/qc/protocol_v3/genoffice_feasibility.spike.test.ts,build_tools,159,d4b0ba425ee04d8f2885ca4f7e797ab724dd477e9940c8d98bedf1edd1821048,partMap | partText | countOf,inventory_only; causal review in task packets and TAKEOVER_REVIEW
scripts/qc/protocol_v3/lint_chapter_registry.py,/Users/smkzw/Documents/康哲项目资料/AI/医学经理工作台/implementation/protocol-v3-workbench-mw_protocol_v3_phase0_20260809_111313/scripts/qc/protocol_v3/lint_chapter_registry.py,build_tools,153,348abbd00a047097eaab20310fa2d6c4bf19030cc94801c089b0ae308887b353,_build_parser | _render_text | main,inventory_only; causal review in task packets and TAKEOVER_REVIEW
scripts/qc/protocol_v3/reconcile_source_drift.py,/Users/smkzw/Documents/康哲项目资料/AI/医学经理工作台/implementation/protocol-v3-workbench-mw_protocol_v3_phase0_20260809_111313/scripts/qc/protocol_v3/reconcile_source_drift.py,build_tools,106,f50e096b76a3919840dff068d556f3bada9b483c9f00b1447803c85ef26232f4,classification | compare_entries | git | observe | main,inventory_only; causal review in task packets and TAKEOVER_REVIEW
scripts/qc/protocol_v3/run_frontend_checks.py,/Users/smkzw/Documents/康哲项目资料/AI/医学经理工作台/implementation/protocol-v3-workbench-mw_protocol_v3_phase0_20260809_111313/scripts/qc/protocol_v3/run_frontend_checks.py,build_tools,555,23aa3c3c4f4f71ccb880231e6dbf97042c69bae7e1c9796fb7bbe6773999d178,FrontendCheckError | _frontend_root | _run_manifest_command | check_runtime_versions | _discover_frontend_tests | check_inventory | run_unit_tests | run_install | run_build | _build_parser | _run_pre_action_gates | _compact_gate_record | main,inventory_only; causal review in task packets and TAKEOVER_REVIEW
scripts/qc/protocol_v3/scan_legacy_case_pollution.py,/Users/smkzw/Documents/康哲项目资料/AI/医学经理工作台/implementation/protocol-v3-workbench-mw_protocol_v3_phase0_20260809_111313/scripts/qc/protocol_v3/scan_legacy_case_pollution.py,build_tools,100,7cb071ceaf0c35467bcae955232c128401c2a23ce4b21bfdb0850c8fd960d4e2,_snippet | scan_db | main,inventory_only; causal review in task packets and TAKEOVER_REVIEW
scripts/qc/protocol_v3/verify_repository_hygiene.py,/Users/smkzw/Documents/康哲项目资料/AI/医学经理工作台/implementation/protocol-v3-workbench-mw_protocol_v3_phase0_20260809_111313/scripts/qc/protocol_v3/verify_repository_hygiene.py,build_tools,120,5c590a1ef727cadc1945a5984019e48575fade55b3fd0d194bb82a2933431ab9,_entry_owner | _drift_is_allowed | verify_inventory_against_root | main,inventory_only; causal review in task packets and TAKEOVER_REVIEW
scripts/qc/protocol_v3/verify_source_baseline.py,/Users/smkzw/Documents/康哲项目资料/AI/医学经理工作台/implementation/protocol-v3-workbench-mw_protocol_v3_phase0_20260809_111313/scripts/qc/protocol_v3/verify_source_baseline.py,build_tools,195,22c3e886d4317e6fe595ed781c219e762511013c816f2bab2ab3996c001d1e7d,_sha256_file | _within | safe_extract_tar | verify_manifest_against_root | verify_tar_against_manifest | verify_checksum_file | verify_snapshot | main,inventory_only; causal review in task packets and TAKEOVER_REVIEW
scripts/qc/protocol_v3/verify_toolchain_rebuild.py,/Users/smkzw/Documents/康哲项目资料/AI/医学经理工作台/implementation/protocol-v3-workbench-mw_protocol_v3_phase0_20260809_111313/scripts/qc/protocol_v3/verify_toolchain_rebuild.py,build_tools,1025,14748996683b64933e1735bd599d9fcb77860e36531166dc470d4891b95ac01b,LockValidationError | ManifestError | ToolchainRebuildError | test_inventory_digest | Requirement | LockEntry | normalize_distribution_name | lock_sha256 | _manifest_file_sha256 | _canonical_manifest_path | _resolve_canonical_manifest_path | _validate_manifest_contract | load_manifest | _resolve_manifest_path | _read_json_object | validate_frontend_file_contract | validate_manifest_hashes | python_lock_validation_from_manifest | _read_logical_lines | parse_requirement_groups | declared_license_groups | _parse_lock_entries | validate_hash_lock | _venv_python | _filesystem_state | run_import_probe | _run_checked | clean_python_rebuild | _render_manifest_command | _build_parser | _run_manifest_mode | main,inventory_only; causal review in task packets and TAKEOVER_REVIEW
services/api/app/protocol_workflow/agent1/__init__.py,/Users/smkzw/Documents/康哲项目资料/AI/医学经理工作台/implementation/protocol-v3-workbench-mw_protocol_v3_phase0_20260809_111313/services/api/app/protocol_workflow/agent1/__init__.py,agent1,1,38d203eacc31771a64f80cf28039cf6bc07cceb7464958d09790b6e3c2596549,,inventory_only; causal review in task packets and TAKEOVER_REVIEW
services/api/app/protocol_workflow/agent1/docx_parse.py,/Users/smkzw/Documents/康哲项目资料/AI/医学经理工作台/implementation/protocol-v3-workbench-mw_protocol_v3_phase0_20260809_111313/services/api/app/protocol_workflow/agent1/docx_parse.py,agent1,224,d80bed4c297e591500f34cb9dbc55467b340681730fb09e1128b3babe28ec7f4,DocxNoExtractableText | DocxCell | DocxBlock | ParseDiagnostic | DocxParseResult | _local | _control_role | _paragraph_field_role | parse_docx,inventory_only; causal review in task packets and TAKEOVER_REVIEW
services/api/app/protocol_workflow/agent1/research_seed.py,/Users/smkzw/Documents/康哲项目资料/AI/医学经理工作台/implementation/protocol-v3-workbench-mw_protocol_v3_phase0_20260809_111313/services/api/app/protocol_workflow/agent1/research_seed.py,agent1,177,215716b62afd219ebd3ca5f0b427bf1002b137a03d572a78fb2922ad713a6a89,PreparedSeedRequest | _units | prepare_seed_request | _Reference | _Candidate | seed_output_schema | read_seed_candidates,inventory_only; causal review in task packets and TAKEOVER_REVIEW
services/api/app/protocol_workflow/agent1/seed_contract.py,/Users/smkzw/Documents/康哲项目资料/AI/医学经理工作台/implementation/protocol-v3-workbench-mw_protocol_v3_phase0_20260809_111313/services/api/app/protocol_workflow/agent1/seed_contract.py,agent1,28,7bca18cd42499b2d409bfab120905a7c23234d9ac1c63a28c06166294916d135,seed_execution_contract,inventory_only; causal review in task packets and TAKEOVER_REVIEW
services/api/app/protocol_workflow/agent1/seed_coordinator.py,/Users/smkzw/Documents/康哲项目资料/AI/医学经理工作台/implementation/protocol-v3-workbench-mw_protocol_v3_phase0_20260809_111313/services/api/app/protocol_workflow/agent1/seed_coordinator.py,agent1,142,8bb5b1dbf136b48fdc9d374bebb93611867252a3bf9ce81b0740e06bb1c88416,SeedCoordinator | prepare_current_seed,inventory_only; causal review in task packets and TAKEOVER_REVIEW
services/api/app/protocol_workflow/agent1/seed_product.py,/Users/smkzw/Documents/康哲项目资料/AI/医学经理工作台/implementation/protocol-v3-workbench-mw_protocol_v3_phase0_20260809_111313/services/api/app/protocol_workflow/agent1/seed_product.py,agent1,81,9dad43831d0ffafc2e1200d5d4fc95172eace59290d71bce7213e89bc432012b,create_product_seed_factory | lazy_product_seed_factory,inventory_only; causal review in task packets and TAKEOVER_REVIEW
services/api/app/protocol_workflow/agent1/seed_validation.py,/Users/smkzw/Documents/康哲项目资料/AI/医学经理工作台/implementation/protocol-v3-workbench-mw_protocol_v3_phase0_20260809_111313/services/api/app/protocol_workflow/agent1/seed_validation.py,agent1,31,d9bb442e79c4b552c91fe5d1b43179ffdaa1fb52a8a59a10ce2a3e48b3042be8,validate_seed_response,inventory_only; causal review in task packets and TAKEOVER_REVIEW
services/api/app/protocol_workflow/agent1/seed_workflow.py,/Users/smkzw/Documents/康哲项目资料/AI/医学经理工作台/implementation/protocol-v3-workbench-mw_protocol_v3_phase0_20260809_111313/services/api/app/protocol_workflow/agent1/seed_workflow.py,agent1,124,c0f8dd7e83adce5ac84e421c7514216145ff14a53b4bdaf6c26ff3b9dd5a3b4a,seed_plan | seed_correction_inputs | _prepared | build_seed_runtime,inventory_only; causal review in task packets and TAKEOVER_REVIEW
services/api/app/protocol_workflow/agent1/source_identity.py,/Users/smkzw/Documents/康哲项目资料/AI/医学经理工作台/implementation/protocol-v3-workbench-mw_protocol_v3_phase0_20260809_111313/services/api/app/protocol_workflow/agent1/source_identity.py,agent1,189,29b9d0683c07542c35fc4e58dc1fb6c2e8fb80078dd72adad52a68a9fd72dfa0,_digest | StoredSource | SourceAdoption | SourceIdentityService,inventory_only; causal review in task packets and TAKEOVER_REVIEW
services/api/app/protocol_workflow/agent2/__init__.py,/Users/smkzw/Documents/康哲项目资料/AI/医学经理工作台/implementation/protocol-v3-workbench-mw_protocol_v3_phase0_20260809_111313/services/api/app/protocol_workflow/agent2/__init__.py,agent2,1,5e8ac056fd580187a4a5e31996de770da9c4348490e853017a5e2157a5b790dd,,inventory_only; causal review in task packets and TAKEOVER_REVIEW
services/api/app/protocol_workflow/agent2/clinical_worker.py,/Users/smkzw/Documents/康哲项目资料/AI/医学经理工作台/implementation/protocol-v3-workbench-mw_protocol_v3_phase0_20260809_111313/services/api/app/protocol_workflow/agent2/clinical_worker.py,agent2,162,a17859e1eb231a22e8964bcfa9c068ebdefa628eae3db527907106bfdda34b90,_ProposalShape | RegimenReference | RegimenQuantity | RegimenProduct | RegimenStep | RegimenPeriod | RegimenArm | RegimenSchedule | RegimenProposal | RegimenDesignResponse | PreparedRegimenRequest | prepare_regimen_request | read_regimen_response,inventory_only; causal review in task packets and TAKEOVER_REVIEW
services/api/app/protocol_workflow/agent2/coordinator.py,/Users/smkzw/Documents/康哲项目资料/AI/医学经理工作台/implementation/protocol-v3-workbench-mw_protocol_v3_phase0_20260809_111313/services/api/app/protocol_workflow/agent2/coordinator.py,agent2,89,fada01c2de583b298509f197396a745b794c62223dc06e81ed994a60c40fcbb6,RegimenCoordinator,inventory_only; causal review in task packets and TAKEOVER_REVIEW
services/api/app/protocol_workflow/agent2/design_adoption.py,/Users/smkzw/Documents/康哲项目资料/AI/医学经理工作台/implementation/protocol-v3-workbench-mw_protocol_v3_phase0_20260809_111313/services/api/app/protocol_workflow/agent2/design_adoption.py,agent2,273,cced52a62342b3aaa985776525851716ca9d34d5a0fedc020b35d694f8ab0100,_objectives_writer | _endpoint_writer | _estimand_writer | _sample_size_writer | _ni_writer | _interim_writer | available_design_cards | prepare_design_card_adoption | _check_selections | _design_card_record,inventory_only; causal review in task packets and TAKEOVER_REVIEW
services/api/app/protocol_workflow/agent2/design_cards.py,/Users/smkzw/Documents/康哲项目资料/AI/医学经理工作台/implementation/protocol-v3-workbench-mw_protocol_v3_phase0_20260809_111313/services/api/app/protocol_workflow/agent2/design_cards.py,agent2,137,adaa3f57766c2cbc1eaf7e19b392784312bbfdba9185fda6702b0ad4dba1be8c,card_field_candidates | prepare_design_card_adoption | _design_card_record,inventory_only; causal review in task packets and TAKEOVER_REVIEW
services/api/app/protocol_workflow/agent2/design_coordinator.py,/Users/smkzw/Documents/康哲项目资料/AI/医学经理工作台/implementation/protocol-v3-workbench-mw_protocol_v3_phase0_20260809_111313/services/api/app/protocol_workflow/agent2/design_coordinator.py,agent2,92,abb119924756e6dfaf13a8aa37caef92beca881c5ddc876076aa383e36133131,DesignElementsCoordinator,inventory_only; causal review in task packets and TAKEOVER_REVIEW
services/api/app/protocol_workflow/agent2/design_elements.py,/Users/smkzw/Documents/康哲项目资料/AI/医学经理工作台/implementation/protocol-v3-workbench-mw_protocol_v3_phase0_20260809_111313/services/api/app/protocol_workflow/agent2/design_elements.py,agent2,160,a828adbafbe555c8bd2e3ee9eb5fdd168d00f93f0930304322d4458f12525c3d,_DesignShape | DesignReference | DesignOption | ObjectivesSection | EndpointSection | EstimandSection | SampleSizeSection | NonInferioritySection | InterimSection | DesignElementsProposal | check_applicable_design | read_design_elements_response,inventory_only; causal review in task packets and TAKEOVER_REVIEW
services/api/app/protocol_workflow/agent2/design_workflow.py,/Users/smkzw/Documents/康哲项目资料/AI/医学经理工作台/implementation/protocol-v3-workbench-mw_protocol_v3_phase0_20260809_111313/services/api/app/protocol_workflow/agent2/design_workflow.py,agent2,175,ecf503a240d3c8e014b46020dbb75451862833205f67eb863ade43cde51c3524,PreparedDesignElementsRequest | prepare_design_elements_request | design_elements_execution_contract | design_elements_plan | _prepared | build_design_elements_runtime,inventory_only; causal review in task packets and TAKEOVER_REVIEW
services/api/app/protocol_workflow/agent2/input_context.py,/Users/smkzw/Documents/康哲项目资料/AI/医学经理工作台/implementation/protocol-v3-workbench-mw_protocol_v3_phase0_20260809_111313/services/api/app/protocol_workflow/agent2/input_context.py,agent2,28,55eb6bd38fe137d4b3d9d184921505421306e524cd55534b8cb0b714955917e9,regimen_input_context,inventory_only; causal review in task packets and TAKEOVER_REVIEW
services/api/app/protocol_workflow/agent2/option_bundle.py,/Users/smkzw/Documents/康哲项目资料/AI/医学经理工作台/implementation/protocol-v3-workbench-mw_protocol_v3_phase0_20260809_111313/services/api/app/protocol_workflow/agent2/option_bundle.py,agent2,67,f813b1bd1e22ec132b32ca12ce3790949de6715ffdcce12fa4e30df11b3f4677,_identity | build_regimen_option_bundle,inventory_only; causal review in task packets and TAKEOVER_REVIEW
services/api/app/protocol_workflow/agent2/product.py,/Users/smkzw/Documents/康哲项目资料/AI/医学经理工作台/implementation/protocol-v3-workbench-mw_protocol_v3_phase0_20260809_111313/services/api/app/protocol_workflow/agent2/product.py,agent2,165,d1b291181dd852ce8b560eb3eee9aaf1477b26f5aa65bfc63f156ae7c0b51532,create_product_regimen_factory | create_product_design_elements_factory | lazy_product_regimen_factory | lazy_product_design_elements_factory | _profile_transport,inventory_only; causal review in task packets and TAKEOVER_REVIEW
services/api/app/protocol_workflow/agent2/recommendations.py,/Users/smkzw/Documents/康哲项目资料/AI/医学经理工作台/implementation/protocol-v3-workbench-mw_protocol_v3_phase0_20260809_111313/services/api/app/protocol_workflow/agent2/recommendations.py,agent2,47,8234564778f51f1248b7b1d8754bfc696c2e7c80904a4dfbacca6af6d1372412,CandidateAssignment | bind_candidate_coverage,inventory_only; causal review in task packets and TAKEOVER_REVIEW
services/api/app/protocol_workflow/agent2/regimen_projection.py,/Users/smkzw/Documents/康哲项目资料/AI/医学经理工作台/implementation/protocol-v3-workbench-mw_protocol_v3_phase0_20260809_111313/services/api/app/protocol_workflow/agent2/regimen_projection.py,agent2,38,934b29b71310d0999bf40921439c9f859c9784c44a4b362f9ccddec09242013f,project_bound_regimen_roles | project_regimen_roles,inventory_only; causal review in task packets and TAKEOVER_REVIEW
services/api/app/protocol_workflow/agent2/research_intent.py,/Users/smkzw/Documents/康哲项目资料/AI/医学经理工作台/implementation/protocol-v3-workbench-mw_protocol_v3_phase0_20260809_111313/services/api/app/protocol_workflow/agent2/research_intent.py,agent2,80,58da7ba56a0489d2e60b1193504a8425b4e59e71ad36dda5106bb06beac95a88,_user_edits | prepare_research_intent_adoption | research_intent_record,inventory_only; causal review in task packets and TAKEOVER_REVIEW
services/api/app/protocol_workflow/agent2/study_definition.py,/Users/smkzw/Documents/康哲项目资料/AI/医学经理工作台/implementation/protocol-v3-workbench-mw_protocol_v3_phase0_20260809_111313/services/api/app/protocol_workflow/agent2/study_definition.py,agent2,125,463a4f8834ba90da72f32d93eca2eaaee01fec31264c3ff476278d6e2bfedd67,prepare_regimen_adoption | propose_regimen_fact_updates | _regimen_decision_record | prepare_regimen_recovery,inventory_only; causal review in task packets and TAKEOVER_REVIEW
services/api/app/protocol_workflow/agent2/study_input.py,/Users/smkzw/Documents/康哲项目资料/AI/医学经理工作台/implementation/protocol-v3-workbench-mw_protocol_v3_phase0_20260809_111313/services/api/app/protocol_workflow/agent2/study_input.py,agent2,45,10e102002f5a3f6e8ee102e8eb5c19c61d525c6f1bbc919f7a6db7ec3055dce8,clinical_study_facts | validate_regimen_study_input | bind_regimen_study_input,inventory_only; causal review in task packets and TAKEOVER_REVIEW
services/api/app/protocol_workflow/agent2/subgraph.py,/Users/smkzw/Documents/康哲项目资料/AI/医学经理工作台/implementation/protocol-v3-workbench-mw_protocol_v3_phase0_20260809_111313/services/api/app/protocol_workflow/agent2/subgraph.py,agent2,118,99a157ec248ca38693feba0134bfa29b3503eb0e1da3d2b7c400007b499f9dc0,regimen_execution_contract | regimen_plan | _prepared | build_regimen_runtime,inventory_only; causal review in task packets and TAKEOVER_REVIEW
services/api/app/protocol_workflow/agent3/__init__.py,/Users/smkzw/Documents/康哲项目资料/AI/医学经理工作台/implementation/protocol-v3-workbench-mw_protocol_v3_phase0_20260809_111313/services/api/app/protocol_workflow/agent3/__init__.py,agent3,1,c96419e14c71819c89fe0d6e8c06505f6fa672c3cc8e946ed1915c3708e4f27d,,inventory_only; causal review in task packets and TAKEOVER_REVIEW
services/api/app/protocol_workflow/agent3/chapter_draft.py,/Users/smkzw/Documents/康哲项目资料/AI/医学经理工作台/implementation/protocol-v3-workbench-mw_protocol_v3_phase0_20260809_111313/services/api/app/protocol_workflow/agent3/chapter_draft.py,agent3,134,193671a89b6043df67a80dde8526c5e79ce0aa36dd268d92cda48b8fe0da644b,ChapterDraftReferenceError | PreparedChapterDraftRequest | prepare_chapter_draft | read_chapter_draft | prepare_study_chapter,inventory_only; causal review in task packets and TAKEOVER_REVIEW
services/api/app/protocol_workflow/agent3/chapter_facts.py,/Users/smkzw/Documents/康哲项目资料/AI/医学经理工作台/implementation/protocol-v3-workbench-mw_protocol_v3_phase0_20260809_111313/services/api/app/protocol_workflow/agent3/chapter_facts.py,agent3,449,29e5d8f536f8b2f669a2a44f4b99fd0fc86d8152ad19a0806d49bb164d7ff806,_binding_index | collect_chapter_gaps | _validate_value | build_batch_material | parse_batch_output | deterministic_document_facts | ChapterFactsDeriver | residual_recommendations | retirement_recommendations,inventory_only; causal review in task packets and TAKEOVER_REVIEW
services/api/app/protocol_workflow/agent3/consistency_gate.py,/Users/smkzw/Documents/康哲项目资料/AI/医学经理工作台/implementation/protocol-v3-workbench-mw_protocol_v3_phase0_20260809_111313/services/api/app/protocol_workflow/agent3/consistency_gate.py,agent3,139,ea0a3ba786fdcc3ff223d3b9bfc73aef1f0265436508a2d9ad07ad52aea6ea6d,_text | _first | cross_check,inventory_only; causal review in task packets and TAKEOVER_REVIEW
services/api/app/protocol_workflow/agent3/coordinator.py,/Users/smkzw/Documents/康哲项目资料/AI/医学经理工作台/implementation/protocol-v3-workbench-mw_protocol_v3_phase0_20260809_111313/services/api/app/protocol_workflow/agent3/coordinator.py,agent3,200,ffef97f989e26d70b72976d3bf4c2f36d12e9ee22f14a94ff861da38af923745,ChapterDraftCoordinator,inventory_only; causal review in task packets and TAKEOVER_REVIEW
services/api/app/protocol_workflow/agent3/draft_readiness.py,/Users/smkzw/Documents/康哲项目资料/AI/医学经理工作台/implementation/protocol-v3-workbench-mw_protocol_v3_phase0_20260809_111313/services/api/app/protocol_workflow/agent3/draft_readiness.py,agent3,96,6df9fbbda8b134033762c67a71e1a669b8e7ef0e2fa20455ec5cbfab2c2a6706,_triggering_paths | draft_readiness,inventory_only; causal review in task packets and TAKEOVER_REVIEW
services/api/app/protocol_workflow/agent3/manuscript_coordinator.py,/Users/smkzw/Documents/康哲项目资料/AI/医学经理工作台/implementation/protocol-v3-workbench-mw_protocol_v3_phase0_20260809_111313/services/api/app/protocol_workflow/agent3/manuscript_coordinator.py,agent3,148,2cf52854de6f577af72bfd8e81371e7c6622c0507b95d31709ff375ae338e217,manuscript_registration_plan | ManuscriptDraftCoordinator | build_manuscript_coordinator,inventory_only; causal review in task packets and TAKEOVER_REVIEW
services/api/app/protocol_workflow/agent3/manuscript_document.py,/Users/smkzw/Documents/康哲项目资料/AI/医学经理工作台/implementation/protocol-v3-workbench-mw_protocol_v3_phase0_20260809_111313/services/api/app/protocol_workflow/agent3/manuscript_document.py,agent3,107,a6360b681e4f3132e0274241820e8fdf7844703fef2f2887487dd6cf17873afc,_gap_block | assemble_working_manuscript,inventory_only; causal review in task packets and TAKEOVER_REVIEW
services/api/app/protocol_workflow/agent3/manuscript_plan.py,/Users/smkzw/Documents/康哲项目资料/AI/医学经理工作台/implementation/protocol-v3-workbench-mw_protocol_v3_phase0_20260809_111313/services/api/app/protocol_workflow/agent3/manuscript_plan.py,agent3,77,3fbe5f4d6da3cc2bdb5a70fe5dc5edb3ea2bbc49bee2f07a46c59e082cf7ee20,_ordered_entries | manuscript_preparation_view | plan_manuscript_chapters | _plan_payload,inventory_only; causal review in task packets and TAKEOVER_REVIEW
services/api/app/protocol_workflow/agent3/manuscript_request.py,/Users/smkzw/Documents/康哲项目资料/AI/医学经理工作台/implementation/protocol-v3-workbench-mw_protocol_v3_phase0_20260809_111313/services/api/app/protocol_workflow/agent3/manuscript_request.py,agent3,98,c4388c93d7e801395d5d25e6d43c0d195c2d238fecb2915c1b93e19a38a7b28f,ManuscriptInputsIncomplete | PreparedManuscriptRequest | prepare_manuscript_request,inventory_only; causal review in task packets and TAKEOVER_REVIEW
services/api/app/protocol_workflow/agent3/object_revision.py,/Users/smkzw/Documents/康哲项目资料/AI/医学经理工作台/implementation/protocol-v3-workbench-mw_protocol_v3_phase0_20260809_111313/services/api/app/protocol_workflow/agent3/object_revision.py,agent3,129,dd3bea79d210c0349df778d0b9dc5c43768ec449b1c86c06088826dbbb59dc1a,ObjectRevisionWorker | _canonical_json | _parse_candidate,inventory_only; causal review in task packets and TAKEOVER_REVIEW
services/api/app/protocol_workflow/agent3/pinned_sources.py,/Users/smkzw/Documents/康哲项目资料/AI/医学经理工作台/implementation/protocol-v3-workbench-mw_protocol_v3_phase0_20260809_111313/services/api/app/protocol_workflow/agent3/pinned_sources.py,agent3,36,fda24197640bfe27fcd5f85208b11eb673dac52a192541a3ca97101edeae3230,read_pinned_chapter_sources,inventory_only; causal review in task packets and TAKEOVER_REVIEW
services/api/app/protocol_workflow/agent3/product.py,/Users/smkzw/Documents/康哲项目资料/AI/医学经理工作台/implementation/protocol-v3-workbench-mw_protocol_v3_phase0_20260809_111313/services/api/app/protocol_workflow/agent3/product.py,agent3,78,e75250b11cf327a58db4077bb93f779d88906699d81ba260daf706611b58c9ed,create_product_chapter_factory | lazy_product_chapter_factory,inventory_only; causal review in task packets and TAKEOVER_REVIEW
services/api/app/protocol_workflow/agent3/soa_matrix.py,/Users/smkzw/Documents/康哲项目资料/AI/医学经理工作台/implementation/protocol-v3-workbench-mw_protocol_v3_phase0_20260809_111313/services/api/app/protocol_workflow/agent3/soa_matrix.py,agent3,86,6eb3f82df40d80f017280bcfab0a26add1d6c708dcc7519eb905b620303bb22d,build_soa_matrix | soa_table_content | soa_summary,inventory_only; causal review in task packets and TAKEOVER_REVIEW
services/api/app/protocol_workflow/agent3/source_material.py,/Users/smkzw/Documents/康哲项目资料/AI/医学经理工作台/implementation/protocol-v3-workbench-mw_protocol_v3_phase0_20260809_111313/services/api/app/protocol_workflow/agent3/source_material.py,agent3,57,64c73915e99639439831185e0fbb6c97f864b2ca663bd719ab5d058ef49153b6,ChapterSourceMaterial | prepare_chapter_source_material,inventory_only; causal review in task packets and TAKEOVER_REVIEW
services/api/app/protocol_workflow/agent3/source_preparation.py,/Users/smkzw/Documents/康哲项目资料/AI/医学经理工作台/implementation/protocol-v3-workbench-mw_protocol_v3_phase0_20260809_111313/services/api/app/protocol_workflow/agent3/source_preparation.py,agent3,168,0a32266b1cc54814a9ef028b83bebeadc55639528dd5db2200fe536c4f9cb5c1,SourcePreparationIncomplete | source_preparation_plan | SourcePreparationCoordinator | build_source_preparation,inventory_only; causal review in task packets and TAKEOVER_REVIEW
services/api/app/protocol_workflow/agent3/subgraph.py,/Users/smkzw/Documents/康哲项目资料/AI/医学经理工作台/implementation/protocol-v3-workbench-mw_protocol_v3_phase0_20260809_111313/services/api/app/protocol_workflow/agent3/subgraph.py,agent3,120,60e2c567611d647c36ba99105bf05e875dd80ff6a6725a15abb03d245ffcdbda,chapter_draft_plan | chapter_execution_contract | build_chapter_draft_runtime,inventory_only; causal review in task packets and TAKEOVER_REVIEW
services/api/app/protocol_workflow/agent3/synopsis_projection.py,/Users/smkzw/Documents/康哲项目资料/AI/医学经理工作台/implementation/protocol-v3-workbench-mw_protocol_v3_phase0_20260809_111313/services/api/app/protocol_workflow/agent3/synopsis_projection.py,agent3,106,c6e2c7a3d0ca92dbc425b0ec445e0c95fc7d744a2a9e11e06c88787d3898eae6,_fact_text | build_abbreviations_line | build_key_points | build_overview_paragraph | build_synopsis_blocks,inventory_only; causal review in task packets and TAKEOVER_REVIEW
services/api/app/protocol_workflow/agent3/word_export.py,/Users/smkzw/Documents/康哲项目资料/AI/医学经理工作台/implementation/protocol-v3-workbench-mw_protocol_v3_phase0_20260809_111313/services/api/app/protocol_workflow/agent3/word_export.py,agent3,124,2c7dc1fcc79d520add913f89e19fd001f225ac94adcc8fdaa2ff939591db1575,_chapter_titles | render_manuscript_docx | document_revision_hash_sha | _add_table,inventory_only; causal review in task packets and TAKEOVER_REVIEW
services/api/app/protocol_workflow/agent3/word_export_production.py,/Users/smkzw/Documents/康哲项目资料/AI/医学经理工作台/implementation/protocol-v3-workbench-mw_protocol_v3_phase0_20260809_111313/services/api/app/protocol_workflow/agent3/word_export_production.py,agent3,664,7568210ef6b132f22cd648a1b5f9ea367699156c86ec4b748b1111bde6471284,_chapter_titles | _real_values | _replace_text_in_part | _replace_in_paragraph | _replace_paragraph_xml | _replace_in_headers_footers | _layout_template_headers | _find_toc_end | _bookmark | _redact_gap_paths | render_production_docx | _prune_orphaned_media | header_rows_of | document_revision_hash_sha | _tune_wide_table | _add_table | _add_paragraph_with_table_refs | _attach_ref_field | _switch_orientation,inventory_only; causal review in task packets and TAKEOVER_REVIEW
services/api/app/protocol_workflow/agent5/__init__.py,/Users/smkzw/Documents/康哲项目资料/AI/医学经理工作台/implementation/protocol-v3-workbench-mw_protocol_v3_phase0_20260809_111313/services/api/app/protocol_workflow/agent5/__init__.py,agent5,81,44dfeba07d5c4e98872aaf51c3327d80b77fafa760e64706a89ed38994431441,,inventory_only; causal review in task packets and TAKEOVER_REVIEW
services/api/app/protocol_workflow/agent5/coordinator.py,/Users/smkzw/Documents/康哲项目资料/AI/医学经理工作台/implementation/protocol-v3-workbench-mw_protocol_v3_phase0_20260809_111313/services/api/app/protocol_workflow/agent5/coordinator.py,agent5,531,f6149af2f671653b4464bdbf62565fcf753ac6934025ebdd22460c6cfba5a8ca,_default_utc_now | Agent5QueryFacade | Agent5Coordinator,inventory_only; causal review in task packets and TAKEOVER_REVIEW
services/api/app/protocol_workflow/agent5/exception_cards.py,/Users/smkzw/Documents/康哲项目资料/AI/医学经理工作台/implementation/protocol-v3-workbench-mw_protocol_v3_phase0_20260809_111313/services/api/app/protocol_workflow/agent5/exception_cards.py,agent5,175,7f171d9e9fe9d7da0c4b71c0fd681d6669e0265d0cb1c3f97988e2800cd3bd66,_scan_public_text | ExceptionCardPublicPayload | ExceptionCardAuditPayload | ExceptionCard,inventory_only; causal review in task packets and TAKEOVER_REVIEW
services/api/app/protocol_workflow/agent5/run_manifest.py,/Users/smkzw/Documents/康哲项目资料/AI/医学经理工作台/implementation/protocol-v3-workbench-mw_protocol_v3_phase0_20260809_111313/services/api/app/protocol_workflow/agent5/run_manifest.py,agent5,552,28a68b20757e74f41f9c4637bf17908e7c6595aa9740977526292aac25f837e7,require_stable_id | require_sha256 | require_non_empty | _unique | _require_tuple | _default_utc_now | _deterministic_sha256 | PinnedSkill | TemplatePin | GraphPin | RegistrySelection | RunManifest | WorkPackageSpec | CoordinatorWorkPackage | _deterministic_topological_order | WorkPackageGraph | GateResult | GateObservation | GateSummary | ProgressSummary | DecisionRequest | DecisionRequestQueue,inventory_only; causal review in task packets and TAKEOVER_REVIEW
services/api/app/protocol_workflow/api/__init__.py,/Users/smkzw/Documents/康哲项目资料/AI/医学经理工作台/implementation/protocol-v3-workbench-mw_protocol_v3_phase0_20260809_111313/services/api/app/protocol_workflow/api/__init__.py,api,90,2489ac73a4e9c37fa68c75b3b4549a1de81ec31b9d8c8456a25bb778ca557c6c,,inventory_only; causal review in task packets and TAKEOVER_REVIEW
services/api/app/protocol_workflow/api/chapter_drafts.py,/Users/smkzw/Documents/康哲项目资料/AI/医学经理工作台/implementation/protocol-v3-workbench-mw_protocol_v3_phase0_20260809_111313/services/api/app/protocol_workflow/api/chapter_drafts.py,api,114,724950513ebdd1478636484e3f9743c3a3e9bc7dc50f4f23cabbd2b24382e2eb,ChapterPreparationRequest | ChapterStartRequest | create_chapter_draft_router,inventory_only; causal review in task packets and TAKEOVER_REVIEW
services/api/app/protocol_workflow/api/composition.py,/Users/smkzw/Documents/康哲项目资料/AI/医学经理工作台/implementation/protocol-v3-workbench-mw_protocol_v3_phase0_20260809_111313/services/api/app/protocol_workflow/api/composition.py,api,439,ce1dd2bc6418bb3e6c629c4e02d79e2cfa615ae82b7a8c9c284602c04632b2b0,ProtocolWorkflowMountConfig | protocol_workflow_config_from_env | _default_registry_path | _LazyProductUnitOfWorkFactory | _ValidationEnvelopeRoute | _make_admission_dependency | _office_artifact_store | _object_revision_worker_factory | _chapter_facts_deriver_factory | create_mounted_protocol_workflow_router | mount_protocol_workflow_router,inventory_only; causal review in task packets and TAKEOVER_REVIEW
services/api/app/protocol_workflow/api/design.py,/Users/smkzw/Documents/康哲项目资料/AI/医学经理工作台/implementation/protocol-v3-workbench-mw_protocol_v3_phase0_20260809_111313/services/api/app/protocol_workflow/api/design.py,api,554,490603e9212a4e9deaf940a9aa05902dd0fa53c7bbaf37210c86136b88e59a7d,RegimenStartRequest | RegimenAdoptionRequest | ResearchInformationRequest | ResearchContextRequest | ResearchContextUpdateRequest | create_design_router | DesignCardSeedRequest | DesignElementsStartRequest | DesignCardAdoptionRequest | create_design_elements_router,inventory_only; causal review in task packets and TAKEOVER_REVIEW
services/api/app/protocol_workflow/api/manuscript_drafts.py,/Users/smkzw/Documents/康哲项目资料/AI/医学经理工作台/implementation/protocol-v3-workbench-mw_protocol_v3_phase0_20260809_111313/services/api/app/protocol_workflow/api/manuscript_drafts.py,api,664,7c6abb7ade83fa9dbde23b2223cdc91e375df826c7a52276303f37c22f4757e0,ChapterFactsResidualConfirmRequest | ManuscriptSaveRequest | create_manuscript_draft_router,inventory_only; causal review in task packets and TAKEOVER_REVIEW
services/api/app/protocol_workflow/api/manuscript_sources.py,/Users/smkzw/Documents/康哲项目资料/AI/医学经理工作台/implementation/protocol-v3-workbench-mw_protocol_v3_phase0_20260809_111313/services/api/app/protocol_workflow/api/manuscript_sources.py,api,123,552a36047b607f113aa7280047b5caf736c52afd7a9aa3d679fccfdcadd80119,ManuscriptSourceRequest | ManuscriptSourceRetryRequest | create_manuscript_source_router,inventory_only; causal review in task packets and TAKEOVER_REVIEW
services/api/app/protocol_workflow/api/research_intake.py,/Users/smkzw/Documents/康哲项目资料/AI/医学经理工作台/implementation/protocol-v3-workbench-mw_protocol_v3_phase0_20260809_111313/services/api/app/protocol_workflow/api/research_intake.py,api,79,6edee05a547c9ccc0e07d3fbf6a90b7afd82c0789008b80544a55616bc7fee03,ResearchIntakeRequest | create_research_intake_router,inventory_only; causal review in task packets and TAKEOVER_REVIEW
services/api/app/protocol_workflow/api/router.py,/Users/smkzw/Documents/康哲项目资料/AI/医学经理工作台/implementation/protocol-v3-workbench-mw_protocol_v3_phase0_20260809_111313/services/api/app/protocol_workflow/api/router.py,api,798,e02638da117afc28ac08dc234764d054f2fd444d43b41ff8b96bcb0cb7d2e382,_envelope | _request_envelope | _not_found_envelope | _unexpected_envelope | protocol_workflow_not_found_envelope | protocol_workflow_validation_exception_handler | _status_for | _safe_call | _RouterConfig | _require_path_match | _to_side_effect_spec | _mutation_response | _register_routes | create_protocol_workflow_router,inventory_only; causal review in task packets and TAKEOVER_REVIEW
services/api/app/protocol_workflow/api/schemas.py,/Users/smkzw/Documents/康哲项目资料/AI/医学经理工作台/implementation/protocol-v3-workbench-mw_protocol_v3_phase0_20260809_111313/services/api/app/protocol_workflow/api/schemas.py,api,473,4f4a408f509e682d714676f24c38711c0188366716e907486084500ac7dad9a2,CurrentSemanticDocumentResponse | SideEffectSpecRequest | StudyDefinitionCreateRequest | TemplateAdoptionIntentRequest | StudyDefinitionDecisionApplyRequest | RunManifestPinRequest | WorkPackageSpecRequest | WorkPackageDecompositionRequest | StudyDefinitionMutationResponse | CurrentStudyDefinitionResponse | DecisionSummaryResponse | EventSummaryResponse | DecisionGraphRecordResponse | DecisionGraphResponse | TemplateAdoptionIdentityResponse | TemplateAdoptionResponse | WorkflowRunStatusRecordResponse | WorkflowRunStatusResponse | ProgressSummaryResponse | GateSummaryResponse | DecisionRequestResponse | DecisionRequestQueueResponse | RunManifestResponse | WorkPackageDecompositionResponse,inventory_only; causal review in task packets and TAKEOVER_REVIEW
services/api/app/protocol_workflow/api/sources.py,/Users/smkzw/Documents/康哲项目资料/AI/医学经理工作台/implementation/protocol-v3-workbench-mw_protocol_v3_phase0_20260809_111313/services/api/app/protocol_workflow/api/sources.py,api,105,d48e8befe92c0d1993df89704cf1b44deaf4aaa6c7daa8c1997639c8da3d6d28,SourceMetadataCorrection | create_source_router,inventory_only; causal review in task packets and TAKEOVER_REVIEW
services/api/app/protocol_workflow/application/__init__.py,/Users/smkzw/Documents/康哲项目资料/AI/医学经理工作台/implementation/protocol-v3-workbench-mw_protocol_v3_phase0_20260809_111313/services/api/app/protocol_workflow/application/__init__.py,application,79,72fa95b08366e37fb17bcc371421eced33f5a769839a8ec7289af7bc218a93a1,,inventory_only; causal review in task packets and TAKEOVER_REVIEW
services/api/app/protocol_workflow/application/adoption.py,/Users/smkzw/Documents/康哲项目资料/AI/医学经理工作台/implementation/protocol-v3-workbench-mw_protocol_v3_phase0_20260809_111313/services/api/app/protocol_workflow/application/adoption.py,application,670,36a2da62a256a740b95036d8d6690e461d9067a518c10ef6e1aa476ff8fa4b8d,TemplateAdoptionValidationError | literal_fact_diff | impact_plan_payload | _alias_bindings | _controlled_fact_paths | validate_retirement_intent | validate_retirement_presence | validate_adoption_facts | TemplateAdoptionFlow | prepare_template_adoption | adoption_intent_material | recompute_adoption_intent_sha256 | verify_template_adoption_payload | GetTemplateAdoptionQuery | TemplateAdoptionQueryResult,inventory_only; causal review in task packets and TAKEOVER_REVIEW
services/api/app/protocol_workflow/application/commands.py,/Users/smkzw/Documents/康哲项目资料/AI/医学经理工作台/implementation/protocol-v3-workbench-mw_protocol_v3_phase0_20260809_111313/services/api/app/protocol_workflow/application/commands.py,application,359,4688e85cd64fc84d9ae69fff27976699ae953219dae0de3e97c62df5178fe34b,_require_non_empty | _require_expected_revision | _require_actor_type | _require_decision_record | _require_facts | _validate_decision_alignment | study_definition_genesis_snapshot | SideEffectSpec | CreateStudyDefinitionCommand | TemplateAdoptionIntent | ApplyStudyDecisionCommand,inventory_only; causal review in task packets and TAKEOVER_REVIEW
services/api/app/protocol_workflow/application/manuscript_documents.py,/Users/smkzw/Documents/康哲项目资料/AI/医学经理工作台/implementation/protocol-v3-workbench-mw_protocol_v3_phase0_20260809_111313/services/api/app/protocol_workflow/application/manuscript_documents.py,application,949,1daf3d1601b71391e056a4af5d0c6e73ca6cd589ad1c197b013668ec80c4f9c4,manuscript_document_id | OfficeWorkingCopyConflictError | ManuscriptDocumentService,inventory_only; causal review in task packets and TAKEOVER_REVIEW
services/api/app/protocol_workflow/application/manuscript_edits.py,/Users/smkzw/Documents/康哲项目资料/AI/医学经理工作台/implementation/protocol-v3-workbench-mw_protocol_v3_phase0_20260809_111313/services/api/app/protocol_workflow/application/manuscript_edits.py,application,199,0a6623a8c62ac9b335ed12e49c46bac32b0c4ea68531b80d3bdc6ebff255d3e5,_digit_bounded | _negated | _text_of | _scalar_texts | _fact_value_strings | reclassify_edit | block_content_text | edit_intent_sha256 | _fact_display_text | _norm_fact_text,inventory_only; causal review in task packets and TAKEOVER_REVIEW
services/api/app/protocol_workflow/application/queries.py,/Users/smkzw/Documents/康哲项目资料/AI/医学经理工作台/implementation/protocol-v3-workbench-mw_protocol_v3_phase0_20260809_111313/services/api/app/protocol_workflow/application/queries.py,application,211,bc467b07c1b786fafaadc9315b58321273501e51b36f976f72b191d6fa4f2f58,_require_query_identity | GetStudyDefinitionQuery | GetSemanticDocumentQuery | SemanticDocumentQueryResult | GetStudyDefinitionEventSummaryQuery | GetDecisionGraphQuery | GetWorkflowRunStatusQuery | StudyDefinitionQueryResult | DecisionSummary | EventSummaryQueryResult | DecisionGraphQueryResult | WorkflowRunStatusQueryResult | RecoverStudyDecisionQuery | ListStudyDefinitionsQuery,inventory_only; causal review in task packets and TAKEOVER_REVIEW
services/api/app/protocol_workflow/application/reconstruction.py,/Users/smkzw/Documents/康哲项目资料/AI/医学经理工作台/implementation/protocol-v3-workbench-mw_protocol_v3_phase0_20260809_111313/services/api/app/protocol_workflow/application/reconstruction.py,application,80,d507788187386786c0328f439a93408dd1fc0404d807c02d70b0b5dc0bdeb021,_StudyReplayReducer | reconstruct_study,inventory_only; causal review in task packets and TAKEOVER_REVIEW
services/api/app/protocol_workflow/application/research_context.py,/Users/smkzw/Documents/康哲项目资料/AI/医学经理工作台/implementation/protocol-v3-workbench-mw_protocol_v3_phase0_20260809_111313/services/api/app/protocol_workflow/application/research_context.py,application,47,df73f89a571243cced0c16407fc40aa17ffdf9620e399e3bbe4ab8724bbbeb21,prepare_research_context_creation | prepare_research_context_update,inventory_only; causal review in task packets and TAKEOVER_REVIEW
services/api/app/protocol_workflow/application/service.py,/Users/smkzw/Documents/康哲项目资料/AI/医学经理工作台/implementation/protocol-v3-workbench-mw_protocol_v3_phase0_20260809_111313/services/api/app/protocol_workflow/application/service.py,application,1567,ad77308f375a8cc0526909be8774e102035749dfd87a34a357c9ac6062bad7e2,study_definition_stream_id | _ApplicationServiceError | _ProjectMismatchError | _LedgerRebuildError | _MissingRepositoryError | _CurrentTemplateUnavailableError | StudyDefinitionMutationResult | _default_utc_now | ApplicationService | _translate | _first_accept_state | _decision_event_id | _event_kwargs | _effect_payload | _build_side_effect,inventory_only; causal review in task packets and TAKEOVER_REVIEW
services/api/app/protocol_workflow/artifacts/local_store.py,/Users/smkzw/Documents/康哲项目资料/AI/医学经理工作台/implementation/protocol-v3-workbench-mw_protocol_v3_phase0_20260809_111313/services/api/app/protocol_workflow/artifacts/local_store.py,artifacts,286,c9a54a7b5b9d476c07f3d7b0f799e590dbef1f1d65163ec274cb6035b0ebea7b,_sha256 | _manifest_name | LocalArtifactStore,inventory_only; causal review in task packets and TAKEOVER_REVIEW
services/api/app/protocol_workflow/canonical/__init__.py,/Users/smkzw/Documents/康哲项目资料/AI/医学经理工作台/implementation/protocol-v3-workbench-mw_protocol_v3_phase0_20260809_111313/services/api/app/protocol_workflow/canonical/__init__.py,canonical,88,3ccdb8410d46463df99537a19d43693bae1f22878a41a0bb97a89824950eadb3,,inventory_only; causal review in task packets and TAKEOVER_REVIEW
services/api/app/protocol_workflow/canonical/decision_inputs.py,/Users/smkzw/Documents/康哲项目资料/AI/医学经理工作台/implementation/protocol-v3-workbench-mw_protocol_v3_phase0_20260809_111313/services/api/app/protocol_workflow/canonical/decision_inputs.py,canonical,183,a367e4bb547c92504cb10d3c39ce4aad84f12edc049cc544522194b0db7e062f,DecisionInputRef | DecisionInputBinding | input_refs_payload | _read | bind_decision_inputs | current_input_validity | ConfirmationDependency | ConfirmationBinding | bind_confirmation_dependencies | confirmation_validity,inventory_only; causal review in task packets and TAKEOVER_REVIEW
services/api/app/protocol_workflow/canonical/decisions.py,/Users/smkzw/Documents/康哲项目资料/AI/医学经理工作台/implementation/protocol-v3-workbench-mw_protocol_v3_phase0_20260809_111313/services/api/app/protocol_workflow/canonical/decisions.py,canonical,440,45bd91b6251743b8f2bebaf8316ad146dd697262a97db2a472f71912bdd9616e,DecisionCasError | DecisionPayloadConflictError | IllegalDecisionTransitionError | DecisionReplayResult | DecisionLedger | _cas_identity_of | DecisionReducer | _replace_decision,inventory_only; causal review in task packets and TAKEOVER_REVIEW
services/api/app/protocol_workflow/canonical/document.py,/Users/smkzw/Documents/康哲项目资料/AI/医学经理工作台/implementation/protocol-v3-workbench-mw_protocol_v3_phase0_20260809_111313/services/api/app/protocol_workflow/canonical/document.py,canonical,1167,e752920557ddd412d4da3a29c8f7d570a072d9c474f3c4cce48a7bff1fceca65,EditClass | DocumentCasError | DocumentRevisionStaleError | DocumentPayloadConflictError | FactRevisionMismatchError | UnboundFactPathError | FactProposalError | DocumentEffect | DocumentEffectLedger | _deep_freeze | FactProposal | _ReplayResult | SemanticDocumentReducer | EditOutcome | document_revision_hash | _document_payload_sha256 | _next_canonical_state | _unbound_paths,inventory_only; causal review in task packets and TAKEOVER_REVIEW
services/api/app/protocol_workflow/canonical/hashing.py,/Users/smkzw/Documents/康哲项目资料/AI/医学经理工作台/implementation/protocol-v3-workbench-mw_protocol_v3_phase0_20260809_111313/services/api/app/protocol_workflow/canonical/hashing.py,canonical,234,8a067ef6fa945140c3fa72e64346bbca2f2115b0c1caae6ce0317517fa10fc81,canonical_json | _json_default | exact_payload_sha256 | material_sha256 | _strip_metadata | decision_cas_identity | canonical_revision_hash | _canonical_state_value | study_definition_lineage_hash | fact_set_sha256,inventory_only; causal review in task packets and TAKEOVER_REVIEW
services/api/app/protocol_workflow/canonical/study_definition.py,/Users/smkzw/Documents/康哲项目资料/AI/医学经理工作台/implementation/protocol-v3-workbench-mw_protocol_v3_phase0_20260809_111313/services/api/app/protocol_workflow/canonical/study_definition.py,canonical,838,b83bcc3824c717bf6b361c2e1d6073521dce4afe38c8759743db4a3f1943966f,StudyDefinitionCasError | RevisionStaleError | DecisionPayloadConflictError | FrozenFactOverwriteError | DecisionEffect | DecisionEffectLedger | _ReplayResult | StudyDefinitionReducer | study_revision_hash | _fact_updates_sha256 | _normalise_retired_fact_paths | _protected_fact_paths,inventory_only; causal review in task packets and TAKEOVER_REVIEW
services/api/app/protocol_workflow/errors.py,/Users/smkzw/Documents/康哲项目资料/AI/医学经理工作台/implementation/protocol-v3-workbench-mw_protocol_v3_phase0_20260809_111313/services/api/app/protocol_workflow/errors.py,protocol_workflow,495,2bd7ef075592956de493352f038991914231baa3e3c5cf0c60c1cb3d4e9f67b6,MalformedProtocolErrorCode | UnknownProtocolErrorCode | ProtocolErrorOwner | RecoveryAction | ProtocolErrorCode | ErrorCodeParts | parse_error_code | ProtocolErrorDefinition | _validate_public_copy | _definition | _build_catalog | get_error_definition | ProtocolWorkflowError,inventory_only; causal review in task packets and TAKEOVER_REVIEW
services/api/app/protocol_workflow/events/__init__.py,/Users/smkzw/Documents/康哲项目资料/AI/医学经理工作台/implementation/protocol-v3-workbench-mw_protocol_v3_phase0_20260809_111313/services/api/app/protocol_workflow/events/__init__.py,events,135,70d33d12c7a6741e1bce5dbaa2616e33ef5a923aa29fbd15758189ce8dd2545f,,inventory_only; causal review in task packets and TAKEOVER_REVIEW
services/api/app/protocol_workflow/events/inbox.py,/Users/smkzw/Documents/康哲项目资料/AI/医学经理工作台/implementation/protocol-v3-workbench-mw_protocol_v3_phase0_20260809_111313/services/api/app/protocol_workflow/events/inbox.py,events,446,0ab3a11b07fa88142086e376385301215d9ff3543ea95151db56199f5bb801bc,IllegalInboxTransitionError | InboxSemanticHandler | InboxStateMachine | ConsumeOutcomeKind | ConsumeOutcome | InboxConsumer | _default_utc_now,inventory_only; causal review in task packets and TAKEOVER_REVIEW
services/api/app/protocol_workflow/events/models.py,/Users/smkzw/Documents/康哲项目资料/AI/医学经理工作台/implementation/protocol-v3-workbench-mw_protocol_v3_phase0_20260809_111313/services/api/app/protocol_workflow/events/models.py,events,817,b9afed74c2441ceb70ee8e6ce013d0a24fc07659b88e562106f31e93191df7a6,EventEnvelopeError | EventEnvelopeIntegrityError | PayloadHashMismatchError | UnknownSchemaVersionError | UnknownUpcasterError | NondeterministicUpcasterError | UnknownEventTypeError | RegistryFrozenError | compute_payload_sha256 | _canonical_event_fields | _normalise_datetime | compute_event_sha256 | verify_event_integrity | EventEnvelopeBuilder | UpcasterSignature | _fingerprint_callable | UpcasterRegistry | _noop_upcaster | EventTypeRegistry | QuarantineReason | SuccessfulReplayResult | QuarantineReplayResult | ReplayOutcome,inventory_only; causal review in task packets and TAKEOVER_REVIEW
services/api/app/protocol_workflow/events/outbox.py,/Users/smkzw/Documents/康哲项目资料/AI/医学经理工作台/implementation/protocol-v3-workbench-mw_protocol_v3_phase0_20260809_111313/services/api/app/protocol_workflow/events/outbox.py,events,773,d559f8e0dbc5821e570f0ab631f8119991212a7847f485c0b331d37e9ac2af26,IllegalOutboxTransitionError | OutboxDispatchError | DispatchResult | SideEffectHandler | OutboxStateMachine | DispatchOutcomeKind | InboxAlreadyRecorded | DispatchOutcome | OutboxRecoveryResult | OutboxDispatcher | recover_dispatched_messages | _default_utc_now,inventory_only; causal review in task packets and TAKEOVER_REVIEW
services/api/app/protocol_workflow/events/store.py,/Users/smkzw/Documents/康哲项目资料/AI/医学经理工作台/implementation/protocol-v3-workbench-mw_protocol_v3_phase0_20260809_111313/services/api/app/protocol_workflow/events/store.py,events,751,223585d6e5b2a4e7123ca47a0a16c5b0fb83044b7572b2bbc330781721bcc4bf,ReducerApplyResult | ReplayReducer | CheckpointClaim | _CanonicalRevisionHashMismatchError | EventReplayEngine | _extract_logical_key,inventory_only; causal review in task packets and TAKEOVER_REVIEW
services/api/app/protocol_workflow/events/unit_of_work.py,/Users/smkzw/Documents/康哲项目资料/AI/医学经理工作台/implementation/protocol-v3-workbench-mw_protocol_v3_phase0_20260809_111313/services/api/app/protocol_workflow/events/unit_of_work.py,events,602,5973c3b2029c4f05d6546a442b09c36db94370ab61c61578f844a8fead18417e,MissingRepositoryError | MutationAbortedError | AtomicMutationResult | SideEffectRequest | EventSourcedUnitOfWork | _default_utc_now,inventory_only; causal review in task packets and TAKEOVER_REVIEW
services/api/app/protocol_workflow/graph/__init__.py,/Users/smkzw/Documents/康哲项目资料/AI/医学经理工作台/implementation/protocol-v3-workbench-mw_protocol_v3_phase0_20260809_111313/services/api/app/protocol_workflow/graph/__init__.py,graph,81,597de933b5727bf5775ea9d6c4b82c5eae2db8da20222586bdc4e4444c1caa85,,inventory_only; causal review in task packets and TAKEOVER_REVIEW
services/api/app/protocol_workflow/graph/plan.py,/Users/smkzw/Documents/康哲项目资料/AI/医学经理工作台/implementation/protocol-v3-workbench-mw_protocol_v3_phase0_20260809_111313/services/api/app/protocol_workflow/graph/plan.py,graph,365,856276c362c12cb1452ca9bff46a3e61002f0da3a76c21702a3f8dc1b5ab4b23,GraphPlanError | GraphNodeKind | GraphNodeOwner | _unique | _GraphModel | GraphNodePlan | GraphPlan,inventory_only; causal review in task packets and TAKEOVER_REVIEW
services/api/app/protocol_workflow/graph/ports.py,/Users/smkzw/Documents/康哲项目资料/AI/医学经理工作台/implementation/protocol-v3-workbench-mw_protocol_v3_phase0_20260809_111313/services/api/app/protocol_workflow/graph/ports.py,graph,123,d1c902e2913fc251ed9ace4e59367b7a96b96361e25e3bc3c96f2e702099d6d9,NodeService | NodeServiceRequest | ConfiguredNodeServiceRequest | ConfiguredNodeServiceResult | OrchestratorPort,inventory_only; causal review in task packets and TAKEOVER_REVIEW
services/api/app/protocol_workflow/graph/proposal_progress.py,/Users/smkzw/Documents/康哲项目资料/AI/医学经理工作台/implementation/protocol-v3-workbench-mw_protocol_v3_phase0_20260809_111313/services/api/app/protocol_workflow/graph/proposal_progress.py,graph,20,d364f5091661bca39617431e3bfdda3ee879f48d1ace7c4ecfbe681c7f24d852,proposal_outcome,inventory_only; causal review in task packets and TAKEOVER_REVIEW
services/api/app/protocol_workflow/graph/runtime.py,/Users/smkzw/Documents/康哲项目资料/AI/医学经理工作台/implementation/protocol-v3-workbench-mw_protocol_v3_phase0_20260809_111313/services/api/app/protocol_workflow/graph/runtime.py,graph,1862,79c8dbb4c8760d9005057f46a3fdbb8762bd8ca2e0a55977a455151eb22b016a,_default_clock | _jsonable | _payload_sha256 | _ServiceTransport | _RunView | GraphRuntime,inventory_only; causal review in task packets and TAKEOVER_REVIEW
services/api/app/protocol_workflow/graph/state.py,/Users/smkzw/Documents/康哲项目资料/AI/医学经理工作台/implementation/protocol-v3-workbench-mw_protocol_v3_phase0_20260809_111313/services/api/app/protocol_workflow/graph/state.py,graph,154,2cd306d54369b9314362ba38008006258296efe792e1cccb950238267928d69e,GraphRunStatus | GraphNodeStatus | _StateModel | GraphNodeStateRecord | GraphRunSnapshot | GraphRunError | GraphPlanBindingError | GraphDecisionConflictError,inventory_only; causal review in task packets and TAKEOVER_REVIEW
services/api/app/protocol_workflow/legacy/__init__.py,/Users/smkzw/Documents/康哲项目资料/AI/医学经理工作台/implementation/protocol-v3-workbench-mw_protocol_v3_phase0_20260809_111313/services/api/app/protocol_workflow/legacy/__init__.py,legacy,59,ab9298d0bc5e45b0a84af2f5ef99144628594274e89c844d7b48788d05d1eea6,,inventory_only; causal review in task packets and TAKEOVER_REVIEW
services/api/app/protocol_workflow/legacy/cutover_state.py,/Users/smkzw/Documents/康哲项目资料/AI/医学经理工作台/implementation/protocol-v3-workbench-mw_protocol_v3_phase0_20260809_111313/services/api/app/protocol_workflow/legacy/cutover_state.py,legacy,440,7731964b29d72aa1dc6c6352f47c30c5a67ec1ff8c69355163b23544183e4c81,ProjectCutoverState | state_rank | _coerce_state | CutoverRejectionCode | CutoverRejected | CutoverTransitionStatus | CutoverTransitionResult | _AppliedTransition | _ProjectRecord | CutoverStateRegistry,inventory_only; causal review in task packets and TAKEOVER_REVIEW
services/api/app/protocol_workflow/legacy/migration_inventory.py,/Users/smkzw/Documents/康哲项目资料/AI/医学经理工作台/implementation/protocol-v3-workbench-mw_protocol_v3_phase0_20260809_111313/services/api/app/protocol_workflow/legacy/migration_inventory.py,legacy,936,99638556c045fefa7d41c34e87d716829fbf5cc3b55c41e900692b5a7c81f9de,LegacySourceFamily | _coerce_family | _FrozenJsonDict | _FrozenJsonList | _freeze_json_value | _payload_hash_of | _locator_hash_of | SourceRevisionToken | ImmutableLocator | LegacySourceRecord | InventorySnapshot | _normalize_identity_text | _payload_internal_revision | _validation_error_detail | _record_sort_key | _quarantine_identity_key | _quarantine_sort_key | _quarantine_for | _quarantine_from_record | _ingest | build_inventory,inventory_only; causal review in task packets and TAKEOVER_REVIEW
services/api/app/protocol_workflow/legacy/migration_map.py,/Users/smkzw/Documents/康哲项目资料/AI/医学经理工作台/implementation/protocol-v3-workbench-mw_protocol_v3_phase0_20260809_111313/services/api/app/protocol_workflow/legacy/migration_map.py,legacy,2428,13c68e10c87a94250047ca25107f4b28d55f0ef6bb5b33e84983f09ee8f82d07,MappingSpecError | MappingLineageError | _FrozenJsonDict | _FrozenJsonList | _freeze_json_value | _FrozenSpecDict | _target_sha256 | _lineage_id | _locator_hash_of | MappingContractSpec | IdentityRuleSpec | MappingFieldRule | MappingTypeSpec | MappingFamilySpec | MappingSpec | _spec_validation_detail | parse_mapping_spec | load_mapping_spec | MappingLineageEntry | MappedOutcome | QuarantinedOutcome | _lineage_sort_key | _outcome_sort_key | DryRunReport | _record_sort_key | _quarantine_for | _quarantine_from_record | _join_value | _bound_scalar | _bound_value | _canonical_bound | _bind_source_identity | _rule_payload | _derive_field_value | _whole_payload_value | _mapped_fields | run_mapping_dry_run | MappingContractIssue | MappingContractVerification | _contract_issue | _module_name_for | _import_contract_module | _read_source_text | _ddl_columns | _jsonl_snapshot_constants | _rule_source_names | _verify_pydantic_contract | _verify_sqlite_contract | _verify_payload_model | _verify_jsonl_contract | verify_mapping_spec_contracts,inventory_only; causal review in task packets and TAKEOVER_REVIEW
services/api/app/protocol_workflow/legacy/mutation_guard.py,/Users/smkzw/Documents/康哲项目资料/AI/医学经理工作台/implementation/protocol-v3-workbench-mw_protocol_v3_phase0_20260809_111313/services/api/app/protocol_workflow/legacy/mutation_guard.py,legacy,343,dd089190128d521f880cb2c2b832877818964bbfaf2d25169aaa11409173bdca,LegacyMutationBlocked | MutationGuardConfigurationError | LegacyReadResult | _FrozenPayload | _FrozenList | _freeze_json | MutationGuard | RollbackHelper,inventory_only; causal review in task packets and TAKEOVER_REVIEW
services/api/app/protocol_workflow/legacy/mutation_route_inventory.py,/Users/smkzw/Documents/康哲项目资料/AI/医学经理工作台/implementation/protocol-v3-workbench-mw_protocol_v3_phase0_20260809_111313/services/api/app/protocol_workflow/legacy/mutation_route_inventory.py,legacy,1260,eff05ab078ebfa56140bf7c3f6062bc3284ad9ab2768d6b00da596794a977205,MutatorClassification | _justification | _coerce_classification | RouteInventoryEntry | ServiceInventoryEntry | _route_project_binding | _build_route_entries | _build_service_entries | DiscoveredRoute | DiscoveredService | _called_attribute_names | _self_rooted_and_bare_calls | _sql_dml_literals | _file_write_calls | _route_handlers | _module_functions | discover_route_mutators | discover_service_mutators | MutationInventory | InventoryFinding | InventoryDriftReport | _finding | _verify_route_consistency | verify_inventory_drift | build_inventory,inventory_only; causal review in task packets and TAKEOVER_REVIEW
services/api/app/protocol_workflow/legacy/quarantine.py,/Users/smkzw/Documents/康哲项目资料/AI/医学经理工作台/implementation/protocol-v3-workbench-mw_protocol_v3_phase0_20260809_111313/services/api/app/protocol_workflow/legacy/quarantine.py,legacy,209,0dbc8a68e4d28403e377350b016611ed78d04e8d9592146cf2a34839531b7cd2,QuarantineReasonKind | QuarantineReason | quarantine_reason | QuarantineRecord,inventory_only; causal review in task packets and TAKEOVER_REVIEW
services/api/app/protocol_workflow/ports/artifacts.py,/Users/smkzw/Documents/康哲项目资料/AI/医学经理工作台/implementation/protocol-v3-workbench-mw_protocol_v3_phase0_20260809_111313/services/api/app/protocol_workflow/ports/artifacts.py,ports,277,9bafdfd82f5b76aba4a294d94fdf5696e205e8e20ce3426fbc411195a2547038,ArtifactMetadata | ArtifactRevision | ArtifactStoreError | ArtifactNotFoundError | ContentIntegrityError | ArtifactStore,inventory_only; causal review in task packets and TAKEOVER_REVIEW
services/api/app/protocol_workflow/ports/repositories.py,/Users/smkzw/Documents/康哲项目资料/AI/医学经理工作台/implementation/protocol-v3-workbench-mw_protocol_v3_phase0_20260809_111313/services/api/app/protocol_workflow/ports/repositories.py,ports,846,5fc8ebb1c713ee33a5c9e280369a7aba3929143e6a9084ad87dd4fa48577e8ce,RepositoryError | AggregateNotFoundError | RevisionConflictError | EventSequenceConflictError | IdempotencyConflictError | UnknownOutcomeConflictError | RepositoryStateTransitionError | OutboxStatus | InboxStatus | StreamHead | OutboxMessage | InboxResult | ChapterCoverageRecord | DecisionGraphRecord | WorkflowRunStatusRecord | CurrentAggregateRepository | EventStreamRepository | RevisionCasRepository | OutboxRepository | InboxRepository | ExecutionReservationRepository | ReadModelRepository,inventory_only; causal review in task packets and TAKEOVER_REVIEW
services/api/app/protocol_workflow/ports/unit_of_work.py,/Users/smkzw/Documents/康哲项目资料/AI/医学经理工作台/implementation/protocol-v3-workbench-mw_protocol_v3_phase0_20260809_111313/services/api/app/protocol_workflow/ports/unit_of_work.py,ports,236,b444873ecb3918f72a0579fe68b4fe716c372c48ef93f04548788db850252f72,IsolationContext | UnitOfWorkClosedError | UnitOfWork,inventory_only; causal review in task packets and TAKEOVER_REVIEW
services/api/app/protocol_workflow/qc/__init__.py,/Users/smkzw/Documents/康哲项目资料/AI/医学经理工作台/implementation/protocol-v3-workbench-mw_protocol_v3_phase0_20260809_111313/services/api/app/protocol_workflow/qc/__init__.py,qc,10,5c98a91c6b2b0c436ed9261047001cca465567307ea66e065bc113f8ca9d1d2d,,inventory_only; causal review in task packets and TAKEOVER_REVIEW
services/api/app/protocol_workflow/qc/manuscript_qc.py,/Users/smkzw/Documents/康哲项目资料/AI/医学经理工作台/implementation/protocol-v3-workbench-mw_protocol_v3_phase0_20260809_111313/services/api/app/protocol_workflow/qc/manuscript_qc.py,qc,107,13ff296bed66ca95a9e84008eb3c5b53bcea5d51c33db89b6882bd5be6f9abcf,_Citations | _collect_document_text | _version_material | run_manuscript_qc | _finding,inventory_only; causal review in task packets and TAKEOVER_REVIEW
services/api/app/protocol_workflow/qc/r03.py,/Users/smkzw/Documents/康哲项目资料/AI/医学经理工作台/implementation/protocol-v3-workbench-mw_protocol_v3_phase0_20260809_111313/services/api/app/protocol_workflow/qc/r03.py,qc,555,ac7080e2581b46f4af591d5d20657e4964642c02f9a535e7246c1e91298c428a,R03RegistryError | R03VersionPoint | R03VersionMaterial | R03Citation | R03CitationTarget | R03CitationMaterial | _result | _finding | _is_blank | check_version_consistency | check_internal_citations | signature_control_status | R03Criterion | R03CriteriaDocument | _norm | _known_semantic_node_ids | _known_applicability_rule_ids | validate_r03_registry | load_r03_criteria,inventory_only; causal review in task packets and TAKEOVER_REVIEW
services/api/app/protocol_workflow/registries/__init__.py,/Users/smkzw/Documents/康哲项目资料/AI/医学经理工作台/implementation/protocol-v3-workbench-mw_protocol_v3_phase0_20260809_111313/services/api/app/protocol_workflow/registries/__init__.py,registries,56,c8fab157eb8f7791508d2285448e1df40d599771c5bfbf653668a78505447d6e,,inventory_only; causal review in task packets and TAKEOVER_REVIEW
services/api/app/protocol_workflow/registries/applicability.py,/Users/smkzw/Documents/康哲项目资料/AI/医学经理工作台/implementation/protocol-v3-workbench-mw_protocol_v3_phase0_20260809_111313/services/api/app/protocol_workflow/registries/applicability.py,registries,447,1c419c54440d9147735ae5342b40158ec8b194cc2dfe6882b44c5bdad77f7c80,FactPredicate | evaluate_predicate | evaluate_predicates | ReferenceTarget | RulePredicate | ApplicabilityRuleCatalog | load_applicability_rules | _project_obligations | _resolve_rule_states | evaluate_applicable_content | ApplicabilityResolutionError | _resolved_input_contract | diagnose_applicable_input | bind_applicable_chapter | bind_applicable_input | check_applicable_output | build_applicability_snapshot,inventory_only; causal review in task packets and TAKEOVER_REVIEW
services/api/app/protocol_workflow/registries/chapters.py,/Users/smkzw/Documents/康哲项目资料/AI/医学经理工作台/implementation/protocol-v3-workbench-mw_protocol_v3_phase0_20260809_111313/services/api/app/protocol_workflow/registries/chapters.py,registries,1449,f4558cfc8176aeeb33a333ad784361efd966e1b07ef310e35842c3dd4bc41168,ChapterRegistryError | LintInputError | _is_resolved_fact | _has_fact_value | ContentFact | ContentClaim | ContentEvidence | ContentCell | ContentObject | ChapterContentPayload | ChapterSkillInput | ChapterSkillOutput | resolve_schema_ref | ChapterPromptContract | ChapterSkillManifest | ChapterFixture | ChapterEntry | ChapterRegistryDocument | _load_json | load_chapter_registry | CheckerFinding | FixtureCheckResult | _finding | _material_occurrences | evaluate_chapter_content | _contract_index | check_fixture | check_skill_output | _fixture_matches | LintFinding | CoverageSummary | LintReport | _expected_roles_from_template | _load_template_inputs | lint_registry,inventory_only; causal review in task packets and TAKEOVER_REVIEW
services/api/app/protocol_workflow/registries/dependency_graph.py,/Users/smkzw/Documents/康哲项目资料/AI/医学经理工作台/implementation/protocol-v3-workbench-mw_protocol_v3_phase0_20260809_111313/services/api/app/protocol_workflow/registries/dependency_graph.py,registries,1362,eb75dc674a4ee18bee08e501b77ae6422aa349d38992d49e8980361de742efc4,DependencyGraphError | ImpactPlanNotExecutable | EdgeKind | ImpactReason | MembershipSource | ChapterNode | FactMembership | SchedulingEdge | ConsistencyEdge | GraphFinding | ImpactReport | ConditionalRulePlan | AffectedChapterPlan | ProjectionRefresh | FactLabeledImpactPlan | DependencyGraph | fact_bindings_plan_hash | _diff_fact_values | _rule_state | build_fact_labeled_impact_plan | _digest | _normalise_fact_paths | _unresolved_hard_edge_nodes | build_dependency_graph,inventory_only; causal review in task packets and TAKEOVER_REVIEW
services/api/app/protocol_workflow/registries/fact_bindings.py,/Users/smkzw/Documents/康哲项目资料/AI/医学经理工作台/implementation/protocol-v3-workbench-mw_protocol_v3_phase0_20260809_111313/services/api/app/protocol_workflow/registries/fact_bindings.py,registries,406,83ec78f5875256c2df141367258dd1908eb8d6a2ef556111b55aa9bbf53f7f29,FactBindingError | FactBinding | BoundChapterSkillInput | FactBindingCatalog | _json | _binding_material | _registry_binding_hash | build_direct_fact_catalog | load_fact_catalog | affected_chapter_fact_paths | _typed_value | _chapter_binding_paths | _resolve_fact_values | diagnose_chapter_facts | bind_chapter_input | validate_output_facts,inventory_only; causal review in task packets and TAKEOVER_REVIEW
services/api/app/protocol_workflow/registries/loader.py,/Users/smkzw/Documents/康哲项目资料/AI/医学经理工作台/implementation/protocol-v3-workbench-mw_protocol_v3_phase0_20260809_111313/services/api/app/protocol_workflow/registries/loader.py,registries,537,631bc1741c8ff91a15875fae828569071b4c0fcdac50e8a4192ed5391443f0ff,RegistryDocumentError | _scan_credentials | _scan_paths | _reject_unknown | _TargetProfile | RoleEntry | RoleRegistryDocument | _Applicability | _IdempotencyPolicy | _Rollback | SkillEntry | SkillRegistryDocument | _load_json | load_role_registry | load_skill_registry,inventory_only; causal review in task packets and TAKEOVER_REVIEW
services/api/app/protocol_workflow/registries/ordered_draft.py,/Users/smkzw/Documents/康哲项目资料/AI/医学经理工作台/implementation/protocol-v3-workbench-mw_protocol_v3_phase0_20260809_111313/services/api/app/protocol_workflow/registries/ordered_draft.py,registries,217,4ed8e1c4bbb98ca0393cee3fd8628c7568b9d8c0756112948e10ec45738f3852,OrderedDraftBlockKind | OrderedDraftParagraphBlock | OrderedDraftTableBlock | OrderedChapterDraftCandidate | refuse_occurrences_as_instances,inventory_only; causal review in task packets and TAKEOVER_REVIEW
services/api/app/protocol_workflow/registries/template_runtime.py,/Users/smkzw/Documents/康哲项目资料/AI/医学经理工作台/implementation/protocol-v3-workbench-mw_protocol_v3_phase0_20260809_111313/services/api/app/protocol_workflow/registries/template_runtime.py,registries,142,9507e44db2dbcf1b6cb55ae91f257f1ffc7bfdecf07e8699b22421fcab29b6c8,CurrentTemplate | load_current_template | default_template_root | applicability_rules_digest | template_identity,inventory_only; causal review in task packets and TAKEOVER_REVIEW
services/api/app/protocol_workflow/runtime/__init__.py,/Users/smkzw/Documents/康哲项目资料/AI/医学经理工作台/implementation/protocol-v3-workbench-mw_protocol_v3_phase0_20260809_111313/services/api/app/protocol_workflow/runtime/__init__.py,runtime,37,dd34c2b669da918dcb99cc4cb8e880ab938dd98cb5c94d45bb49089d9918c333,,inventory_only; causal review in task packets and TAKEOVER_REVIEW
services/api/app/protocol_workflow/runtime/adapters/__init__.py,/Users/smkzw/Documents/康哲项目资料/AI/医学经理工作台/implementation/protocol-v3-workbench-mw_protocol_v3_phase0_20260809_111313/services/api/app/protocol_workflow/runtime/adapters/__init__.py,adapters,51,d3c3a907fdb1172972e9e6c068ce0670ed012d9924fc0629649f780ca8e4aeb3,,inventory_only; causal review in task packets and TAKEOVER_REVIEW
services/api/app/protocol_workflow/runtime/adapters/codex_app.py,/Users/smkzw/Documents/康哲项目资料/AI/医学经理工作台/implementation/protocol-v3-workbench-mw_protocol_v3_phase0_20260809_111313/services/api/app/protocol_workflow/runtime/adapters/codex_app.py,adapters,399,b079dae57838902ec68389c7a2b0062f1c1e6adad3eb6436f393081442c8d053,build_codex_exec_plan | CodexAppAdapter,inventory_only; causal review in task packets and TAKEOVER_REVIEW
services/api/app/protocol_workflow/runtime/adapters/deepseek_api.py,/Users/smkzw/Documents/康哲项目资料/AI/医学经理工作台/implementation/protocol-v3-workbench-mw_protocol_v3_phase0_20260809_111313/services/api/app/protocol_workflow/runtime/adapters/deepseek_api.py,adapters,79,9bcb9975cb37a8dce20d8b4c770d239b55e2dec8876fe7bcd9b3e08c1046ded4,build_deepseek_api_adapter,inventory_only; causal review in task packets and TAKEOVER_REVIEW
services/api/app/protocol_workflow/runtime/adapters/direct_api.py,/Users/smkzw/Documents/康哲项目资料/AI/医学经理工作台/implementation/protocol-v3-workbench-mw_protocol_v3_phase0_20260809_111313/services/api/app/protocol_workflow/runtime/adapters/direct_api.py,adapters,197,5bf7344259ccd62c05d78a1839326cbd862fa74ac7cf7028f4bccb589dd56761,DirectApiAdapter,inventory_only; causal review in task packets and TAKEOVER_REVIEW
services/api/app/protocol_workflow/runtime/adapters/local_omlx.py,/Users/smkzw/Documents/康哲项目资料/AI/医学经理工作台/implementation/protocol-v3-workbench-mw_protocol_v3_phase0_20260809_111313/services/api/app/protocol_workflow/runtime/adapters/local_omlx.py,adapters,215,1f50b4324f5f70f0bb51723d1f058adb93514364a1aa1afac31f5f83c6c16439,OcrRoleGateMismatchError | LocalOmlxAdapter,inventory_only; causal review in task packets and TAKEOVER_REVIEW
services/api/app/protocol_workflow/runtime/adapters/omp_cli.py,/Users/smkzw/Documents/康哲项目资料/AI/医学经理工作台/implementation/protocol-v3-workbench-mw_protocol_v3_phase0_20260809_111313/services/api/app/protocol_workflow/runtime/adapters/omp_cli.py,adapters,324,b15b1314cf4d262e312cea7da6b26d13a9e3ac2ceefeae5c10fbadf219607510,_resolve_thinking_value | build_omp_cli_plan | OmpCliAdapter,inventory_only; causal review in task packets and TAKEOVER_REVIEW
services/api/app/protocol_workflow/runtime/adapters/zhipu_api.py,/Users/smkzw/Documents/康哲项目资料/AI/医学经理工作台/implementation/protocol-v3-workbench-mw_protocol_v3_phase0_20260809_111313/services/api/app/protocol_workflow/runtime/adapters/zhipu_api.py,adapters,407,fdb70abab553152b7940546ee5329a86ca3af5d44ae5b220e4c97b82f2e218e4,ZhipuTransportError | ZhipuProbeReceipt | _ZhipuProbeState | build_zhipu_api_adapter,inventory_only; causal review in task packets and TAKEOVER_REVIEW
services/api/app/protocol_workflow/runtime/artifact_messages.py,/Users/smkzw/Documents/康哲项目资料/AI/医学经理工作台/implementation/protocol-v3-workbench-mw_protocol_v3_phase0_20260809_111313/services/api/app/protocol_workflow/runtime/artifact_messages.py,runtime,36,d900e0c72eabef39502688b0ab1cea8eaec615228e77c6409b47f58c5e635d25,resolve_artifact_messages,inventory_only; causal review in task packets and TAKEOVER_REVIEW
services/api/app/protocol_workflow/runtime/harness.py,/Users/smkzw/Documents/康哲项目资料/AI/医学经理工作台/implementation/protocol-v3-workbench-mw_protocol_v3_phase0_20260809_111313/services/api/app/protocol_workflow/runtime/harness.py,runtime,1603,49ab8ce88a9e687d358800e1ffb858674f45309a76293898aaac45745e10b76c,_scan_credentials | HarnessError | HarnessPolicyError | AdapterProbeError | HarnessFallbackError | WorkloadGateError | ArtifactRef | _RequestBindingEvidence | HarnessDispatchRequest | DispatchReceipt | HarnessDispatchResult | HarnessResult | FallbackInput | AdapterOutcome | TransportAdapter | Transport | ProbePolicy | _validate_role_binding | _validate_skill_binding | _validate_artifact_binding | _validate_region_sensitivity | _validated_request_kwargs | build_request | _request_matches_binding_evidence | _canonical_model_snapshot | _canonical_artifact_snapshot | _effective_gate_model | _ensure_gate_consistency | _lease_kind_for_role_kind | build_fallback_request | HarnessDispatcher | _enter_context,inventory_only; causal review in task packets and TAKEOVER_REVIEW
services/api/app/protocol_workflow/runtime/idempotency.py,/Users/smkzw/Documents/康哲项目资料/AI/医学经理工作台/implementation/protocol-v3-workbench-mw_protocol_v3_phase0_20260809_111313/services/api/app/protocol_workflow/runtime/idempotency.py,runtime,360,ef3888a591d49a36afbfbd1e4bdc1fef996fbcb4acba66bd0c7e2229c05e70c5,_strip_runtime_metadata | logical_work_key | canonical_input_hash | FallbackSafetyViolation | rebuild_fallback_payload | _enforce_safety_policy | _reject_explicit_target_outside_allowlist | _find_forbidden_fragments | _deep_copy_value,inventory_only; causal review in task packets and TAKEOVER_REVIEW
services/api/app/protocol_workflow/runtime/model_response.py,/Users/smkzw/Documents/康哲项目资料/AI/医学经理工作台/implementation/protocol-v3-workbench-mw_protocol_v3_phase0_20260809_111313/services/api/app/protocol_workflow/runtime/model_response.py,runtime,27,b1cc54d2505d9e86d86fa7a0f60d1e68c89298075139023b11935949e65e095c,persist_model_response | read_model_response,inventory_only; causal review in task packets and TAKEOVER_REVIEW
services/api/app/protocol_workflow/runtime/omp_credentials.py,/Users/smkzw/Documents/康哲项目资料/AI/医学经理工作台/implementation/protocol-v3-workbench-mw_protocol_v3_phase0_20260809_111313/services/api/app/protocol_workflow/runtime/omp_credentials.py,runtime,83,9754c6ff163b0dd890fbe04e9523ba1244c617a34de850e6580bf05f4a5a6284,OmpCredentialError | _resolve_omp_api_key | resolve_omp_zhipu_key | resolve_omp_deepseek_key,inventory_only; causal review in task packets and TAKEOVER_REVIEW
services/api/app/protocol_workflow/runtime/product_profile_bindings.py,/Users/smkzw/Documents/康哲项目资料/AI/医学经理工作台/implementation/protocol-v3-workbench-mw_protocol_v3_phase0_20260809_111313/services/api/app/protocol_workflow/runtime/product_profile_bindings.py,runtime,67,06efba638597f66f925f2f45375096c9ea2b361e2e866b411c483e9d0109d073,resolve_product_profile | profile_bindings | select_profile_roles,inventory_only; causal review in task packets and TAKEOVER_REVIEW
services/api/app/protocol_workflow/runtime/product_profiles.py,/Users/smkzw/Documents/康哲项目资料/AI/医学经理工作台/implementation/protocol-v3-workbench-mw_protocol_v3_phase0_20260809_111313/services/api/app/protocol_workflow/runtime/product_profiles.py,runtime,100,c1b0a6387d8d4cf46878aee7e5043026de30eab0c99d986770bb31e86ab2a546,ProfileSelectionError | default_role_registry_path | alternative_role_registry_path | select_role_registry_path | select_role_registry_document,inventory_only; causal review in task packets and TAKEOVER_REVIEW
services/api/app/protocol_workflow/runtime/proposal_correction.py,/Users/smkzw/Documents/康哲项目资料/AI/医学经理工作台/implementation/protocol-v3-workbench-mw_protocol_v3_phase0_20260809_111313/services/api/app/protocol_workflow/runtime/proposal_correction.py,runtime,120,648caed00e3801638de33258c184e84353e450d70c7a8ddca59f53bcd8216e15,_path_value | _previous_output_context | _compact_correction_input | _compact_errors | structure_correction_inputs,inventory_only; causal review in task packets and TAKEOVER_REVIEW
services/api/app/protocol_workflow/runtime/reservations.py,/Users/smkzw/Documents/康哲项目资料/AI/医学经理工作台/implementation/protocol-v3-workbench-mw_protocol_v3_phase0_20260809_111313/services/api/app/protocol_workflow/runtime/reservations.py,runtime,727,8e26dad23c3b026a104f235631b2be9df65a230ddfcee7c5fc583c90baa3af17,ExecutionTransport | ReservationOutcome | _claim_inflight | _release_inflight | _inflight_owner | _RepositoryLike | ReservationCoordinator | _new_reservation_id | _derive_retry_idempotency_key | _outcome_for_existing | _receipt_is_usable,inventory_only; causal review in task packets and TAKEOVER_REVIEW
services/api/app/protocol_workflow/runtime/restored_probe.py,/Users/smkzw/Documents/康哲项目资料/AI/医学经理工作台/implementation/protocol-v3-workbench-mw_protocol_v3_phase0_20260809_111313/services/api/app/protocol_workflow/runtime/restored_probe.py,runtime,41,9c8868cc4256113975f7ef9608c591117092eb99c79eaf65cb3de71df2739ea1,RestoredZhipuProbePolicy,inventory_only; causal review in task packets and TAKEOVER_REVIEW
services/api/app/protocol_workflow/storage/memory.py,/Users/smkzw/Documents/康哲项目资料/AI/医学经理工作台/implementation/protocol-v3-workbench-mw_protocol_v3_phase0_20260809_111313/services/api/app/protocol_workflow/storage/memory.py,storage,1447,0861c9770ff3fc24b5470516ed95db93472e0792dc5727c0bb0c20c5132e6fb0,_aggregate_id | _sha256 | _MutationGuard | InMemoryArtifactStore | _AggregateIndex | InMemoryCurrentAggregateRepository | InMemoryRevisionCasRepository | InMemoryEventStreamRepository | InMemoryOutboxRepository | InMemoryInboxRepository | InMemoryExecutionReservationRepository | InMemoryReadModelRepository | InMemoryUnitOfWork | build_in_memory_unit_of_work,inventory_only; causal review in task packets and TAKEOVER_REVIEW
services/api/app/protocol_workflow/storage/selected.py,/Users/smkzw/Documents/康哲项目资料/AI/医学经理工作台/implementation/protocol-v3-workbench-mw_protocol_v3_phase0_20260809_111313/services/api/app/protocol_workflow/storage/selected.py,storage,378,153fc687d1414ca41218daec7b1777a73e98dbf8476491ba926a91c3d9d7a6d3,StorageSelectionError | StorageConfigurationError | StorageNotReadyError | StorageCapabilityError | StorageCapabilities | SelectedStorage | get_selected_storage | UnitOfWorkFactory | create_unit_of_work_factory | create_product_unit_of_work_factory | create_test_memory_unit_of_work_factory | readiness_report,inventory_only; causal review in task packets and TAKEOVER_REVIEW
services/api/app/protocol_workflow/storage/sqlite.py,/Users/smkzw/Documents/康哲项目资料/AI/医学经理工作台/implementation/protocol-v3-workbench-mw_protocol_v3_phase0_20260809_111313/services/api/app/protocol_workflow/storage/sqlite.py,storage,2794,9627e011d1d93064cc7b4ed72f344ac02e6436a3a82dcc5a9823f79b944da190,SqliteStorageError | SqliteStorageConfigurationError | SqliteSchemaVersionError | parse_sqlite_version | assert_sqlite_version | _StoreConfig | _validate_config | _conn_for | _read_schema_version | _user_table_names | _column_signature | _unique_index_signature | _reference_schema_fingerprint | _now_iso | _safe_rollback | _apply_migration | _bootstrap_fresh | _open_readonly | _validate_migration_history | _preflight_owned_database | _bootstrap | _dt_to_iso | _dt_from_iso | _model_to_json | _json_to_model | _undo_savepoint | _Guard | _SqliteCurrentAggregateRepository | _SqliteCasRepository | _SqliteEventStreamRepository | _SqliteOutboxRepository | _SqliteInboxRepository | _SqliteReservationRepository | _AlwaysActiveGuard | SqliteCommittedOperationReservationRepository | build_committed_reservation_repository_factory | _SqliteReadModelRepository | SqliteUnitOfWork | build_unit_of_work_factory | _validate_project_id | is_project_admitted | admit_project,inventory_only; causal review in task packets and TAKEOVER_REVIEW
services/api/app/protocol_workflow/terminology/__init__.py,/Users/smkzw/Documents/康哲项目资料/AI/医学经理工作台/implementation/protocol-v3-workbench-mw_protocol_v3_phase0_20260809_111313/services/api/app/protocol_workflow/terminology/__init__.py,terminology,1,2bf57eb9a14c0873703512574dcd70ad9ed508692e2771a9203cfc5bfb7d07e7,,inventory_only; causal review in task packets and TAKEOVER_REVIEW
services/api/app/protocol_workflow/terminology/library.py,/Users/smkzw/Documents/康哲项目资料/AI/医学经理工作台/implementation/protocol-v3-workbench-mw_protocol_v3_phase0_20260809_111313/services/api/app/protocol_workflow/terminology/library.py,terminology,72,f2df608e22711b6fefd3371ea73d49b1bc8c5657c49c697b5bd526840e26b397,TextUnit | load_library | scan_text_units | abbreviation_inventory,inventory_only; causal review in task packets and TAKEOVER_REVIEW
tests/protocol_v3/integration/integration_shared.py,/Users/smkzw/Documents/康哲项目资料/AI/医学经理工作台/implementation/protocol-v3-workbench-mw_protocol_v3_phase0_20260809_111313/tests/protocol_v3/integration/integration_shared.py,tests,331,09561e999f8bab6a083808041fc02af1ec21e75d1d889bae42db95143c32d85c,make_factory | make_service | admit | genesis_snapshot | make_decision | side_effect_spec | create_command | apply_command | fingerprint_dict | outbox_rows | dump_business_tables | integrity_check | wal_path | db_file_names,inventory_only; causal review in task packets and TAKEOVER_REVIEW
tests/protocol_v3/integration/test_confirmation_binding.py,/Users/smkzw/Documents/康哲项目资料/AI/医学经理工作台/implementation/protocol-v3-workbench-mw_protocol_v3_phase0_20260809_111313/tests/protocol_v3/integration/test_confirmation_binding.py,tests,152,7c5e46010f16b07f9e6b2590c3154a34be8a4d1e058b22a56e528c350f37c02d,adopted_study | _decisions | _advance | test_dose_confirmation_stays_current_when_an_unrelated_fact_is_added | test_dose_confirmation_goes_stale_when_a_declared_dependency_changes | test_event_ledger_carries_both_bindings | test_conflicting_dependency_declarations_surface_not_silently_trusted,inventory_only; causal review in task packets and TAKEOVER_REVIEW
tests/protocol_v3/integration/test_design_cards_adoption.py,/Users/smkzw/Documents/康哲项目资料/AI/医学经理工作台/implementation/protocol-v3-workbench-mw_protocol_v3_phase0_20260809_111313/tests/protocol_v3/integration/test_design_cards_adoption.py,tests,240,273303686f8b51070560c6816c387bfb459ffe3e43ea20c0ba15494cabd1e43b,_design_elements_output | adopted_project | _seed_fields | test_seed_cards_populate_core_population_and_comparator | test_design_elements_cards_flow_from_producer_to_adoption,inventory_only; causal review in task packets and TAKEOVER_REVIEW
tests/protocol_v3/integration/test_document_read_api.py,/Users/smkzw/Documents/康哲项目资料/AI/医学经理工作台/implementation/protocol-v3-workbench-mw_protocol_v3_phase0_20260809_111313/tests/protocol_v3/integration/test_document_read_api.py,tests,48,78b37acf9e8ea29531a894a013c7f0db539603e37ec8edf14071908742f409c9,test_document_read_survives_reopen_and_reports_changed_study,inventory_only; causal review in task packets and TAKEOVER_REVIEW
tests/protocol_v3/integration/test_fact_impact_adoption.py,/Users/smkzw/Documents/康哲项目资料/AI/医学经理工作台/implementation/protocol-v3-workbench-mw_protocol_v3_phase0_20260809_111313/tests/protocol_v3/integration/test_fact_impact_adoption.py,tests,167,93a7b4a42468c705a5b05e78e032c19cf943cae09918142ae753615d6c979f88,test_absent_study_is_not_a_retryable_recommendation_conflict | test_missing_repository_is_configuration_failure_not_user_decision | test_decision_graph_shows_applied_history_without_claiming_current_validity | test_explicit_confirmed_fact_revision_and_historical_replay_keep_successor | test_current_decisions_track_their_bound_inputs_not_the_whole_revision,inventory_only; causal review in task packets and TAKEOVER_REVIEW
tests/protocol_v3/integration/test_manuscript_edit_control.py,/Users/smkzw/Documents/康哲项目资料/AI/医学经理工作台/implementation/protocol-v3-workbench-mw_protocol_v3_phase0_20260809_111313/tests/protocol_v3/integration/test_manuscript_edit_control.py,tests,394,ae4d52b92d3d63c94f3cf6ef04e104d5b35c772d2313b25bb40255eaf967a1ce,_chapter_candidate | saved_manuscript | _documents_api | seed_working_document | test_free_edit_saves_fact_edits_with_reconciliation_clues | test_object_revision_is_scoped_anchored_and_undoable | test_office_snapshot_persists_immutable_copy_bound_to_revision,inventory_only; causal review in task packets and TAKEOVER_REVIEW
tests/protocol_v3/integration/test_manuscript_plan_api.py,/Users/smkzw/Documents/康哲项目资料/AI/医学经理工作台/implementation/protocol-v3-workbench-mw_protocol_v3_phase0_20260809_111313/tests/protocol_v3/integration/test_manuscript_plan_api.py,tests,41,5484e3e356f5deee6e8016e20863bf36ac8dab3072d328f7823df753746e092a,test_current_manuscript_plan_is_read_only_and_survives_reopen,inventory_only; causal review in task packets and TAKEOVER_REVIEW
tests/protocol_v3/integration/test_manuscript_sources_api.py,/Users/smkzw/Documents/康哲项目资料/AI/医学经理工作台/implementation/protocol-v3-workbench-mw_protocol_v3_phase0_20260809_111313/tests/protocol_v3/integration/test_manuscript_sources_api.py,tests,101,b984ef5ee01b975a3e4b2d2befe61eaf95545d1e54a5c22b73d585f53f780519,test_full_source_preparation_api_recovers_without_model_or_source_reprocessing,inventory_only; causal review in task packets and TAKEOVER_REVIEW
tests/protocol_v3/integration/test_mounted_api_integration.py,/Users/smkzw/Documents/康哲项目资料/AI/医学经理工作台/implementation/protocol-v3-workbench-mw_protocol_v3_phase0_20260809_111313/tests/protocol_v3/integration/test_mounted_api_integration.py,tests,600,f46256b64d63e00fff0144a54c9ce58914cfb4577096ee5cd156aee3b8d3b2a4,_set_env | _mount | _admitted_client | _decision_dict | _create_body | _apply_body | _base | TestMountedMutationGetRoundTrip | _event_count_via_http | TestMountedErrorEnvelope | test_real_main_create_then_separate_process_read,inventory_only; causal review in task packets and TAKEOVER_REVIEW
tests/protocol_v3/integration/test_object_revision_scope_and_recovery.py,/Users/smkzw/Documents/康哲项目资料/AI/医学经理工作台/implementation/protocol-v3-workbench-mw_protocol_v3_phase0_20260809_111313/tests/protocol_v3/integration/test_object_revision_scope_and_recovery.py,tests,171,b5d8f69044f2f392eff8f32ecf92049062af3a7398e842b325775ee4435632d4,doc_service | _prepare | _apply | test_patch_without_target_is_refused | test_table_cell_patch_touches_only_the_target_cell | test_text_range_patch_preserves_surrounding_prose | test_frozen_intent_recovers_from_the_original_prepare_request | test_operation_status_never_degrades_to_blind_retry,inventory_only; causal review in task packets and TAKEOVER_REVIEW
tests/protocol_v3/integration/test_office_working_copy_closure.py,/Users/smkzw/Documents/康哲项目资料/AI/医学经理工作台/implementation/protocol-v3-workbench-mw_protocol_v3_phase0_20260809_111313/tests/protocol_v3/integration/test_office_working_copy_closure.py,tests,180,c7dc071f391d539a393e312d81562b4746236b259c3f976bb2b4fe8292397567,minimal_docx | office_service | _intent | test_fake_pk_prefix_is_rejected_as_invalid_docx | test_real_docx_roundtrips_and_chains_artifact_revisions | test_stale_base_artifact_revision_conflicts_with_latest_receipt | test_opened_study_baseline_is_not_relabelled_with_current | test_two_first_editors_do_not_replace_each_others_work | test_history_lists_and_downloads_both_word_versions_without_changing_head,inventory_only; causal review in task packets and TAKEOVER_REVIEW
tests/protocol_v3/integration/test_reconciliation_honest_binding.py,/Users/smkzw/Documents/康哲项目资料/AI/医学经理工作台/implementation/protocol-v3-workbench-mw_protocol_v3_phase0_20260809_111313/tests/protocol_v3/integration/test_reconciliation_honest_binding.py,tests,111,021f0cdf2e006bc7b9dd310fbc4c06ad52aad300d3cb5a0b23ae9e40aaa45e6d,_edit | doc_service | test_fact_drift_after_study_change_is_a_difference | test_resolution_on_old_study_does_not_close_new_difference | test_resolution_on_current_study_still_closes | test_unchecked_document_is_never_consistent | test_new_unverified_addition_is_not_blessed_consistent,inventory_only; causal review in task packets and TAKEOVER_REVIEW
tests/protocol_v3/integration/test_regimen_adoption_api.py,/Users/smkzw/Documents/康哲项目资料/AI/医学经理工作台/implementation/protocol-v3-workbench-mw_protocol_v3_phase0_20260809_111313/tests/protocol_v3/integration/test_regimen_adoption_api.py,tests,131,f4ec48ffd7c7ad53ef48e574c0fd8a12e62a86e22b2b507d466c63a48e798666,test_saved_design_adoption_reopens_and_replays_without_model_or_duplicate_writes,inventory_only; causal review in task packets and TAKEOVER_REVIEW
tests/protocol_v3/integration/test_regimen_design_api.py,/Users/smkzw/Documents/康哲项目资料/AI/医学经理工作台/implementation/protocol-v3-workbench-mw_protocol_v3_phase0_20260809_111313/tests/protocol_v3/integration/test_regimen_design_api.py,tests,82,aa77fa45a8d5874b2c04c1389749790a8c326f2ec48b208a7430a3248274bc2b,test_design_uses_pinned_intake_and_reopens_without_product_regeneration,inventory_only; causal review in task packets and TAKEOVER_REVIEW
tests/protocol_v3/integration/test_regimen_fact_adoption.py,/Users/smkzw/Documents/康哲项目资料/AI/医学经理工作台/implementation/protocol-v3-workbench-mw_protocol_v3_phase0_20260809_111313/tests/protocol_v3/integration/test_regimen_fact_adoption.py,tests,30,a874a4d6973ed5166440927aa48b877127572603d77a9e9d70b7c0c745d119dd,test_complete_regimen_is_one_fact_and_exact_replay_has_no_new_effect,inventory_only; causal review in task packets and TAKEOVER_REVIEW
tests/protocol_v3/integration/test_research_context_api.py,/Users/smkzw/Documents/康哲项目资料/AI/医学经理工作台/implementation/protocol-v3-workbench-mw_protocol_v3_phase0_20260809_111313/tests/protocol_v3/integration/test_research_context_api.py,tests,77,fce2652c331d66b5de74030d768c91041935e7a83aea26db15f7ce7fafa29e12,test_create_reopen_context_without_adopting_medical_candidates,inventory_only; causal review in task packets and TAKEOVER_REVIEW
tests/protocol_v3/integration/test_research_intent_api.py,/Users/smkzw/Documents/康哲项目资料/AI/医学经理工作台/implementation/protocol-v3-workbench-mw_protocol_v3_phase0_20260809_111313/tests/protocol_v3/integration/test_research_intent_api.py,tests,74,361f70ad16907998bc6903e8ae10aaa124cd6eb45a58013c08175f27577d0c93,test_basic_research_information_adopts_and_recovers_original_receipt,inventory_only; causal review in task packets and TAKEOVER_REVIEW
tests/protocol_v3/integration/test_seed_intake_api.py,/Users/smkzw/Documents/康哲项目资料/AI/医学经理工作台/implementation/protocol-v3-workbench-mw_protocol_v3_phase0_20260809_111313/tests/protocol_v3/integration/test_seed_intake_api.py,tests,114,101ecab41da7f29fa0df1b9512cdf2ac4f639f51062147b2ee06f87d1318d160,test_mounted_intake_acknowledges_durable_job_and_reuses_result | test_default_main_composition_exposes_intake_without_calling_a_model,inventory_only; causal review in task packets and TAKEOVER_REVIEW
tests/protocol_v3/integration/test_source_import_api.py,/Users/smkzw/Documents/康哲项目资料/AI/医学经理工作台/implementation/protocol-v3-workbench-mw_protocol_v3_phase0_20260809_111313/tests/protocol_v3/integration/test_source_import_api.py,tests,104,0acafa0fa520bb75539669865bc1c643d87cf9795e5d73dca610ec36845a78b6,client | upload | test_mounted_import_reopen_parse_download_and_old_replay | test_bad_docx_is_explained_and_not_adopted | test_metadata_can_be_corrected_without_reupload_and_stale_edit_is_explained | test_docx_without_text_is_not_misreported_as_corrupt | test_invalid_docx_has_a_distinct_parse_error_code,inventory_only; causal review in task packets and TAKEOVER_REVIEW
tests/protocol_v3/integration/test_sqlite_end_to_end.py,/Users/smkzw/Documents/康哲项目资料/AI/医学经理工作台/implementation/protocol-v3-workbench-mw_protocol_v3_phase0_20260809_111313/tests/protocol_v3/integration/test_sqlite_end_to_end.py,tests,733,e7050c6ad59c2f13ca3adca0af48d92824a92282731aa9fbcc14019185c0d475,_service | _stream_head | _event_count | TestCommitRestartReplay | TestWalConsistentBackupRestore | TestAtomicFaultRollback | TestTypedErrorMapping | TestInjectedPrecommitAbort,inventory_only; causal review in task packets and TAKEOVER_REVIEW
tests/protocol_v3/integration/test_template_fact_adoption.py,/Users/smkzw/Documents/康哲项目资料/AI/医学经理工作台/implementation/protocol-v3-workbench-mw_protocol_v3_phase0_20260809_111313/tests/protocol_v3/integration/test_template_fact_adoption.py,tests,859,79d38cb8644304afbf350aad9cb3aba767ac3492c5c4f5e276d02cb061468e8c,_adoption | _template_body | _dump | _facts | _seed | _replay_events | test_template_adoption_revises_an_existing_canonical_value | test_template_adoption_persists_snapshot_impact_and_identity_in_one_event | test_template_adoption_without_history_returns_not_found | test_string_false_is_rejected_for_a_boolean_bound_fact | test_null_fact_value_is_not_a_delete | test_alias_value_contradiction_needs_explicit_retirement | test_retirement_intent_is_typed_and_restricted_to_confirmed_aliases | test_inactive_conditional_conflict_blocks_adoption | test_unknown_condition_allows_partial_save_without_forced_completeness | test_same_key_with_different_template_intent_is_rejected | test_concurrent_template_adoptions_cas_one_wins_one_retries | test_legacy_apply_and_replay_stay_compatible_without_template_context | test_revising_a_bound_fact_makes_related_confirmation_stale_not_unrelated | test_adopted_events_rebuild_identically_from_a_fresh_store_connection | test_exact_replay_after_template_unavailability_replays_without_loader | test_same_idempotency_key_with_new_decision_is_one_operation_too_many | test_turning_condition_off_requires_retiring_now_inactive_values | test_retirement_needs_a_genuinely_inactive_condition,inventory_only; causal review in task packets and TAKEOVER_REVIEW
tests/protocol_v3/test_agent1_docx_parse.py,/Users/smkzw/Documents/康哲项目资料/AI/医学经理工作台/implementation/protocol-v3-workbench-mw_protocol_v3_phase0_20260809_111313/tests/protocol_v3/test_agent1_docx_parse.py,tests,129,30cec11f207b2f2464790da651e3652625f55918df1cff6974d08dd993999608,test_bare_toc_field_range_with_split_instruction_is_derived_until_end | test_simple_toc_field_is_not_body_evidence | test_body_content_controls_keep_order_and_actual_xml_locations | test_toc_without_field_and_endnote_bibliography_are_distinct | test_toc_field_is_recognised_without_gallery_property | test_tables_preserve_cells_and_merge_markers_between_paragraphs | test_nested_table_retains_structure_between_cell_paragraphs | test_revision_markers_are_reported_not_silently_accepted_as_clean | test_header_and_footnote_stories_keep_roles_without_fake_pages | test_unsupported_external_chunk_is_visible_as_incomplete_source_structure | test_existing_endnote_references_are_not_lost_inside_content_control,inventory_only; causal review in task packets and TAKEOVER_REVIEW
tests/protocol_v3/test_agent5_authority_boundary.py,/Users/smkzw/Documents/康哲项目资料/AI/医学经理工作台/implementation/protocol-v3-workbench-mw_protocol_v3_phase0_20260809_111313/tests/protocol_v3/test_agent5_authority_boundary.py,tests,1541,f5baaa33d39519bd7b3e8df0a0f411fda679d468c2daebbdd473beec1111bf63,_SharedState | _decision | _create_command | _service | _facade | _selection | _coordinator | _populated | _pin | _run_manifest | _error | _aggregate_fp | _event_fp | _outbox_fp | _rm_fp | _store_fp | _seed_run_status | _seed_decision_graph | _is_authority_handle | _slot_names | _referents | _collect_authority_handles | _closure_holding | TestRegistrySelection | TestRunManifestPinning | TestSourceRevisionLineage | _packages | TestWorkPackageDecomposition | TestReadOnlyAggregation | TestExceptionCards | TestAuthorityBoundary | TestRetainedGraphAuthority,inventory_only; causal review in task packets and TAKEOVER_REVIEW
tests/protocol_v3/test_all_chapter_contracts.py,/Users/smkzw/Documents/康哲项目资料/AI/医学经理工作台/implementation/protocol-v3-workbench-mw_protocol_v3_phase0_20260809_111313/tests/protocol_v3/test_all_chapter_contracts.py,tests,1722,630542f665cbf27311080b2641aedac26fbda02223a2eea773697f434ca77777,_objectives_contract | _cover_contract | _aggregation_contract | _glossary_contract | _skill_payload | _entry_payload | _registry_payload | _fixture_payload | _objectives_positive_content | _cover_positive_content | test_compact_json_layout_roundtrip_and_typed_access | test_loader_fails_closed_on_unknown_field_or_bad_template_hash | test_loader_rejects_duplicate_node_entries | test_loader_rejects_duplicate_contract_skill_and_fixture_ids | test_entry_identity_binding_is_enforced | test_skill_manifest_exports_real_typed_io_schemas | test_skill_manifest_carries_no_model_transport_fields | _make_document | _result_codes | test_positive_fixture_passes_and_records_deferred_qc | test_missing_claim_and_blank_fact_fail_independently | test_wrong_source_role_fails_deterministically | test_evidence_floor_violations_fail | test_skeleton_and_shell_objects_do_not_pass | test_forbidden_fact_and_claim_presence_fails | test_supplied_passed_and_qc_verdict_are_never_trusted | test_control_provenance_fixture_passes_without_medical_claims | test_skill_output_is_checked_by_same_engine | _synthetic_template_dir | _syn_chapter | _syn_entry | _syn_registry_payload | _syn_cover_contract | _with_complete_fixture_families | test_full_mode_complete_registry_reports_complete | test_full_mode_missing_coverage_lists_nodes_and_fails | test_partial_mode_reports_incomplete_and_never_complete | test_unexpected_carrier_and_role_mismatch_fail | test_unknown_vocabulary_entries_fail | _registry_payload_from_syn | test_conditional_required_vs_forbidden_conflict_fails | test_dangling_ctq_anchor_fails | test_dangling_dependency_full_error_partial_warning | test_template_hash_and_id_mismatch_fail | test_skill_not_bound_fails | test_missing_or_duplicate_cover_carrier_fails | test_real_template_derives_leaf_union_and_partial_batch | _cli_env | _run_cli | test_cli_exit_codes_json_output_and_readonly,inventory_only; causal review in task packets and TAKEOVER_REVIEW
tests/protocol_v3/test_application_service.py,/Users/smkzw/Documents/康哲项目资料/AI/医学经理工作台/implementation/protocol-v3-workbench-mw_protocol_v3_phase0_20260809_111313/tests/protocol_v3/test_application_service.py,tests,1030,1f2536859ad04f2e3d62c8a2dfe7eff17442d4306762723188a5a6e3414dc877,_SharedState | _FailingEventStreamRepository | _decision | _create_command | _apply_command | _side_effect_spec | _service | _aggregate_fp | _event_fp | _outbox_fp | TestCreateStudyDefinition | TestApplyStudyDecision | TestFailClosed | TestQueries | TestCommandValidation | TestErrorTranslation | TestResultsDoNotExposeRepositories,inventory_only; causal review in task packets and TAKEOVER_REVIEW
tests/protocol_v3/test_artifact_message_resolution.py,/Users/smkzw/Documents/康哲项目资料/AI/医学经理工作台/implementation/protocol-v3-workbench-mw_protocol_v3_phase0_20260809_111313/tests/protocol_v3/test_artifact_message_resolution.py,tests,34,088acd6726cb404a6b18b3a6e7d9a9748698e9c1f7755fbcd3440d229b120f70,material | test_complete_text_and_unicode_byte_boundary | test_multiple_documents_share_one_budget | test_reading_wrong_revision_does_not_mislabel_the_text,inventory_only; causal review in task packets and TAKEOVER_REVIEW
tests/protocol_v3/test_artifact_store.py,/Users/smkzw/Documents/康哲项目资料/AI/医学经理工作台/implementation/protocol-v3-workbench-mw_protocol_v3_phase0_20260809_111313/tests/protocol_v3/test_artifact_store.py,tests,439,a0873fb20fcb24e2a1fee7b7936b20c0481e22e685b296045a86fdeacdc5973b,_sha | _make_store | test_store_satisfies_artifact_store_port | test_same_logical_key_same_bytes_replays_idempotently | test_replay_returns_original_created_at | test_replay_does_not_increment_revision | test_different_bytes_under_same_key_creates_new_revision | test_prior_revision_bytes_are_preserved | test_logical_key_is_never_overwritten | test_list_revisions_returns_ascending_order | test_identical_bytes_under_different_keys_share_content_hash | test_read_by_sha256_retrieves_content | test_read_by_sha256_metadata_binding_is_order_independent | test_read_by_sha256_raises_for_unknown_hash | test_single_process_thread_replay_is_idempotent | test_content_sha256_is_never_trusted_from_caller | test_metadata_binds_all_fields | test_get_metadata_returns_current_by_default | test_get_metadata_specific_revision | test_get_current_revision_none_for_missing_key | test_list_revisions_empty_for_missing_key | test_read_missing_logical_key_raises | test_read_missing_revision_raises | test_get_metadata_missing_revision_raises | test_read_returns_immutable_copy | test_has_content_false_for_unstored | test_has_content_true_after_store | test_multi_revision_lineage_with_replay,inventory_only; causal review in task packets and TAKEOVER_REVIEW
tests/protocol_v3/test_authority_locator_amendment.py,/Users/smkzw/Documents/康哲项目资料/AI/医学经理工作台/implementation/protocol-v3-workbench-mw_protocol_v3_phase0_20260809_111313/tests/protocol_v3/test_authority_locator_amendment.py,tests,107,633a12bdff49dae00d97bb33feadb34b31de56d179ef791fe0e699459ca7fe48,module | case | test_current_amendment_covers_exact_frozen_assets_and_new_authorities | test_relocation_validates_bytes_and_does_not_mutate_record | test_bad_relocation_fails_closed | test_frozen_rule_and_manifest_bytes_remain_unchanged | test_builder_resolves_current_bytes_under_unchanged_logical_keys | test_unknown_current_file_is_rejected,inventory_only; causal review in task packets and TAKEOVER_REVIEW
tests/protocol_v3/test_chapter_applicability.py,/Users/smkzw/Documents/康哲项目资料/AI/医学经理工作台/implementation/protocol-v3-workbench-mw_protocol_v3_phase0_20260809_111313/tests/protocol_v3/test_chapter_applicability.py,tests,1940,7e07681bfd7a60741cdd57dd9f430150633b4885422758f1cca3d04fa7ec44f0,test_catalog_rejects_nonexistent_conditional_table_cell | test_boolean_predicate_does_not_infer_from_truthiness | test_missing_condition_is_unresolved_not_false | test_dotted_canonical_key_and_explicit_object_member_are_distinct | test_multiple_triggers_have_explicit_three_state_combination | test_empty_predicate_set_cannot_claim_applicability | test_actual_content_checker_executes_rule_from_canonical_facts | test_conditional_claim_source_and_object_are_enforced_by_same_checker | test_nonfinite_value_does_not_resolve_a_condition | interim_case | test_real_no_interim_needs_disposition_not_eleven_details_or_table | test_real_interim_conflict_active_and_unresolved_are_distinct | test_no_interim_can_reach_actual_skill_input_without_inactive_parameters | test_bound_no_interim_output_is_checked_against_same_facts_and_rules | test_existing_snapshot_distinguishes_chapter_presence_from_inner_condition | test_explicit_whole_appendix_condition_can_exclude_ecog | test_interim_reference_resolves_to_real_oversight_node_before_generation | test_shared_fact_obligation_survives_any_active_analysis | test_no_temporary_hold_still_requires_permanent_and_trial_stop_facts | test_real_exploratory_pk_does_not_require_confirmatory_link | real_rule_catalog | test_product_rules_allow_no_pk_pd_er_without_fabricated_sampling_or_purpose | test_product_optional_plans_preserve_base_and_require_only_active_details | test_applicable_scale_requires_evidence_for_its_verified_contents | test_enumerated_condition_does_not_treat_unknown_status_as_negative | test_charter_drafting_does_not_require_a_future_approval_record | test_central_lab_requires_its_scope_without_releasing_local_units | test_conditional_table_cells_do_not_remove_the_whole_table | test_actual_interim_without_efficacy_testing_or_committees_needs_no_fake_details | actual_interim_output_case | test_actual_interim_output_obligations_follow_each_confirmed_purpose | test_active_interim_rejects_opposite_disposition_in_output | test_sample_size_interim_uses_design_justification_not_mandatory_spending_value | test_irc_configuration_keeps_decision_without_inventing_committee_details | test_no_irc_output_still_requires_actual_decision_and_its_source | test_future_use_does_not_release_current_study_disposition | test_no_future_use_output_preserves_current_assay_scope_and_source | test_immunogenicity_applicability_requires_only_active_strategy | test_exploratory_objective_uses_explicit_flags_not_analysis_text | test_pk_assessment_keeps_shared_sampling_for_each_actual_analysis | test_no_pk_output_does_not_suppress_independent_immunogenicity | test_inclusion_chapter_has_required_content_without_patient_eligibility_switch | test_rescreening_does_not_control_screen_failure_records | test_rescreening_output_keeps_screen_failure_table_and_evidence | test_figure_index_requires_current_inventory_only_when_figures_exist | test_diagram_design_branches_do_not_invent_allocation_or_escalation | test_soa_pk_condition_preserves_other_visit_obligations | test_frontmatter_conditions_keep_actual_required_parties_and_history | test_background_therapy_condition_keeps_other_allowed_treatments | test_dose_actions_do_not_release_permanent_stop_or_force_all_adjustments | test_dose_action_output_combinations_keep_permanent_stop | test_oncology_exception_keeps_general_ae_and_teae_definitions | test_injection_decision_uses_explicit_member_and_requires_reason | test_treatment_randomization_is_not_limited_to_day_one | test_treatment_output_keeps_visit_source_when_randomization_inactive | test_randomization_and_partial_blinding_obligations_are_independent | test_masking_output_combinations_keep_open_design_bias_controls | test_estimand_treatment_uses_background_or_rescue_states | test_estimand_treatment_output_requires_specific_consistency_source | test_design_rationale_only_requires_applicable_margin_and_placebo_decisions | test_design_rationale_output_requires_margin_source_only_when_applicable | test_ice_crosscheck_never_releases_other_intercurrent_event_strategies | test_optional_compensation_does_not_release_recruitment_or_ethics_plan | test_compensation_output_keeps_recruitment_and_requires_project_basis | test_followup_protocol_needs_recording_plan_not_future_visit_dates | test_followup_bound_output_cannot_replace_recording_plan_with_event_date | test_multiplicity_disposition_never_releases_confirmatory_family | test_exploratory_interpretation_limit_is_not_optional_prose | test_exploratory_output_interpretation_has_its_own_project_source | test_labeling_review_controls_extra_text_not_base_packaging | test_contraception_shared_decision_controls_only_specific_obligations | test_contraception_output_projection_preserves_eligibility_and_lifestyle | test_study_end_keeps_completion_and_separates_planned_phases | test_study_end_output_preserves_overall_end_when_optional_phase_absent | test_dose_rationale_requires_planned_maximum_even_without_escalation | test_overall_design_requires_only_confirmed_optional_feature_details | test_primary_objective_rescue_branch_preserves_clinical_question | test_overall_design_output_keeps_base_design_for_all_feature_combinations | test_primary_objective_output_keeps_question_and_requires_rescue_source,inventory_only; causal review in task packets and TAKEOVER_REVIEW
tests/protocol_v3/test_chapter_batch1.py,/Users/smkzw/Documents/康哲项目资料/AI/医学经理工作台/implementation/protocol-v3-workbench-mw_protocol_v3_phase0_20260809_111313/tests/protocol_v3/test_chapter_batch1.py,tests,713,51ca621d1e4a8b26940f80c61289aa6250afd2aa2b458797952c1b17e3aa2380,_load_assembly_module | _error_codes | registry_payload | registry_document | test_contract_and_skill_files_exist_with_exact_identities | test_all_twelve_carriers_present_with_derived_coverage_roles | test_table_cell_obligations_are_declared_and_exercised | test_original_forty_eight_ids_preserved_and_new_fixtures_explicit | test_every_fixture_exercises_its_named_defect | test_forbidden_and_conditional_obligations_are_substantive | test_identity_facts_reuse_existing_framing_bindings | test_contacts_are_unconditional_only_for_sponsor_and_investigator | test_allocation_ratio_is_conditional_and_single_arm_passes | test_diagram_skill_provenance_binds_example_asset_and_guards | test_summary_preserves_17_rows_and_never_treats_classification_as_registry | test_glossary_requires_entry_content_beyond_headers | test_independently_required_claims_have_separate_evidence_groups | test_participant_terminology_across_batch_files | test_partial_lint_is_clean_but_never_complete | test_full_lint_fails_on_remaining_coverage | _cli_env | test_assembly_cli_stdout_only_readonly_and_lint_cli_roundtrip,inventory_only; causal review in task packets and TAKEOVER_REVIEW
tests/protocol_v3/test_chapter_batch2.py,/Users/smkzw/Documents/康哲项目资料/AI/医学经理工作台/implementation/protocol-v3-workbench-mw_protocol_v3_phase0_20260809_111313/tests/protocol_v3/test_chapter_batch2.py,tests,1062,8b5bb789d916a281e7f7c91492c6bab436d85965bb9506a4dc7836ecb331623c,_batch_document | batch2_document | batch2_registry | node_tree | _entry | _contract | _fixture_index | _error_codes | _error_locations | _leaf_union | test_batch_document_declares_exactly_the_sixteen_batch_scope | test_closed_vocabularies_cover_every_used_path_and_claim | test_assembled_registry_contains_only_the_sixteen_leaf_carriers | test_batch_scope_is_not_directory_scoped | test_source_identity_is_preserved_from_the_accepted_node_tree | test_no_fifth_heading_is_invented_for_the_summary_measure | test_node_source_obligations_are_declared | test_estimand_attributes_are_four_headings_plus_the_summary_measure | test_population_attribute_keeps_target_population_distinct_from_analysis_sets | test_variable_attribute_requires_measurement_aggregation_and_timepoint | test_treatment_condition_attribute_clarifies_the_source_effect_label | test_ice_carrier_cross_checks_summary_and_strategy | test_competitor_evidence_cannot_admit_own_product_clinical_claims | test_unheaded_preclinical_and_mechanism_obligations_are_preserved | test_risk_benefit_keeps_compensation_and_source_wording_bounded | test_primary_objective_does_not_promote_the_source_rescue_example | test_fixture_families_and_conspicuous_synthetic_conventions | test_positive_fixtures_pass_and_negatives_fail_for_their_reason | test_source_specific_negatives_target_their_own_reason | test_forbidden_claim_negatives_are_exercised | test_blank_obligation_keys_do_not_satisfy_required_content | test_partial_lint_is_clean_and_enumerates_full_missing_coverage | test_partial_lint_reports_missing_fixture_families_as_info_only_for_other_nodes,inventory_only; causal review in task packets and TAKEOVER_REVIEW
tests/protocol_v3/test_chapter_batch3.py,/Users/smkzw/Documents/康哲项目资料/AI/医学经理工作台/implementation/protocol-v3-workbench-mw_protocol_v3_phase0_20260809_111313/tests/protocol_v3/test_chapter_batch3.py,tests,282,46b63b038679ca95b384fc05cb9681ba14603f82b8046e77bb5de5d7976e88f1,_assembled | _document | _fixture_map | test_batch3_assembles_exactly_ten_source_carriers | _contract_id_for | test_batch3_contracts_and_skills_preserve_source_identity | test_contracts_reuse_shared_fact_paths_and_declare_typed_detail | test_parent_population_framing_is_carried_by_inclusion_and_referenced_by_exclusion | test_each_carrier_has_four_exercised_fixture_families | test_source_specific_negative_fixtures_are_material_and_fail_for_expected_family | test_population_predicates_are_typed_and_not_inverse_duplicates | test_design_high_risk_choices_are_decisions_not_defaults | test_completion_and_overall_end_are_distinct_and_screening_is_distinct | test_partial_lint_is_incomplete_and_full_lint_reports_missing_coverage | test_fixture_checker_ignores_supplied_truth_flags,inventory_only; causal review in task packets and TAKEOVER_REVIEW
tests/protocol_v3/test_chapter_batch4.py,/Users/smkzw/Documents/康哲项目资料/AI/医学经理工作台/implementation/protocol-v3-workbench-mw_protocol_v3_phase0_20260809_111313/tests/protocol_v3/test_chapter_batch4.py,tests,1129,16e34b798f0e815c4096a8eee19f28b3d0d07398c40231414a4c0e191a1223f0,_load_assembly_module | _error_codes | _contract | _required_facts | _required_claims | _fixtures_by_node | _fixture | registry_payload | registry_document | test_contract_and_skill_files_exist_with_exact_identities | test_all_sixteen_carriers_present_with_derived_coverage_roles | test_contracts_bind_the_exact_source_body_child_windows | test_table_cell_obligations_are_declared_and_exercised | test_every_fixture_exercises_its_named_defect | test_source_specific_negatives_fail_for_their_named_reason | test_conflicting_dose_facts_and_copied_thresholds_are_rejected | test_negative_fixtures_carry_no_identity_or_clinical_errors | test_synthetic_examples_are_conspicuous_and_booleans_bare | test_fixture_ids_follow_the_batch_hyphen_convention | test_forbidden_and_conditional_obligations_are_substantive | test_intervention_identity_facts_are_typed_and_example_values_forbidden | test_dose_hold_restart_and_discontinuation_keep_product_specific_triggers | test_storage_handling_and_accountability_carry_real_units | test_adherence_measurement_keeps_its_denominator_and_evidence_source | test_prohibited_allowed_and_rescue_treatments_stay_separated | test_rescue_strategy_must_agree_with_the_estimand | test_visit_phase_facts_agree_with_schedule_and_safety_period | test_followup_carrier_requires_window_units_and_phone_visits | test_individual_and_trial_level_cessation_stay_separately_typed | test_discontinuation_does_not_end_followup_or_erase_data | test_lost_to_followup_needs_project_specific_attempts_and_classification | test_independently_required_claims_have_separate_evidence_groups | test_every_contract_declares_context_window_and_quality_floor | test_closed_vocabularies_cover_every_declared_path_and_claim | test_participant_terminology_across_batch4_files | test_partial_lint_is_clean_but_never_complete | test_full_lint_fails_on_remaining_coverage | _cli_env | test_assembly_cli_stdout_only_readonly_and_lint_cli_roundtrip,inventory_only; causal review in task packets and TAKEOVER_REVIEW
tests/protocol_v3/test_chapter_batch5.py,/Users/smkzw/Documents/康哲项目资料/AI/医学经理工作台/implementation/protocol-v3-workbench-mw_protocol_v3_phase0_20260809_111313/tests/protocol_v3/test_chapter_batch5.py,tests,1538,9042c2f455a248e6eb3127ccd35e52bf4400bd1fbcd0fd9a02a7ffac63a7f9bd,_load_assembly_module | _error_codes | _contract | _required_facts | _optional_facts | _forbidden_facts | _required_claims | _forbidden_claims | _qc_text | _fixtures_by_node | _fixture | registry_payload | registry_document | test_contract_and_skill_files_exist_with_exact_identities | test_all_nineteen_carriers_present_with_derived_coverage_roles | test_contracts_bind_the_exact_source_body_child_windows | test_table_cell_obligations_are_declared_and_exercised | test_every_fixture_exercises_its_named_defect | test_source_specific_negatives_fail_for_their_named_reason | test_conditional_branch_positives_pass | test_negative_fixtures_carry_no_identity_or_clinical_errors | test_synthetic_examples_are_conspicuous_and_booleans_bare | test_fixture_ids_follow_the_batch_hyphen_convention | test_forbidden_and_conditional_obligations_are_substantive | test_closed_vocabularies_cover_every_declared_path_and_claim | test_every_contract_declares_context_window_and_quality_floor | test_independently_required_claims_have_separate_evidence_groups | test_participant_terminology_across_batch5_files | test_efficacy_endpoints_trace_to_objectives_and_estimand | test_assessment_procedures_carry_units_windows_and_repeat_rules | test_restrictions_are_typed_with_design_rationale_not_blanket | test_specimens_special_assays_and_comparator_evidence_are_bounded | test_pk_pd_exposure_response_and_immunogenicity_stay_separate | test_irc_is_conditional_and_not_a_safety_committee | test_ae_sae_teae_taxonomy_fields_are_distinct_typed_facts | test_ctcae_version_is_project_bound_and_template_example_forbidden | test_five_level_causality_preserved_and_reportability_kept_separate | test_ae_collection_is_not_teaee_classification | test_ae_recording_keeps_separate_event_times | test_ae_followup_needs_real_scope_and_ongoing_event_handling | test_sae_seriousness_is_separate_from_severity_and_from_definition | test_investigator_sae_reporting_clock_is_its_own_object | test_sae_followup_declares_new_information_reporting | test_susr_is_not_sae_and_expectedness_is_typed | test_sponsor_expedited_reporting_clocks_are_separate | test_rapid_report_followup_retains_causality_disagreement | test_other_serious_safety_information_and_no_invented_receipts | test_aesi_selection_is_product_specific_not_template_list | test_pregnancy_is_not_auto_sae_nor_auto_withdrawal | test_parent_body_obligations_are_inherited_with_declared_markers | test_cross_batch_bindings_reuse_existing_fact_paths | test_partial_lint_is_clean_but_never_complete | test_full_lint_fails_on_remaining_coverage | _cli_env | test_assembly_cli_stdout_only_readonly_and_lint_cli_roundtrip,inventory_only; causal review in task packets and TAKEOVER_REVIEW
tests/protocol_v3/test_chapter_batch6.py,/Users/smkzw/Documents/康哲项目资料/AI/医学经理工作台/implementation/protocol-v3-workbench-mw_protocol_v3_phase0_20260809_111313/tests/protocol_v3/test_chapter_batch6.py,tests,217,c90da76aa1bdfc20bfc413df207ddd8eeeb5316a0a30051ba148dc5ea40cfe37,_source_specific_entries | _assembly_module | document | _entry | _fixture | _codes | test_batch_scope_is_exactly_thirteen_carriers | test_contracts_preserve_source_identity_and_windows | test_each_contract_declares_typed_source_obligations | test_statistics_semantic_separation_and_inheritance | test_multiplicity_and_interim_are_bound_to_actual_design | test_fixture_families_and_named_negatives | test_partial_lint_is_clean_and_reports_incomplete | _cli_env | test_assembly_cli_is_stdout_only,inventory_only; causal review in task packets and TAKEOVER_REVIEW
tests/protocol_v3/test_chapter_batch7.py,/Users/smkzw/Documents/康哲项目资料/AI/医学经理工作台/implementation/protocol-v3-workbench-mw_protocol_v3_phase0_20260809_111313/tests/protocol_v3/test_chapter_batch7.py,tests,478,a7e35dfef9beaf210695b82867de2cc5b14f162af7c26b2d05fc192ee30d30d8,_load_assembly_module | _error_codes | _contract | _fixtures_by_node | _fixture | registry_payload | registry_document | test_contract_and_skill_files_have_exact_batch_identities | test_exact_thirteen_leaf_carriers_and_derived_roles | test_source_windows_titles_styles_and_bookmarks_come_from_node_tree | test_substantive_contracts_have_positive_forbidden_and_evidence_obligations | test_data_and_ethics_semantics_are_separately_typed | test_table_cells_are_declared_and_positive_fixtures_supply_them | test_fixture_families_and_named_defects | test_source_specific_negative_ids_are_exercised | test_closed_vocabularies_cover_declared_contract_paths | test_batch7_terminology_is_participant_safe | test_partial_lint_is_clean_but_incomplete | test_full_lint_reports_only_remaining_coverage | _cli_env | test_assembly_and_partial_lint_cli_roundtrip,inventory_only; causal review in task packets and TAKEOVER_REVIEW
tests/protocol_v3/test_chapter_batch8.py,/Users/smkzw/Documents/康哲项目资料/AI/医学经理工作台/implementation/protocol-v3-workbench-mw_protocol_v3_phase0_20260809_111313/tests/protocol_v3/test_chapter_batch8.py,tests,1101,8ef45388dd6f0a7a22577a9a963c1a08e2fafc0fd0be707cc10750cee99b6ad0,_load_assembly_module | _error_codes | _contract | _fact_obligations | _claim_obligations | _fixtures_by_node | _fixture | _facts_of | registry_payload | registry_document | test_contract_and_skill_files_have_exact_batch_identities | test_exact_twelve_carriers_and_derived_roles | test_source_windows_titles_styles_and_bookmarks_come_from_node_tree | test_appendix_leaf_identity_and_conditional_tables_come_from_node_tree | test_substantive_contracts_have_positive_forbidden_and_evidence_obligations | test_quality_risk_management_is_anchored_not_a_slogan | test_sponsor_monitor_investigator_responsibilities_stay_separate | test_audit_and_deviation_processes_are_distinct_with_provenance_pending | test_safety_oversight_roles_are_not_interchangeable | test_references_are_generated_from_actually_used_sources | test_independently_required_sources_keep_separate_evidence_groups | test_appendix_container_preserves_outline_leaf_obligations | test_score_appendices_are_conditional_on_actual_assessments | test_laboratory_and_destruction_provider_identity_is_actual | test_conditional_rules_reference_only_declared_fact_paths | test_new_fact_roots_carry_ownership_declarations | test_closed_vocabularies_cover_declared_contract_paths | test_batch8_terminology_is_participant_safe | test_fixture_families_and_named_defects | test_source_specific_negatives_fail_for_their_named_reason | test_negative_fixtures_carry_no_forbidden_material_outside_named_exceptions | test_synthetic_markers_and_bare_boolean_triggers | test_fixture_ids_follow_the_batch8_convention | test_positive_fixtures_exercise_conditional_paths | test_checker_ignores_supplied_verdicts | test_partial_lint_is_clean_but_incomplete | test_all_eight_batches_leave_no_missing_coverage_of_111 | _cli_env | test_assembly_and_partial_lint_cli_roundtrip,inventory_only; causal review in task packets and TAKEOVER_REVIEW
tests/protocol_v3/test_chapter_contract_schema.py,/Users/smkzw/Documents/康哲项目资料/AI/医学经理工作台/implementation/protocol-v3-workbench-mw_protocol_v3_phase0_20260809_111313/tests/protocol_v3/test_chapter_contract_schema.py,tests,748,bd6a7567a9ccc13b22522ef4b6f9cfc1d14f800e58d30f044136c3e4b9d18524,_chapter_contract_v1 | _substantive_content_contract_v1 | _fact_requirements | _claim_requirements | _evidence_requirement | _structural_object_obligations | _word_rules | _conditional_rule | _repair_policy | _qc_rule | _ctq_item | _participation_obligation | _registry_obligation | _content_contract_v2 | _chapter_contract_v2 | _assert_roundtrip | test_v1_chapter_and_substantive_serialization_and_hashes_unchanged | test_v1_dependency_bound_models_hashes_unchanged | test_v2_contracts_are_explicitly_versioned_and_strict | test_v2_fact_and_claim_requirements_roundtrip_and_reject_contradictions | test_v2_rejects_vacuous_and_generic_object_only_content | test_v2_metadata_control_content_needs_no_fabricated_medical_evidence | test_v2_evidence_source_requirements_are_typed | test_v2_word_rules_reject_vacuous_or_contradictory_formatting | test_v2_conditional_applicability_requires_when_active_obligations | test_v2_dependency_repair_policy_is_bounded_and_declared | test_v2_ctq_items_anchor_to_facts_or_claims_and_known_qc_rules | test_v2_patient_participation_ties_decision_record_without_arbitrary_length | test_v2_registry_consistency_and_positive_qc_are_required_obligations | test_v2_full_contract_roundtrip_and_material_hash_tracks_content,inventory_only; causal review in task packets and TAKEOVER_REVIEW
tests/protocol_v3/test_chapter_draft_request.py,/Users/smkzw/Documents/康哲项目资料/AI/医学经理工作台/implementation/protocol-v3-workbench-mw_protocol_v3_phase0_20260809_111313/tests/protocol_v3/test_chapter_draft_request.py,tests,162,b0b079041de10fdeb58cab745f3d9daa7725988d2472bde5aa514087d5b097b1,inputs | test_preparation_preserves_full_facts_sources_and_input_identity | test_writer_cannot_supply_its_own_source_universe_or_change_target | test_non_object_model_json_has_a_structured_error | test_bound_input_from_an_older_contract_cannot_use_revised_same_id_contract | test_applicable_writer_receives_projected_contract_and_same_bound_snapshot | test_coordinator_checks_bound_study_metadata_before_starting_runtime | test_study_chapter_preparation_uses_current_catalog_and_actual_study | test_whole_chapter_not_applicable_does_not_create_a_writing_request | test_generated_table_nested_references_must_belong_to_supplied_evidence,inventory_only; causal review in task packets and TAKEOVER_REVIEW
tests/protocol_v3/test_chapter_draft_workflow.py,/Users/smkzw/Documents/康哲项目资料/AI/医学经理工作台/implementation/protocol-v3-workbench-mw_protocol_v3_phase0_20260809_111313/tests/protocol_v3/test_chapter_draft_workflow.py,tests,72,a3dec33fc3080385a077427052de9e09b71d78a98618c6148a683952f4a70cdd,test_chapter_candidate_runs_once_and_recovers_without_writing_facts,inventory_only; causal review in task packets and TAKEOVER_REVIEW
tests/protocol_v3/test_chapter_fact_binding.py,/Users/smkzw/Documents/康哲项目资料/AI/医学经理工作台/implementation/protocol-v3-workbench-mw_protocol_v3_phase0_20260809_111313/tests/protocol_v3/test_chapter_fact_binding.py,tests,382,07ed9e06ee0e0bb46bd4df0bc3c1c51179f06554db5311dd6321ba6cabab7f49,make_input | test_skill_input_preserves_json_type_through_reopen | test_typed_fact_survives_output_and_is_present_to_structural_checker | test_unresolved_input_still_rejected | test_frozen_input_cannot_be_changed_through_nested_values | test_frozen_output_fact_cannot_be_changed_after_validation | test_empty_structures_are_preserved_without_claiming_substantive_content | bindings_for_objective | confirmed_study | test_canonical_snapshot_to_bound_input_keeps_value_and_revision | test_legacy_conversion_requires_explicit_declared_type | test_native_string_false_does_not_silently_become_confirmed_boolean | test_conflicting_alias_is_reported_instead_of_overwriting_canonical | test_missing_required_fact_returns_exact_path | test_output_cannot_replace_canonical_false_with_numeric_zero_or_new_value | test_output_from_old_snapshot_not_adoptable_against_new_revision | test_generic_legacy_string_needs_type_evidence | test_bound_fact_copy_is_checked_against_current_canonical_not_itself | test_shipped_fact_catalog_covers_registry_and_binds_current_contracts | test_canonical_sample_size_change_reaches_summary_without_second_fact_store | test_fact_text_is_not_normalized_by_transport | test_nonfinite_output_is_reported_as_fact_error | test_every_real_contract_reads_confirmed_canonical_values_without_projection_copies | test_nested_output_preserves_fact_text_and_registration_reproduces_evidence | test_structured_decision_requires_native_boolean_and_nonblank_reason | test_structured_decision_preserves_short_reason_and_false | test_explicit_legacy_alias_reads_old_only_but_never_hides_conflicting_values | test_whole_regimen_and_synopsis_read_the_adopted_compound_fact | test_synopsis_and_design_share_one_phase_without_writing_duplicate_facts,inventory_only; causal review in task packets and TAKEOVER_REVIEW
tests/protocol_v3/test_chapter_facts_derivation.py,/Users/smkzw/Documents/康哲项目资料/AI/医学经理工作台/implementation/protocol-v3-workbench-mw_protocol_v3_phase0_20260809_111313/tests/protocol_v3/test_chapter_facts_derivation.py,tests,72,9bd8a4d6469f3546a846a3a4e140f085b3dc2d63ca1557763b05e9e948886b59,_study_stub | _template | test_collect_gaps_finds_missing_required_facts | test_batch_material_compiles_confirmed_facts_and_specs | test_parse_batch_output_accepts_typed_values_and_rejects_nulls,inventory_only; causal review in task packets and TAKEOVER_REVIEW
tests/protocol_v3/test_chapter_product_factory.py,/Users/smkzw/Documents/康哲项目资料/AI/医学经理工作台/implementation/protocol-v3-workbench-mw_protocol_v3_phase0_20260809_111313/tests/protocol_v3/test_chapter_product_factory.py,tests,162,909bcb24a146d49bd650947af88f80b8cca5eade380ad866ef268e71aac2b899,test_product_chapter_factory_calls_only_on_execution_and_reopens | test_correction_unknown_outcome_gets_one_explicit_retry,inventory_only; causal review in task packets and TAKEOVER_REVIEW
tests/protocol_v3/test_chapter_source_material.py,/Users/smkzw/Documents/康哲项目资料/AI/医学经理工作台/implementation/protocol-v3-workbench-mw_protocol_v3_phase0_20260809_111313/tests/protocol_v3/test_chapter_source_material.py,tests,83,4e896bcc752b2483703ea492007b88625879c6488cd02266a1e9c9e704786751,material | test_full_source_roles_and_tables_survive_without_claiming_medical_quality | test_source_hash_mismatch_does_not_create_a_bundle | test_chapter_prompt_contains_full_source_shape_and_the_same_evidence | test_numeric_and_inherited_heading_styles_are_context_not_body_evidence,inventory_only; causal review in task packets and TAKEOVER_REVIEW
tests/protocol_v3/test_chapter_source_preparation.py,/Users/smkzw/Documents/康哲项目资料/AI/医学经理工作台/implementation/protocol-v3-workbench-mw_protocol_v3_phase0_20260809_111313/tests/protocol_v3/test_chapter_source_preparation.py,tests,143,01850e10ba1233bd78d0f5440eb40946d9a4411285967a5435931b9d45b18b44,test_full_source_preparation_recovers_original_bundle_without_source_reads | test_source_read_failure_reports_durable_blocked_state_without_silent_reprocessing | test_explicit_source_retry_reuses_run_and_keeps_failed_attempt | test_retry_registration_race_preserves_one_child_before_execution,inventory_only; causal review in task packets and TAKEOVER_REVIEW
tests/protocol_v3/test_clinical_design_worker.py,/Users/smkzw/Documents/康哲项目资料/AI/医学经理工作台/implementation/protocol-v3-workbench-mw_protocol_v3_phase0_20260809_111313/tests/protocol_v3/test_clinical_design_worker.py,tests,147,035434f9c07d8877c5eb37c8b3cccd671f4b9540b723aec1194724b44e657645,regimen | test_json_roundtrip_retains_all_four_cells_and_both_dose_steps | test_unknown_arm_or_period_is_not_silently_dropped | test_duplicate_cell_cannot_replace_the_other_arm | test_amount_text_is_not_coerced_and_proposal_cannot_claim_confirmation | test_native_quantity_number_type_is_preserved | test_design_input_keeps_full_sources_and_every_seed_candidate | test_design_compilation_rejects_another_seed_input | prepared_reference | test_reference_regimen_stays_reference_and_never_becomes_confirmed_facts | test_new_regimen_quote_must_exist_in_its_bound_original_source_unit | test_regimen_from_another_input_cannot_be_adopted_as_this_proposal | test_missing_regimen_is_information_gap_not_a_fabricated_complete_design,inventory_only; causal review in task packets and TAKEOVER_REVIEW
tests/protocol_v3/test_commit_acknowledgement_loss.py,/Users/smkzw/Documents/康哲项目资料/AI/医学经理工作台/implementation/protocol-v3-workbench-mw_protocol_v3_phase0_20260809_111313/tests/protocol_v3/test_commit_acknowledgement_loss.py,tests,43,b0d64e1504800fc4404c82222c777ea217b60fb61fb63ccc42a296fa784c9679,test_committed_mutation_with_lost_acknowledgement_replays_once,inventory_only; causal review in task packets and TAKEOVER_REVIEW
tests/protocol_v3/test_compact_dependency_contract.py,/Users/smkzw/Documents/康哲项目资料/AI/医学经理工作台/implementation/protocol-v3-workbench-mw_protocol_v3_phase0_20260809_111313/tests/protocol_v3/test_compact_dependency_contract.py,tests,161,86e20582dee4b48cfdc11a6ee786e9f195b332bd683709fe8edc5e9acfa4d1cd,test_legacy_node_material_hash_remains_byte_stable | test_compaction_is_explicit_versioned_and_roundtrips | test_compact_contract_binds_matching_inputs_through_real_harness | test_compact_contract_detects_missing_reordered_or_replaced_input | test_compact_document_revision_stays_versioned_and_replays | _remaining_contracts | test_lock_and_submission_compaction_preserve_dependency_obligations | test_legacy_missing_dependencies_and_unversioned_digest_are_rejected | test_legacy_document_hash_preserved_and_chapter_changes_invalidate_compact | test_compact_dependency_and_material_hashes_have_stable_version_baselines,inventory_only; causal review in task packets and TAKEOVER_REVIEW
tests/protocol_v3/test_contract_models.py,/Users/smkzw/Documents/康哲项目资料/AI/医学经理工作台/implementation/protocol-v3-workbench-mw_protocol_v3_phase0_20260809_111313/tests/protocol_v3/test_contract_models.py,tests,522,cc3eca07182ec1e608be6ab658d88ead3408d7e9a25d0243abc286e4bce5cb76,_research_seed | _study_definition | _workflow_run | _semantic_block | test_all_minimum_contracts_are_strict_versioned_and_have_stable_identity | test_research_seed_preserves_raw_input_and_rejects_extra_or_naive_time | test_canonical_state_machine_accepts_only_forward_declared_edges | test_source_artifact_requires_complete_immutable_identity_and_valid_sha | test_unknown_evidence_class_fails_closed | test_decision_record_requires_unique_options_selected_membership_and_cas | test_source_plan_preserves_three_denominators_and_version_discipline | test_medical_admission_requires_resolvable_locator_and_unique_bindings | test_chapter_and_substantive_contracts_reject_vacuous_rules | test_applicability_snapshot_rejects_duplicate_semantic_nodes | test_material_hash_ignores_runtime_progress_time_and_journey_counter | test_material_hash_uses_content_not_revision_or_lifecycle_state | test_semantic_revision_rejects_duplicate_block_identity | test_execution_reservation_terminal_result_is_explainable_and_closed | test_projection_requires_complete_word_receipt_identity | test_contracts_are_immutable_after_validation,inventory_only; causal review in task packets and TAKEOVER_REVIEW
tests/protocol_v3/test_current_study_inventory.py,/Users/smkzw/Documents/康哲项目资料/AI/医学经理工作台/implementation/protocol-v3-workbench-mw_protocol_v3_phase0_20260809_111313/tests/protocol_v3/test_current_study_inventory.py,tests,18,0e2d10de6e2325456b059855fa2c4cc16513213cc108445061e7db7280550a16,test_current_inventory_keeps_one_latest_revision_per_study,inventory_only; causal review in task packets and TAKEOVER_REVIEW
tests/protocol_v3/test_current_template_runtime.py,/Users/smkzw/Documents/康哲项目资料/AI/医学经理工作台/implementation/protocol-v3-workbench-mw_protocol_v3_phase0_20260809_111313/tests/protocol_v3/test_current_template_runtime.py,tests,28,ed043026858690a05c59e39cb6d86693ab7813bab2a60976e1c431d5ebe25ea1,test_current_template_loads_source_bound_fact_and_condition_catalogs | test_document_order_uses_template_positions_instead_of_filename_sort,inventory_only; causal review in task packets and TAKEOVER_REVIEW
tests/protocol_v3/test_decision_cas.py,/Users/smkzw/Documents/康哲项目资料/AI/医学经理工作台/implementation/protocol-v3-workbench-mw_protocol_v3_phase0_20260809_111313/tests/protocol_v3/test_decision_cas.py,tests,553,e33d01656681e27733b5e99206918f36e0809a5320ae20d82aab9c35859d7492,_decision | TestCasReplayAndRecord | TestCasConflicts | TestLifecycleTransitions | TestDecisionRecordContract | TestPurityAndDeterminism | TestCasIdentity | TestLedgerReconstruction,inventory_only; causal review in task packets and TAKEOVER_REVIEW
tests/protocol_v3/test_decision_input_binding.py,/Users/smkzw/Documents/康哲项目资料/AI/医学经理工作台/implementation/protocol-v3-workbench-mw_protocol_v3_phase0_20260809_111313/tests/protocol_v3/test_decision_input_binding.py,tests,39,828c7fe3916cdabe04cc45d8d0648e1081709ac16ab0bef8d7216954d5e6f784,test_literal_key_and_explicit_member_leave_unread_siblings_alone | test_unknown_is_not_false_and_presence_is_preserved | test_empty_or_duplicate_input_declarations_do_not_assert_validity | test_declared_complete_fact_read_set_detects_added_keys_without_metadata_noise,inventory_only; causal review in task packets and TAKEOVER_REVIEW
tests/protocol_v3/test_deepseek_gateway_override.py,/Users/smkzw/Documents/康哲项目资料/AI/医学经理工作台/implementation/protocol-v3-workbench-mw_protocol_v3_phase0_20260809_111313/tests/protocol_v3/test_deepseek_gateway_override.py,tests,296,a8840d291eb02f5eee8e78fe6e9d5de5a5a92d6c8c27ba8b4a07a52c6d98f5cc,_FakeResponse | _FakeOpener | _FakeSink | _completion | _role_entry | _contract | _skill | _request | _gateway_opener | _clean_override_env | test_gateway_rewrite_without_declaration_fails_closed | test_gateway_rewrite_with_declaration_passes_and_receipt_stays_honest | test_env_declared_exit_identity_reaches_harness_validation | test_endpoint_env_override_reaches_the_http_request | test_no_overrides_keeps_direct_endpoint_and_strict_identity | test_max_tokens_env_override_reaches_completion_body | test_without_max_tokens_env_body_stays_historical,inventory_only; causal review in task packets and TAKEOVER_REVIEW
tests/protocol_v3/test_dependency_graph.py,/Users/smkzw/Documents/康哲项目资料/AI/医学经理工作台/implementation/protocol-v3-workbench-mw_protocol_v3_phase0_20260809_111313/tests/protocol_v3/test_dependency_graph.py,tests,865,a1e27b0b994515a1382bb3a8f6d39249185047ae2936348c26e9c6e1ea8c841a,_contract_id | _fact_requirement | _conditional_rule | _policy | _chapter | _registry | _edge_pairs | _raw_carriers_and_dependents | _reference_fact_labeled_closure | real_graph | test_hard_scheduling_cycle_rejected | test_reciprocal_consistency_links_are_legal_and_create_no_false_cycle | test_missing_repair_owner_and_unknown_target_are_identified | test_unrelated_chapters_remain_stable | test_broad_dose_endpoint_change_returns_every_affected_chapter_without_truncation | test_same_fact_update_has_a_single_adoption_effect | test_typed_edges_keep_the_three_relationship_kinds_distinct | test_accepted_registry_graph_is_complete_acyclic_and_error_free | test_conditional_fact_paths_resolve_to_their_chapters | test_consistency_bridge_does_not_reopen_carriers_of_unchanged_facts | test_build_dependency_graph_accepts_document_mapping_and_path,inventory_only; causal review in task packets and TAKEOVER_REVIEW
tests/protocol_v3/test_design_candidate_coverage.py,/Users/smkzw/Documents/康哲项目资料/AI/医学经理工作台/implementation/protocol-v3-workbench-mw_protocol_v3_phase0_20260809_111313/tests/protocol_v3/test_design_candidate_coverage.py,tests,50,1e150d0bd377bd33764da3bf20faf2df2e2328b7386fc902bba716c11de7fa5f,seed | coverage | test_all_phase_arm_components_and_misplaced_context_survive_without_adoption | test_taking_only_first_dose_cannot_pass_as_complete_handoff | test_repeated_candidate_cannot_hide_missing_continuation_arm | test_other_intake_cannot_reuse_positional_candidate_bindings,inventory_only; causal review in task packets and TAKEOVER_REVIEW
tests/protocol_v3/test_draft_marker_context.py,/Users/smkzw/Documents/康哲项目资料/AI/医学经理工作台/implementation/protocol-v3-workbench-mw_protocol_v3_phase0_20260809_111313/tests/protocol_v3/test_draft_marker_context.py,tests,84,f75b210cfaaa324df5ca32b0b92e3dc4576697e94ffe70633d3ece6dce85e897,test_draft_markers_match_actual_writing_instruction_in_both_consumers | test_true_draft_marker_after_legitimate_clause_preserves_cell_location | test_legacy_adoption_accepts_conduct_clauses_without_bypassing_body_checks,inventory_only; causal review in task packets and TAKEOVER_REVIEW
tests/protocol_v3/test_draft_readiness.py,/Users/smkzw/Documents/康哲项目资料/AI/医学经理工作台/implementation/protocol-v3-workbench-mw_protocol_v3_phase0_20260809_111313/tests/protocol_v3/test_draft_readiness.py,tests,75,6f51e78c64562ca291bcb307f44cba60026b80a124cb8ba85a24d82a1f47b961,_template | test_unconfirmed_study_admits_nothing | test_confirmed_design_admits_draft_with_gap_map | test_applicability_contradiction_blocks_generation | test_unresolved_condition_stays_pending_not_deleted | test_gap_aware_binding_defers_only_missing_paths,inventory_only; causal review in task packets and TAKEOVER_REVIEW
tests/protocol_v3/test_dual_entry_unification.py,/Users/smkzw/Documents/康哲项目资料/AI/医学经理工作台/implementation/protocol-v3-workbench-mw_protocol_v3_phase0_20260809_111313/tests/protocol_v3/test_dual_entry_unification.py,tests,114,9cc75030add0afbc8d63cbab089a1ab2a85167c78196696dbbe44b24f935df3f,_entry_b_prepared | _creation | test_entry_b_without_sources_pins_real_user_input_identity | test_both_entries_issue_the_same_study_command_shape | _StubCoordinator | _intent | test_prefill_confirmation_selects_extracted_candidates_without_retyping | test_reference_role_candidate_only_through_explicit_selection,inventory_only; causal review in task packets and TAKEOVER_REVIEW
tests/protocol_v3/test_durable_reservation_dispatch.py,/Users/smkzw/Documents/康哲项目资料/AI/医学经理工作台/implementation/protocol-v3-workbench-mw_protocol_v3_phase0_20260809_111313/tests/protocol_v3/test_durable_reservation_dispatch.py,tests,670,2d3d6ce85135461d097905f32c868745740a70b40d851bbe355c9a1cb9138e46,_repository_factory | _row_from_independent_connection | _wait_for_durable_row | _CountingTransport | _child_env | _run_crash_child | test_child_crash_before_running_leaves_durable_orphan_shell | test_child_crash_after_dispatch_acceptance_keeps_running_claim | _separate_process_owner | test_separate_process_caller_preserves_live_reserved_owner | test_concurrent_orphan_recovery_converges_without_repository_error | test_concurrent_caller_never_disposes_live_reserved_owner | test_concurrent_caller_never_takes_over_live_running_owner | test_unknown_outcome_explicit_retry_is_durable_and_append_only,inventory_only; causal review in task packets and TAKEOVER_REVIEW
tests/protocol_v3/test_error_codes.py,/Users/smkzw/Documents/康哲项目资料/AI/医学经理工作台/implementation/protocol-v3-workbench-mw_protocol_v3_phase0_20260809_111313/tests/protocol_v3/test_error_codes.py,tests,235,8a681f2b7ef0638b1721f28a13cfd7307be57ff208a9663696e1b785007fcb20,_workflow_error | test_error_code_parser_round_trips_every_registered_code | test_catalog_covers_every_implementation_phase_and_required_gate | test_catalog_includes_required_execution_and_word_causes | test_all_registered_public_copy_is_native_chinese | test_malformed_code_fails | test_well_formed_but_unknown_code_fails_registry_lookup | test_definition_rejects_missing_owner_and_retryability | test_workflow_error_rejects_missing_object_identity_owner_and_retryability | test_runtime_owner_and_retryability_must_match_registry | test_public_payload_is_native_chinese_and_excludes_audit_identity | test_audit_payload_retains_complete_machine_explanation | test_public_copy_cannot_use_internal_or_programmer_facing_wording | test_error_catalog_and_context_are_immutable_views | test_workflow_error_cannot_be_mutated_after_construction | test_workflow_error_survives_generator_context_cleanup,inventory_only; causal review in task packets and TAKEOVER_REVIEW
tests/protocol_v3/test_event_outbox_atomicity.py,/Users/smkzw/Documents/康哲项目资料/AI/医学经理工作台/implementation/protocol-v3-workbench-mw_protocol_v3_phase0_20260809_111313/tests/protocol_v3/test_event_outbox_atomicity.py,tests,1502,a09aaae3e924a30a1b983512504be6b7da988670151e6a87f83c09127dfc0a0d,_fixed_clock | _builder | _coordinator | _build_study | _event_params | _side_effect | _SharedState | _CountingHandler | _FailOnceHandler | _NullSemanticHandler | _RacingConflictInbox | TestAtomicMutationCommit | TestAtomicMutationRollback | TestMissingRepositoryHandle | TestInboxFirstAcknowledgement | TestCrossComponentCrashRecovery | TestIdempotencyConflictFailClosed | TestInboxConsumerIdempotencyContract | TestFullLifecycleIntegration,inventory_only; causal review in task packets and TAKEOVER_REVIEW
tests/protocol_v3/test_event_replay.py,/Users/smkzw/Documents/康哲项目资料/AI/医学经理工作台/implementation/protocol-v3-workbench-mw_protocol_v3_phase0_20260809_111313/tests/protocol_v3/test_event_replay.py,tests,1855,363c84b516ca7e97d753c972ec6dd00cc0adfa8f5be9cf50c66ab0be259348f4,_builder | _registry | _registry_with_legacy_upcaster | _build_stream | _CounterReducer | _event_types | _engine | TestEventEnvelopeHashes | TestUpcasterRegistry | TestDeterministicReplay | TestCanonicalHashRebuild | TestQuarantineUnknownSchema | TestQuarantineBrokenChain | TestResumeFromEventStream | TestCheckpointReconciliation | TestReducerErrorQuarantine | TestStudyDefinitionHashRebuild | _build_study | TestNondeterministicUpcasterQuarantine | TestUnknownEventTypeQuarantine | TestStreamIdentityBinding,inventory_only; causal review in task packets and TAKEOVER_REVIEW
tests/protocol_v3/test_execution_reservations.py,/Users/smkzw/Documents/康哲项目资料/AI/医学经理工作台/implementation/protocol-v3-workbench-mw_protocol_v3_phase0_20260809_111313/tests/protocol_v3/test_execution_reservations.py,tests,1426,6d140b0623f707dc53efc3e1c4adf8680e38e2a48246facab78b41425415bb84,_FakeTransport | _output_sha_for | _sha | _node_contract | _coordinator | _payload_a | _payload_a_equivalent | _payload_b | TestLegacyComparisonSemantics | TestCompletedReuse | TestTimeoutClassification | TestPersistFirstOwnership | TestRestartBlocksRedispatch | TestSameSessionRecovery | TestExplicitRetry | TestFallbackPayloadShaping | TestCanonicalInputHash | TestOutcomeClassification,inventory_only; causal review in task packets and TAKEOVER_REVIEW
tests/protocol_v3/test_fact_labeled_impact.py,/Users/smkzw/Documents/康哲项目资料/AI/医学经理工作台/implementation/protocol-v3-workbench-mw_protocol_v3_phase0_20260809_111313/tests/protocol_v3/test_fact_labeled_impact.py,tests,1020,a1e71de6802fee7d43922a249f6059b592187d42ed6d35d8824082953137c63f,_build_current_registry_payload | _independent_fact_labeled_closure | current_payload | current_document | current_graph | current_fact_catalog | current_rules | _plan | _bridge_graph | test_plan_reopens_only_carriers_of_actually_changed_facts | test_plan_value_fidelity_preserves_false_zero_and_fabricates_nothing | test_plan_explicit_derived_change_propagates_only_when_actually_changed | test_plan_conditional_unknown_stays_candidate_and_resolved_reopens | test_plan_projection_alias_refresh_does_not_reverse_invalidate | test_plan_keeps_dotted_keys_literal_and_never_splits_member_addresses | test_plan_executable_gate_refuses_findings_but_graph_stays_viewable | test_plan_hash_is_projection_identity_never_an_adoption_work_key | test_plan_scheduling_chain_reports_via_chain_and_consistency_never_seeds | test_current_registry_graph_binds_authored_contracts | test_current_registry_plan_full_fanout_and_version_bindings | test_current_registry_alias_translation_reopens_synopsis | test_current_registry_interim_unknown_vs_resolved | test_current_registry_unindexed_and_stability | _shared_owner_graph | test_owner_case_controlled_base_requirement_unknown_is_candidate | test_owner_case_shared_active_owner_wins_over_unknown | test_owner_release_refreshes_stale_content | test_owner_all_inactive_and_active_inactive_owner_combinations | test_owner_all_unknown_owners_stay_candidate | test_unconditional_fact_still_reopens | test_consistency_and_scheduling_never_override_own_conditional_decision | test_hard_cycle_still_rejected_for_plan_graphs,inventory_only; causal review in task packets and TAKEOVER_REVIEW
tests/protocol_v3/test_failure_corpus.py,/Users/smkzw/Documents/康哲项目资料/AI/医学经理工作台/implementation/protocol-v3-workbench-mw_protocol_v3_phase0_20260809_111313/tests/protocol_v3/test_failure_corpus.py,tests,231,5f2f421dc25263c11c48209fe07dbf23f994d3bcf9bc6cad5bd24ab94d4a2270,_load_builder | _read | _copy_corpus | _write | test_checked_in_corpus_verifies_and_has_all_required_classes | test_rebuild_is_byte_deterministic | test_cli_check_passes_on_checked_in_corpus | test_missing_fixture_is_blocking | test_extra_fixture_is_blocking | test_manifest_expected_gate_change_is_blocking | test_negative_fixture_cannot_be_downgraded | test_failure_identity_and_code_are_unique_and_pinned | test_r17_fixtures_disclaim_deleted_runtime_recovery | test_short_positive_control_proves_length_is_not_the_gate | test_d017_skeleton_identity_is_exact_and_compact | test_zero_registry_result_requires_root_cause_investigation | test_batch_action_cannot_resurrect_a_version_bound_reject | test_unknown_outcome_captures_duplicate_semantic_effect | test_checkpoint_event_split_brain_covers_both_directions | test_every_fixture_has_durable_source_owner_and_non_vacuous_reason | test_manifest_fixture_hash_tamper_is_detected | test_builder_constants_and_checked_in_manifest_agree,inventory_only; causal review in task packets and TAKEOVER_REVIEW
tests/protocol_v3/test_frontend_check_wrapper.py,/Users/smkzw/Documents/康哲项目资料/AI/医学经理工作台/implementation/protocol-v3-workbench-mw_protocol_v3_phase0_20260809_111313/tests/protocol_v3/test_frontend_check_wrapper.py,tests,325,34498d3722ec0b4e39f07b99042f334669636419954fdc5709c169983ee4de51,_copy_manifest | FrontendCheckWrapperTests | SideEffectSafetyTests,inventory_only; causal review in task packets and TAKEOVER_REVIEW
tests/protocol_v3/test_frozen_authority_manifest.py,/Users/smkzw/Documents/康哲项目资料/AI/医学经理工作台/implementation/protocol-v3-workbench-mw_protocol_v3_phase0_20260809_111313/tests/protocol_v3/test_frozen_authority_manifest.py,tests,522,466386beb4d4b645cbf374e0544d562c578da00981e4b3596c7f8a6b60aecbcb,_load_builder | _sha256 | _copy_manifest_with_asset | _minimal_manifest | _asset_base | _sqlite_asset | _sidecar_asset | _synthetic_inventory_case | test_clean_manifest_passes_and_covers_all_authority_surfaces | test_summary_asset_count_tamper_fails_closed | test_summary_physical_fingerprint_tamper_fails_closed | test_exact_missing_allowlist_current_twelve_passes_with_synthetic_observation | test_missing_allowlist_rejects_raw_relative_spelling | test_missing_allowlist_removal_blocks_with_synthetic_inventory | test_missing_allowlist_unobserved_addition_blocks_with_synthetic_inventory | test_missing_allowlist_newly_missing_entry_blocks_with_synthetic_inventory | test_persisted_cmss_rule_is_authority_not_runtime_synthesis | test_exact_authority_hashes_and_mutable_baseline_commit_are_frozen | test_deterministic_rebuild_and_required_owner_reference_fields | test_copied_source_mutation_and_unknown_source_diff_fail_closed | test_copied_sqlite_row_mutation_fails_logical_comparator | test_wal_shm_physical_only_drift_never_becomes_logical_row_change | test_symlink_escape_ownerless_and_unresolved_rules_fail_closed,inventory_only; causal review in task packets and TAKEOVER_REVIEW
tests/protocol_v3/test_graph_completion_single_event.py,/Users/smkzw/Documents/康哲项目资料/AI/医学经理工作台/implementation/protocol-v3-workbench-mw_protocol_v3_phase0_20260809_111313/tests/protocol_v3/test_graph_completion_single_event.py,tests,33,73946914326eb3939cc3ae118d5ef26189f117e3469f0e7cf8acf2a7dbfb9ec6,test_two_stale_completion_views_append_once,inventory_only; causal review in task packets and TAKEOVER_REVIEW
tests/protocol_v3/test_graph_model_contract.py,/Users/smkzw/Documents/康哲项目资料/AI/医学经理工作台/implementation/protocol-v3-workbench-mw_protocol_v3_phase0_20260809_111313/tests/protocol_v3/test_graph_model_contract.py,tests,124,57094d5c16dfd2874a70397112aee18474ec970528a9342b1a20b43c796443f2,test_model_contract_reaches_service_and_survives_reopen_without_second_call | test_unresolved_call_keeps_pre_dispatch_contract_when_configuration_changes | test_unknown_receipt_adoption_retains_actual_identity_in_event_without_rewriting_ledger,inventory_only; causal review in task packets and TAKEOVER_REVIEW
tests/protocol_v3/test_graph_receipt_atomicity.py,/Users/smkzw/Documents/康哲项目资料/AI/医学经理工作台/implementation/protocol-v3-workbench-mw_protocol_v3_phase0_20260809_111313/tests/protocol_v3/test_graph_receipt_atomicity.py,tests,97,0bfa4275fdaf415e9125e12ba69327101c9418e7089ccccd316c87c9b34b0331,test_overlapping_receipts_commit_one_result | test_overlapping_starts_commit_one_binding | test_reused_receipt_checks_supplied_payload,inventory_only; causal review in task packets and TAKEOVER_REVIEW
tests/protocol_v3/test_graph_runtime.py,/Users/smkzw/Documents/康哲项目资料/AI/医学经理工作台/implementation/protocol-v3-workbench-mw_protocol_v3_phase0_20260809_111313/tests/protocol_v3/test_graph_runtime.py,tests,1434,da6b41e8ddd342feef5dafe25b5b864270a759438f2a79a52ac16a5955ce5276,_StepClock | _probe_plan | _probe_services | _runtime | _root_inputs | _sha_of | _append_foreign_event | TestPlanValidation | TestExecutionAndDecisions | TestBindingAndCheckpoint | TestReservationDiscipline | TestDecisionAndStartAtomicity | TestTerminalReceiptRecovery | TestQCInvocationIndependence,inventory_only; causal review in task packets and TAKEOVER_REVIEW
tests/protocol_v3/test_graph_runtime_recovery.py,/Users/smkzw/Documents/康哲项目资料/AI/医学经理工作台/implementation/protocol-v3-workbench-mw_protocol_v3_phase0_20260809_111313/tests/protocol_v3/test_graph_runtime_recovery.py,tests,986,7e4be16a32e47260f431ea77ef35eff2f8517f30ceed7f3253c3ca82884d811d,_child_services | _rendezvous | _write_evidence | child_main | _child_env | _spawn | _spawn_overlapping | _statuses | TestProcessKillRecovery | _racer_payloads | TestConcurrentDecision | TestCrashWindowConvergence | TestOverlappedAdvanceContention,inventory_only; causal review in task packets and TAKEOVER_REVIEW
tests/protocol_v3/test_harness_policy.py,/Users/smkzw/Documents/康哲项目资料/AI/医学经理工作台/implementation/protocol-v3-workbench-mw_protocol_v3_phase0_20260809_111313/tests/protocol_v3/test_harness_policy.py,tests,3011,89a7e3afbe55fd0a34afb4b10dcf9a67eef70042cc410fa89bd8312ac0a3381e,_prior_fallback_evidence | _sha | _target_profile | _role_entry | _llm_role | _ocr_role | _translation_role | _support_role | _artifact | _skill | _node_contract | _build_llm_request | _FakeDirectApi | _FakeOmlxGate | _FakeOmlxDispatch | _FakeCodexTransport | _FakeOmpTransport | _ensure_schema_file | _default_schema_resolver | _direct_adapter | _omlx_adapter | _codex_adapter | _omp_adapter | _codex_node_contract | _codex_role | _codex_request | _omp_node_contract | _omp_role | _omp_request | TestArtifactRef | TestDispatchReceipt | TestBuildRequestPolicy | TestProbePolicy | TestDirectApiDispatch | _translation_request | _ocr_request | TestUnifiedWorkloadGate | TestFallback | TestNoDuplicateDispatch | TestReceiptIdentity | TestCodexCommandPlan | TestCodexDispatch | TestOmpCommandPlan | TestOmpDispatch | TestCrossProductThinkingRestrictions | TestCrossProductProviderRegionSensitivity | TestCrossProductCredentialRejection | TestCrossProductNoRepositoryHandle | _artifact_ref_valid | TestCrossProductScratchpadExclusion | TestCrossProductSchemaMismatch | TestCrossProductProbeOnce | TestCrossProductSameSessionRecovery | TestCrossProductFallbackGating | TestCrossProductProbeIdentity | TestMandatoryProbeInjection | TestMissingPreflightMustFailClosed | TestNoFabricatedReceiptFields | TestObservedIdentityMismatchIsNotSuccess | TestRequestMustProveBindingValidation | TestCliAdapterMandatoryProbe | TestCliAdapterPreflight | TestCodexSchemaResolver | TestCliNoDuplicateDispatch | TestCliAdapterProtocolConformance,inventory_only; causal review in task packets and TAKEOVER_REVIEW
tests/protocol_v3/test_legacy_mutation_guard.py,/Users/smkzw/Documents/康哲项目资料/AI/医学经理工作台/implementation/protocol-v3-workbench-mw_protocol_v3_phase0_20260809_111313/tests/protocol_v3/test_legacy_mutation_guard.py,tests,726,e5aec3ffbea276edbd3380c3ba5bdd0361a2b0c5450b3d7a57a4d1a8fa2b7a5e,_registry_at | test_ladder_is_exactly_three_forward_states | test_initialisation_only_at_ladder_bottom | test_forward_transition_and_cas | test_skip_rejected | test_reverse_rejected | test_same_state_and_terminal_rejected | test_conflicting_replay_rejected | test_revision_idempotency_never_double_applies | test_project_isolation_for_transitions | test_state_revision_tracking | test_guard_state_helpers_fail_closed_on_unknown | test_route_and_service_guards_are_symmetric | test_legacy_write_allowed_only_in_legacy_active | test_no_bypass_for_all_inventoried_route_operations | test_no_bypass_for_all_inventoried_service_operations | test_unknown_cutover_state_fails_closed | test_unclassified_operation_fails_closed | test_read_only_and_excluded_operations_never_block | test_no_project_bound_medical_writing_route_is_excluded | test_medical_writing_source_route_is_legacy_write_and_blocked | test_medical_writing_source_service_is_legacy_write_and_blocked | test_generic_source_registry_and_monitoring_routes_stay_excluded | test_generic_source_registry_services_stay_excluded | ALL_STATES_AND_UNKNOWN | test_real_source_passes_drift_check | test_drift_check_is_deterministic | _write | test_unclassified_route_mutator_fails_drift | test_stale_route_entry_fails_drift | test_read_only_route_calling_legacy_write_fails_drift | test_get_route_calling_legacy_write_fails_drift | test_unclassified_service_mutator_fails_drift | test_route_entry_mismatch_fails_drift | test_rollback_helper_never_reverses_cutover | test_rollback_helper_retains_v3_events | test_rollback_helper_does_not_reactivate_legacy_writes | test_inventory_entry_shape_and_stability | test_cutover_transition_result_is_strict,inventory_only; causal review in task packets and TAKEOVER_REVIEW
tests/protocol_v3/test_legacy_read_parity.py,/Users/smkzw/Documents/康哲项目资料/AI/医学经理工作台/implementation/protocol-v3-workbench-mw_protocol_v3_phase0_20260809_111313/tests/protocol_v3/test_legacy_read_parity.py,tests,241,6f5d0429ed3beead7969996971d4eb989f654f63634982c333b32f7f62c8ac29,_payload | _registry_in_all_states | _guard_with_state | test_reads_available_in_every_state | test_reads_available_with_no_cutover_record | test_legacy_read_is_identical_across_all_states | test_read_preserves_exact_payload_hash_and_identity | test_caller_payload_untouched_by_read | test_returned_payload_rejects_mutation | test_hash_determinism_and_content_sensitivity | test_project_isolation_for_reads | test_transitions_in_one_project_never_affect_another | test_empty_project_id_rejected_in_every_state | test_read_result_model_is_strict,inventory_only; causal review in task packets and TAKEOVER_REVIEW
tests/protocol_v3/test_manuscript_chapter_plan.py,/Users/smkzw/Documents/康哲项目资料/AI/医学经理工作台/implementation/protocol-v3-workbench-mw_protocol_v3_phase0_20260809_111313/tests/protocol_v3/test_manuscript_chapter_plan.py,tests,92,b59be5774483fe720ae211d87d32c9c475c618d5d8aa7eca07ade23a268c7052,test_plan_accounts_for_every_carrier_in_document_order_without_mutating_study | test_unknown_whole_chapter_is_not_excluded_or_dispatched | test_proposed_facts_cannot_exclude_a_chapter_from_the_plan | test_phase_conflict_stays_visible_when_design_conditions_are_unknown | test_unresolved_design_keeps_unconditional_missing_and_all_present_errors,inventory_only; causal review in task packets and TAKEOVER_REVIEW
tests/protocol_v3/test_manuscript_draft_request.py,/Users/smkzw/Documents/康哲项目资料/AI/医学经理工作台/implementation/protocol-v3-workbench-mw_protocol_v3_phase0_20260809_111313/tests/protocol_v3/test_manuscript_draft_request.py,tests,77,525b083bf0faef52a32308db4986256eddad0037ad3b654514bf00ac2505fe0b,inputs | test_incomplete_full_template_admits_draft_with_explicit_gaps | test_complete_bounded_template_pins_shared_material_once_and_restores_exact_requests,inventory_only; causal review in task packets and TAKEOVER_REVIEW
tests/protocol_v3/test_manuscript_edit_clues.py,/Users/smkzw/Documents/康哲项目资料/AI/医学经理工作台/implementation/protocol-v3-workbench-mw_protocol_v3_phase0_20260809_111313/tests/protocol_v3/test_manuscript_edit_clues.py,tests,66,5070bfb41c5e05a677e7a2cfa4b2663f96b7cad3e43f15b90e8a0ecd3ab0b487,_table_block | test_cell_text_tables_feed_the_clue_signals | test_legacy_cell_value_still_readable | test_digit_boundary_catches_100_to_1000 | test_negation_flip_is_a_signal | test_unknown_table_shape_falls_back_to_raw_payload | test_pure_wording_stays_wording_with_semantic_note,inventory_only; causal review in task packets and TAKEOVER_REVIEW
tests/protocol_v3/test_manuscript_recovery.py,/Users/smkzw/Documents/康哲项目资料/AI/医学经理工作台/implementation/protocol-v3-workbench-mw_protocol_v3_phase0_20260809_111313/tests/protocol_v3/test_manuscript_recovery.py,tests,229,91001ce04151b0ad19692b44c80f59fa284553c3a13637c87b0b986060ec0bde,_Owner | _Runtime | _prepared_payload | test_blocked_child_does_not_freeze_completed_siblings | test_correction_context_uses_error_local_excerpt_for_large_output | test_nonretryable_child_does_not_prevent_untouched_sibling_from_starting | test_resume_route_schedules_original_run_but_recover_does_not,inventory_only; causal review in task packets and TAKEOVER_REVIEW
tests/protocol_v3/test_model_response_persistence.py,/Users/smkzw/Documents/康哲项目资料/AI/医学经理工作台/implementation/protocol-v3-workbench-mw_protocol_v3_phase0_20260809_111313/tests/protocol_v3/test_model_response_persistence.py,tests,32,2da1715df8b152cd476d4f7bf6f9070c805bd609e582dc691dc8a1e005647335,test_response_bytes_and_work_receipt_can_be_recovered_after_reopening_store,inventory_only; causal review in task packets and TAKEOVER_REVIEW
tests/protocol_v3/test_no_case_fitting.py,/Users/smkzw/Documents/康哲项目资料/AI/医学经理工作台/implementation/protocol-v3-workbench-mw_protocol_v3_phase0_20260809_111313/tests/protocol_v3/test_no_case_fitting.py,tests,202,9d1921e2e22e9e19f453bf24caaae80cbc219105ebe360b2b5e4419a0e6bcd2f,_study_stub | _template | test_residual_recommendations_case_free_across_domains | test_confirmed_assumptions_are_never_pushed_back | _diabetes_gate_facts | test_consistency_gate_uses_study_own_anchors | test_consistency_gate_detects_real_timepoint_mismatch | test_consistency_gate_missing_facts_stay_unknown | test_synopsis_projection_without_facts_has_no_case_defaults | test_synopsis_projection_follows_confirmed_facts | test_case_values_absent_from_generic_sources | test_picos_option_templates_case_free | test_failed_pipeline_with_preserved_snapshot_unlocks_structured_evidence,inventory_only; causal review in task packets and TAKEOVER_REVIEW
tests/protocol_v3/test_omp_credential_binding.py,/Users/smkzw/Documents/康哲项目资料/AI/医学经理工作台/implementation/protocol-v3-workbench-mw_protocol_v3_phase0_20260809_111313/tests/protocol_v3/test_omp_credential_binding.py,tests,73,ba92c4168035bf68a81f747981f57065c1f682f243ab7929fba3a5a51ca2e875,_database | test_same_provider_login_binding_order_and_readonly_database | test_bound_pool_respects_active_block_and_expiry | test_missing_store_is_not_created | test_all_blocked_does_not_substitute_static_or_other_provider | test_explicit_environment_reference_resolves_in_memory | test_empty_resolved_binding_reports_unavailable_before_dispatch,inventory_only; causal review in task packets and TAKEOVER_REVIEW
tests/protocol_v3/test_ordered_chapter_draft.py,/Users/smkzw/Documents/康哲项目资料/AI/医学经理工作台/implementation/protocol-v3-workbench-mw_protocol_v3_phase0_20260809_111313/tests/protocol_v3/test_ordered_chapter_draft.py,tests,376,63186519a8078d7488a46458b49cdc76cd33a64c9455a1e476a7fc4d119ff762,_2x2_table | _paragraph_a_to_table2_candidate | test_rejects_duplicate_block_ids | test_rejects_table_block_identity_mismatch | test_rejects_dangling_evidence_refs | test_refuse_occurrences_as_instances | test_json_roundtrip_preserves_order_identity_cells_and_sources | test_input_table_mutation_does_not_alter_recorded_candidate | test_candidate_does_not_mint_medical_admission_or_scores | test_nested_structured_table_remains_mutable_model_type | test_input_block_mutation_does_not_rewrite_candidate_table,inventory_only; causal review in task packets and TAKEOVER_REVIEW
tests/protocol_v3/test_persisted_chapter_preparation.py,/Users/smkzw/Documents/康哲项目资料/AI/医学经理工作台/implementation/protocol-v3-workbench-mw_protocol_v3_phase0_20260809_111313/tests/protocol_v3/test_persisted_chapter_preparation.py,tests,134,d74c304e87248a5cd8d09878da78ab759906eb9feb2256fc40c25a6dda1ee4c1,test_prepare_chapter_from_persisted_sources_is_read_only | test_chapter_api_pins_original_request_and_recovers_after_study_changes,inventory_only; causal review in task packets and TAKEOVER_REVIEW
tests/protocol_v3/test_pinned_chapter_sources.py,/Users/smkzw/Documents/康哲项目资料/AI/医学经理工作台/implementation/protocol-v3-workbench-mw_protocol_v3_phase0_20260809_111313/tests/protocol_v3/test_pinned_chapter_sources.py,tests,36,afd368ba799f4ce3de734efd64983937358eb5c3adee43f3013c52a3fe937289,test_pinned_sources_read_original_bytes_after_successor_without_database_writes | test_wrong_project_cannot_supply_another_projects_source_material,inventory_only; causal review in task packets and TAKEOVER_REVIEW
tests/protocol_v3/test_product_profiles.py,/Users/smkzw/Documents/康哲项目资料/AI/医学经理工作台/implementation/protocol-v3-workbench-mw_protocol_v3_phase0_20260809_111313/tests/protocol_v3/test_product_profiles.py,tests,116,7151a3c1ab1729317cb27f315181cac276ff3fc963b95f50a399d79fbb7c5391,test_default_path_is_the_main_role_registry | test_alternative_path_is_the_deepseek_registry | test_default_document_loads_via_strict_loader | test_default_llm_roles_target_glm_max | test_default_profile_keeps_ocr_and_translation_unchanged | test_alternative_document_loads_and_declares_deepseek_llm_roles | test_alternative_profile_keeps_ocr_and_translation_identical_to_default | test_missing_alternative_fails_typed_without_fallback | test_missing_default_fails_typed,inventory_only; causal review in task packets and TAKEOVER_REVIEW
tests/protocol_v3/test_production_export_ownership.py,/Users/smkzw/Documents/康哲项目资料/AI/医学经理工作台/implementation/protocol-v3-workbench-mw_protocol_v3_phase0_20260809_111313/tests/protocol_v3/test_production_export_ownership.py,tests,224,59e3a289bf3d2ceeabdfc039eb4dd2ba110b50a637e8f506880d7b322d167d75,_template_paths | _document | _para | _table | _all_text | test_table_first_chapter_never_gets_not_applicable_text | test_export_preserves_user_content_without_reprojection_or_rewriting | test_template_orphan_media_never_ships | test_template_instruction_page_does_not_leave_a_blank_page_before_cover | test_generated_table_of_contents_has_balanced_fields_and_no_template_page_cache | test_template_textbox_alternate_branches_are_not_concatenated | test_placeholder_replacement_preserves_runs_breaks_and_tabs | test_template_header_uses_width_aware_tabs_and_retains_cover_section,inventory_only; causal review in task packets and TAKEOVER_REVIEW
tests/protocol_v3/test_projection_candidates.py,/Users/smkzw/Documents/康哲项目资料/AI/医学经理工作台/implementation/protocol-v3-workbench-mw_protocol_v3_phase0_20260809_111313/tests/protocol_v3/test_projection_candidates.py,tests,40,79c4e960a2474e2a432499718710e82347734e6829343958a6d7008e50be1c6e,test_soa_candidate_follows_confirmed_visit_facts | test_soa_candidate_absent_without_visit_facts | test_synopsis_candidate_stays_case_free_and_fact_driven,inventory_only; causal review in task packets and TAKEOVER_REVIEW
tests/protocol_v3/test_protocol_v3_1r2_mount.py,/Users/smkzw/Documents/康哲项目资料/AI/医学经理工作台/implementation/protocol-v3-workbench-mw_protocol_v3_phase0_20260809_111313/tests/protocol_v3/test_protocol_v3_1r2_mount.py,tests,801,66e1e7cf08eb6bbe4f11dae5f26b9c2649d75870d533a6fa1b4536332f274a43,_set_env | _mount | _config_from_env | _admit | _is_admitted | _protocol_paths | _decision | _create_body | _base | _LegacyBody | _app_with_legacy | TestMountConfig | TestDefaultOffMount | TestAdmissionGate | TestAdmittedProjectRoundTrip | TestRouteScopedValidation | TestNoCutoverReuse | test_real_main_isolated_entrypoint,inventory_only; causal review in task packets and TAKEOVER_REVIEW
tests/protocol_v3/test_protocol_v3_api_contract.py,/Users/smkzw/Documents/康哲项目资料/AI/医学经理工作台/implementation/protocol-v3-workbench-mw_protocol_v3_phase0_20260809_111313/tests/protocol_v3/test_protocol_v3_api_contract.py,tests,1336,4e4e19b8c95bfd5c80d8148eb99d13be6c8c6f053cfd433f3b4b60c78c8cddc8,_SharedState | _decision | _service | _selection | _make_app | _client | _base | _create_body | _apply_body | _manifest_body | _decomposition_body | _seed_run_status | _seed_decision_graph | _event_count | _assert_public_envelope | _ExplodingService | TestMutationContract | TestQueryContract | TestAgent5FreshSnapshot | TestManifestLineageValidation | TestOpenApiContract | TestSharedSurfaceIsolation | TestNodeClientContract | _create_command_via_body | _apply_command_via_body,inventory_only; causal review in task packets and TAKEOVER_REVIEW
tests/protocol_v3/test_r03_criteria_registry.py,/Users/smkzw/Documents/康哲项目资料/AI/医学经理工作台/implementation/protocol-v3-workbench-mw_protocol_v3_phase0_20260809_111313/tests/protocol_v3/test_r03_criteria_registry.py,tests,780,14a4681d1f6f1f2bfb213d099e3d534ff5051ccdfb4b7979f55224b64b55a46a,extractor_module | qc_r03 | registry | atom_index | atoms_for | norm | test_extractor_is_stdlib_only | test_source_gate_rejects_wrong_hash | test_registry_is_deterministic_and_matches_committed_file | test_extraction_matches_audited_source_rows | test_denominator_preserves_full_source_structure | test_every_content_row_carries_at_least_one_atom | denom_declared | test_unlabeled_rows_keep_text_and_get_atoms | test_atom_ids_do_not_use_e6_label_and_labels_stay_raw | test_header_embedded_recruitment_fragment_preserved | test_raw_fragments_are_real_substrings_of_source_rows | test_estimand_row_split_into_attributes_and_consistency | test_withdrawal_row_split_into_three_situations_matrix | test_committee_row_separates_charter_from_event_followup | test_data_governance_and_sap_rows_split | test_ctq_row_split_matches_dispatched_example | test_garbled_source_text_stays_raw_and_never_enters_normalized_checks | test_rejection_reaction_kept_as_ambiguity_not_rewritten | test_reference_hint_row_registered_without_forcing_content | test_iit_row_conditional_not_universal_defect | test_device_row_not_marked_universally_applicable_or_false | test_applicability_rule_refs_exist_in_rules_file | test_no_atom_is_evaluated_not_applicable_without_study_facts | test_signature_blank_control_preserved_and_not_a_draft_marker | test_signature_locator_exists_in_extracted_document_paragraphs | test_six_l1_checks_registered_with_honest_status | test_product_consumers_declared_not_wired | test_implemented_atoms_bind_known_checks_only | test_identity_atoms_are_implemented_via_version_check | test_loader_accepts_current_registry | test_loader_rejects_broken_registries | test_loader_rejects_atom_whose_fragment_is_not_in_source | test_loader_rejects_uncovered_content_row | version_material | citation_material | test_version_check_passes_when_all_current_locations_agree | test_version_check_fails_when_current_location_differs | test_version_check_allows_historical_revision_rows | test_version_check_fails_closed_on_empty_material | test_version_check_treats_whitespace_only_fields_as_missing | test_subject_id_preserved_on_success_and_every_failure | test_citation_check_resolves_declared_targets | test_citation_check_fails_on_missing_target | test_citation_check_fails_closed_on_empty_material | test_citation_check_rejects_blank_identity_display_and_kind_fields | test_citation_check_zero_citation_scope_needs_explicit_projection | test_citation_check_passes_legitimate_no_citation_document | test_checks_reuse_checker_finding_and_fixture_result_semantics | test_wired_check_functions_exist_in_module,inventory_only; causal review in task packets and TAKEOVER_REVIEW
tests/protocol_v3/test_regimen_adoption_command.py,/Users/smkzw/Documents/康哲项目资料/AI/医学经理工作台/implementation/protocol-v3-workbench-mw_protocol_v3_phase0_20260809_111313/tests/protocol_v3/test_regimen_adoption_command.py,tests,44,b395613a6539058381f32db96053ad36d5b03846688842531778d97d111ec134,test_adoption_command_binds_saved_output_and_keeps_replay_material_identical | test_unresolved_saved_design_cannot_form_an_adoption,inventory_only; causal review in task packets and TAKEOVER_REVIEW
tests/protocol_v3/test_regimen_confirmed_study_input.py,/Users/smkzw/Documents/康哲项目资料/AI/医学经理工作台/implementation/protocol-v3-workbench-mw_protocol_v3_phase0_20260809_111313/tests/protocol_v3/test_regimen_confirmed_study_input.py,tests,53,893c459bb3ef58d3fce5c44b288b4ca76053fd8b3f2b1e4c9b6172551c71699a,test_study_context_is_a_deep_pinned_read_set_and_changes_logical_request | test_unchanged_clinical_facts_do_not_regenerate_for_producer_metadata_changes | test_fresh_adoption_checks_target_and_current_clinical_values | test_source_only_suggestion_cannot_overwrite_unread_clinical_facts,inventory_only; causal review in task packets and TAKEOVER_REVIEW
tests/protocol_v3/test_regimen_coordinator_integration.py,/Users/smkzw/Documents/康哲项目资料/AI/医学经理工作台/implementation/protocol-v3-workbench-mw_protocol_v3_phase0_20260809_111313/tests/protocol_v3/test_regimen_coordinator_integration.py,tests,82,759456388480bbe78f8b6bb2493595dee3a665b2c7c86a1a8e1da93f2916a7fa,test_original_design_request_is_reused_with_no_blind_timeout_retry | test_one_same_model_structural_correction_is_preserved_on_reopen,inventory_only; causal review in task packets and TAKEOVER_REVIEW
tests/protocol_v3/test_regimen_input_context.py,/Users/smkzw/Documents/康哲项目资料/AI/医学经理工作台/implementation/protocol-v3-workbench-mw_protocol_v3_phase0_20260809_111313/tests/protocol_v3/test_regimen_input_context.py,tests,42,987a2ee4be0a679387670875c7f3b951d9643e8bd12afdf3aae3c5239c33614b,test_context_carries_full_source_seed_and_generation_identity | test_new_seed_content_changes_context_without_fabricating_new_source_identity | test_mismatched_pinned_source_material_is_not_an_equivalent_input,inventory_only; causal review in task packets and TAKEOVER_REVIEW
tests/protocol_v3/test_regimen_option_bundle.py,/Users/smkzw/Documents/康哲项目资料/AI/医学经理工作台/implementation/protocol-v3-workbench-mw_protocol_v3_phase0_20260809_111313/tests/protocol_v3/test_regimen_option_bundle.py,tests,46,465269e3c65885ffc275056b6122ce1ab5384a0b77bbd229ee2cb90e56bafb7e,test_option_has_real_literal_evidence_but_no_invented_medical_admission | test_unsupported_quote_cannot_be_persisted_as_a_verified_extraction | test_literal_evidence_retains_surrounding_source_text_for_semantic_review,inventory_only; causal review in task packets and TAKEOVER_REVIEW
tests/protocol_v3/test_regimen_role_projection.py,/Users/smkzw/Documents/康哲项目资料/AI/医学经理工作台/implementation/protocol-v3-workbench-mw_protocol_v3_phase0_20260809_111313/tests/protocol_v3/test_regimen_role_projection.py,tests,52,57c8c1e8a4d277f946376704bf82a336650a308327953864f0e02a102de4adc8,material | test_role_views_require_explicit_assignments_and_keep_period_arm_and_native_dose | test_role_assignments_do_not_merge_switching_arms_or_relabel_by_drug_name | test_saved_role_assignments_are_rejected_after_regimen_reordering,inventory_only; causal review in task packets and TAKEOVER_REVIEW
tests/protocol_v3/test_regimen_workflow_integration.py,/Users/smkzw/Documents/康哲项目资料/AI/医学经理工作台/implementation/protocol-v3-workbench-mw_protocol_v3_phase0_20260809_111313/tests/protocol_v3/test_regimen_workflow_integration.py,tests,56,9d692ade75608652718d2864a3a05a2a9445193ec53f0da7d808119a9b6543bf,test_sparse_design_runs_once_with_full_input_and_reopens_without_new_call,inventory_only; causal review in task packets and TAKEOVER_REVIEW
tests/protocol_v3/test_registry_loading.py,/Users/smkzw/Documents/康哲项目资料/AI/医学经理工作台/implementation/protocol-v3-workbench-mw_protocol_v3_phase0_20260809_111313/tests/protocol_v3/test_registry_loading.py,tests,333,03a86341948517813b1e6d3ff5c68d800535af093f58ea878680d3ec10d7384d,_role_payload | _skill_payload | test_role_registry_loads_from_disk | test_role_registry_declares_exactly_four_product_roles | test_role_thinking_and_effort_discipline | test_role_registry_records_exact_credential_free_target_profile | test_skill_registry_loads_from_disk | test_skill_registry_builds_canonical_skill_definitions | test_skill_entries_carry_registry_metadata_beyond_canonical_contract | test_skill_definition_ids_are_unique | test_unknown_field_fails_closed | test_unknown_role_kind_fails_closed | test_unknown_schema_version_fails_closed | test_duplicate_role_id_fails_closed | test_missing_fourth_role_kind_fails_closed | test_malformed_role_id_fails_closed | test_ocr_role_with_thinking_enabled_fails_closed | test_translation_role_with_non_none_effort_fails_closed | test_credential_shaped_key_in_role_registry_fails_closed | test_credential_shaped_value_in_role_registry_fails_closed | test_skill_unknown_field_fails_closed | test_skill_duplicate_id_fails_closed | test_skill_malformed_stable_id_fails_closed | test_skill_unknown_agent_role_fails_closed | test_skill_unknown_side_effect_kind_fails_closed | test_skill_path_escape_fails_closed | test_skill_absolute_path_fails_closed | test_skill_windows_path_fails_closed | test_skill_credential_in_tool_versions_fails_closed | test_skill_duplicate_acceptance_test_id_fails_closed | test_role_registry_payload_is_not_mutated_by_loader | test_skill_tool_versions_are_deeply_immutable,inventory_only; causal review in task packets and TAKEOVER_REVIEW
tests/protocol_v3/test_repository_backends.py,/Users/smkzw/Documents/康哲项目资料/AI/医学经理工作台/implementation/protocol-v3-workbench-mw_protocol_v3_phase0_20260809_111313/tests/protocol_v3/test_repository_backends.py,tests,1209,0b1dd33b2b551fb6b144d3df1bff652d886e51edf76b82bff94420d6c1d044f5,_sha | _study | _doc_block | _doc | _built_event | _raw_event | _reservation | _coverage | _decision | store | TestAggregateCas | TestEventStream | TestOutboxInbox | TestReservations | TestReadModels | TestUnitOfWorkLifecycle,inventory_only; causal review in task packets and TAKEOVER_REVIEW
tests/protocol_v3/test_repository_contract.py,/Users/smkzw/Documents/康哲项目资料/AI/医学经理工作台/implementation/protocol-v3-workbench-mw_protocol_v3_phase0_20260809_111313/tests/protocol_v3/test_repository_contract.py,tests,1544,65f0a3f28bb2cd0df71043accd57c206adcbeee44202a1a707199ea7747edeba,_sha | _study | _doc_block | _doc | _event | _reservation | TestPortConformance | TestGetCurrent | TestRevisionCas | TestEventStream | TestOutboxIdempotency | TestOutboxListDispatched | TestInboxIdempotency | TestReservationIdempotency | TestReadModels | TestProjectSeparation | TestReservationProjectIsolation | TestUnitOfWork | TestApplicationServiceBoundary,inventory_only; causal review in task packets and TAKEOVER_REVIEW
tests/protocol_v3/test_repository_hygiene.py,/Users/smkzw/Documents/康哲项目资料/AI/医学经理工作台/implementation/protocol-v3-workbench-mw_protocol_v3_phase0_20260809_111313/tests/protocol_v3/test_repository_hygiene.py,tests,148,7cb6be75ec66901e9b2eb5fa671f299dc29f1d899001d5d39d2d48f23936ec66,RepositoryHygieneTests,inventory_only; causal review in task packets and TAKEOVER_REVIEW
tests/protocol_v3/test_repository_hygiene_mutator.py,/Users/smkzw/Documents/康哲项目资料/AI/医学经理工作台/implementation/protocol-v3-workbench-mw_protocol_v3_phase0_20260809_111313/tests/protocol_v3/test_repository_hygiene_mutator.py,tests,3657,f2105e85582bdcd71ac35f446fdd04700c5a99153b4a06577532f473094c7898,_load_resolver | _sha256_bytes | _write_file | _abs | _move_entry | _delete_entry | _path_map | _no_occupancy | _seed_object | TestRoundTrip | TestContentHash | TestCollision | TestMissingObject | TestRestoreMapping | TestIdempotency | TestValidationFailClosed | TestNoMutation | TestNormalizationCorrections | TestImmutableIdentity | TestRawLookupBoundary | _load_mutator | test_r3_injected_probe_preserves_listener_and_timeout_identity | _inv_entry | _synthetic_inventory | _synthetic_protected | _write_snapshot | _authorized_apply_bundle | TestDryRunEligibility | TestApplyTransaction | TestRestoreTransaction | TestCrashRecovery | TestApplyEdgeCases | TestCLI | TestIntegrityRemediation | TestIntegrityFollowup3 | TestIntegrityFollowup4 | _alias_above_live_bundle | TestIntegrityFollowup5,inventory_only; causal review in task packets and TAKEOVER_REVIEW
tests/protocol_v3/test_research_context_creation.py,/Users/smkzw/Documents/康哲项目资料/AI/医学经理工作台/implementation/protocol-v3-workbench-mw_protocol_v3_phase0_20260809_111313/tests/protocol_v3/test_research_context_creation.py,tests,20,1679dc5d096f9392e1c28c9f24d38a5beeabffe9c73bf7f0d8a8ac58ff5727c1,test_context_genesis_records_only_the_actual_writing_request,inventory_only; causal review in task packets and TAKEOVER_REVIEW
tests/protocol_v3/test_research_intent_adoption.py,/Users/smkzw/Documents/康哲项目资料/AI/医学经理工作台/implementation/protocol-v3-workbench-mw_protocol_v3_phase0_20260809_111313/tests/protocol_v3/test_research_intent_adoption.py,tests,61,e1d187eafec1cec6d0526b62e88e0cf12f632862749718966ff4609af9eaaf0f,fixture | test_explicit_indices_select_saved_values_and_preserve_types | test_invalid_or_high_risk_selections_do_not_form_a_basic_information_decision | test_explicit_user_edit_is_preserved_and_changes_original_choice_identity | test_basic_user_edits_do_not_bypass_high_risk_cards_or_store_empty_values,inventory_only; causal review in task packets and TAKEOVER_REVIEW
tests/protocol_v3/test_research_seed_normalization.py,/Users/smkzw/Documents/康哲项目资料/AI/医学经理工作台/implementation/protocol-v3-workbench-mw_protocol_v3_phase0_20260809_111313/tests/protocol_v3/test_research_seed_normalization.py,tests,106,2fc1df50262b0b91c70d88f4266558f7dc125c7452fd7b1d7004c1c9092788fd,source | answer | test_sparse_intent_does_not_require_eight_nonempty_fields | test_compiled_request_contains_complete_output_schema_with_optional_fields | test_multidose_candidates_remain_proposed_despite_high_confidence | test_company_protocol_cannot_become_current_project_fact | test_quote_must_be_present_in_the_bound_source_location | test_source_raw_cannot_be_invented_beside_a_valid_reference | test_user_basis_must_quote_actual_intake_instead_of_an_unseen_fact | test_source_bytes_and_parser_projection_must_match | test_request_identity_is_stable_for_same_material_and_changes_with_intent,inventory_only; causal review in task packets and TAKEOVER_REVIEW
tests/protocol_v3/test_reservation_result_projection.py,/Users/smkzw/Documents/康哲项目资料/AI/医学经理工作台/implementation/protocol-v3-workbench-mw_protocol_v3_phase0_20260809_111313/tests/protocol_v3/test_reservation_result_projection.py,tests,44,f3b3c106841767617d6bc2fe4774a67ce8941caf9a1dc866c71a4544e5560868,test_terminal_view_derives_state_and_error_from_reservation | test_active_reservation_cannot_be_presented_as_terminal,inventory_only; causal review in task packets and TAKEOVER_REVIEW
tests/protocol_v3/test_restored_product_probe.py,/Users/smkzw/Documents/康哲项目资料/AI/医学经理工作台/implementation/protocol-v3-workbench-mw_protocol_v3_phase0_20260809_111313/tests/protocol_v3/test_restored_product_probe.py,tests,26,e543ebd2b3b1beaad809a6db0abafd29890c192438f137f4265069ff5b1ec109,test_restored_success_skips_probe_but_still_sends_actual_generation,inventory_only; causal review in task packets and TAKEOVER_REVIEW
tests/protocol_v3/test_result_storage_consolidation.py,/Users/smkzw/Documents/康哲项目资料/AI/医学经理工作台/implementation/protocol-v3-workbench-mw_protocol_v3_phase0_20260809_111313/tests/protocol_v3/test_result_storage_consolidation.py,tests,668,552257bca6070f3ced9670c7bf9f283db6ec7a52feed68072baf3478c67f07c8,_raw | _inbox_rows | _outbox_result_cols | _inbox_count | _outbox_count | _schema_history | _FixedResultHandler | _FailingHandler | _CountingSemantic | _enqueue | TestConsolidationMigration | TestPairedResultSingleAuthority | TestReceivedConsumedDistinct | TestStandaloneCompatibility | TestHistoricalPreservation | TestEndToEndNoDuplicateEffects | TestV3ConstraintPreflight,inventory_only; causal review in task packets and TAKEOVER_REVIEW
tests/protocol_v3/test_seed_coordinator_integration.py,/Users/smkzw/Documents/康哲项目资料/AI/医学经理工作台/implementation/protocol-v3-workbench-mw_protocol_v3_phase0_20260809_111313/tests/protocol_v3/test_seed_coordinator_integration.py,tests,72,d3da0aa3aa5635af6cb74d9c5f7f0a63f77d5558f9f80f30d99041beaf163604,test_reopen_reuses_original_and_single_correction,inventory_only; causal review in task packets and TAKEOVER_REVIEW
tests/protocol_v3/test_seed_execution_contract.py,/Users/smkzw/Documents/康哲项目资料/AI/医学经理工作台/implementation/protocol-v3-workbench-mw_protocol_v3_phase0_20260809_111313/tests/protocol_v3/test_seed_execution_contract.py,tests,25,f15d6e3f53ef2ae3a5b7cb24efa6e1e1f8efb09b1ed6674d421145bd17f1208e,test_seed_contract_uses_registered_seed_skill_and_keeps_graph_work_identity,inventory_only; causal review in task packets and TAKEOVER_REVIEW
tests/protocol_v3/test_seed_product_factory.py,/Users/smkzw/Documents/康哲项目资料/AI/医学经理工作台/implementation/protocol-v3-workbench-mw_protocol_v3_phase0_20260809_111313/tests/protocol_v3/test_seed_product_factory.py,tests,71,af22f50b285ae3fd3bcb3368978c88fba07fcd7729aedd591dcdd4d6180a2aef,test_product_factory_is_lazy_and_restores_prior_probe_before_generation | test_read_during_live_generation_reports_progress_not_unknown,inventory_only; causal review in task packets and TAKEOVER_REVIEW
tests/protocol_v3/test_seed_response_validation.py,/Users/smkzw/Documents/康哲项目资料/AI/医学经理工作台/implementation/protocol-v3-workbench-mw_protocol_v3_phase0_20260809_111313/tests/protocol_v3/test_seed_response_validation.py,tests,38,912e00c284c29849574b90379c284c87f05b311a658008cb03328626aa4750c2,response | test_content_failure_keeps_raw_receipt_and_requests_structure_correction | test_missing_information_is_valid_sparse_output_and_does_not_trigger_regeneration,inventory_only; causal review in task packets and TAKEOVER_REVIEW
tests/protocol_v3/test_seed_source_selection.py,/Users/smkzw/Documents/康哲项目资料/AI/医学经理工作台/implementation/protocol-v3-workbench-mw_protocol_v3_phase0_20260809_111313/tests/protocol_v3/test_seed_source_selection.py,tests,29,c21b0fbdb814f478a102971aecaf4d1e974c09cf555d4bdc6cc4746db9032424,test_selected_sources_use_exact_bytes_and_stable_selection_order | test_stale_selection_is_not_silently_replaced_by_new_source,inventory_only; causal review in task packets and TAKEOVER_REVIEW
tests/protocol_v3/test_seed_start_race.py,/Users/smkzw/Documents/康哲项目资料/AI/医学经理工作台/implementation/protocol-v3-workbench-mw_protocol_v3_phase0_20260809_111313/tests/protocol_v3/test_seed_start_race.py,tests,36,d720e6bf7ffd0081f4811f563cc2c529b2c7e6cf82570fd70a94b11db646ac03,test_competing_compiler_start_returns_first_pinned_run_without_call,inventory_only; causal review in task packets and TAKEOVER_REVIEW
tests/protocol_v3/test_seed_workflow_integration.py,/Users/smkzw/Documents/康哲项目资料/AI/医学经理工作台/implementation/protocol-v3-workbench-mw_protocol_v3_phase0_20260809_111313/tests/protocol_v3/test_seed_workflow_integration.py,tests,94,54497c3380cd505c57db3aabb11b6b2b8360261074de3bf379165b2c38353e5f,test_complete_intake_reaches_model_then_validates_without_repeating_on_reopen | test_correction_is_not_used_for_missing_information_or_repeated_on_its_own_output,inventory_only; causal review in task packets and TAKEOVER_REVIEW
tests/protocol_v3/test_selected_storage_contract.py,/Users/smkzw/Documents/康哲项目资料/AI/医学经理工作台/implementation/protocol-v3-workbench-mw_protocol_v3_phase0_20260809_111313/tests/protocol_v3/test_selected_storage_contract.py,tests,526,1984d8bd7bd56b2cdd8c952cceab97fb0d9147b6b01bcb37d12c8eeeb44e9d70,_sha | _study | test_selected_backend_identity | test_selected_identity_matches_recorded_candidate_evidence | test_capabilities_are_evidence_backed | test_explicit_test_memory_route_is_functional | test_production_factory_rejects_memory_backend | test_absent_config_fail_closed | test_unknown_backend_fail_closed | test_no_silent_fallback_to_postgresql_candidate | test_no_silent_fallback_without_builder | test_factory_with_injected_builder | test_readiness_report_fail_closed_until_wired | test_no_database_private_leakage_from_selected_surface | _load_json | _recompute_digest | test_memory_receipt_digest_recomputes_exactly | test_memory_candidate_exactly_three_durable_invariants_fail_closed | test_memory_supported_bodies_do_not_contradict_durable_candidates | test_no_product_file_imports_pocs,inventory_only; causal review in task packets and TAKEOVER_REVIEW
tests/protocol_v3/test_semantic_document_reducer.py,/Users/smkzw/Documents/康哲项目资料/AI/医学经理工作台/implementation/protocol-v3-workbench-mw_protocol_v3_phase0_20260809_111313/tests/protocol_v3/test_semantic_document_reducer.py,tests,1195,d338c5701023a0bcd2b74f4467e0a8aa4ef8a4ff9843718ace9cb76c4822e25c,_study_definition | _semantic_block | _document_revision | _decision | _snapshot_for | _apply_kwargs | TestLedgerFirstCasReplay | TestFullPayloadBinding | TestStaleRevisionAndSnapshot | TestFactRevisionBinding | TestStudyDefinitionRevisionBinding | TestFactProposalDeepImmutability | TestTypedFactProposalSemantics | TestProjectionBlockKinds | TestCanonicalStateTransitions | TestPurityAndDeterminism | TestErrorHierarchyAndEditClass,inventory_only; causal review in task packets and TAKEOVER_REVIEW
tests/protocol_v3/test_soa_matrix.py,/Users/smkzw/Documents/康哲项目资料/AI/医学经理工作台/implementation/protocol-v3-workbench-mw_protocol_v3_phase0_20260809_111313/tests/protocol_v3/test_soa_matrix.py,tests,55,6dc74afd9374f19e97ea2de9877b74ca6b768fd9d1ce0e7fcdaf65e54601bd06,test_matrix_columns_are_visits_rows_are_assessments | test_cells_mark_presence_only | test_no_cells_returns_none | test_table_content_is_valid_semantic_table,inventory_only; causal review in task packets and TAKEOVER_REVIEW
tests/protocol_v3/test_source_baseline.py,/Users/smkzw/Documents/康哲项目资料/AI/医学经理工作台/implementation/protocol-v3-workbench-mw_protocol_v3_phase0_20260809_111313/tests/protocol_v3/test_source_baseline.py,tests,295,4725e2cebe408b3f44a0899f79f8732e6404c36c5d5c3d88bc9a5bdb39f1ff36,SourcePolicyTests | ManifestAndTarTests,inventory_only; causal review in task packets and TAKEOVER_REVIEW
tests/protocol_v3/test_source_drift_reconciliation.py,/Users/smkzw/Documents/康哲项目资料/AI/医学经理工作台/implementation/protocol-v3-workbench-mw_protocol_v3_phase0_20260809_111313/tests/protocol_v3/test_source_drift_reconciliation.py,tests,43,3d91ddaa95cce3cd71eb5f6d60f6cdfed925b2fcaf584244ab36fd5682f410af,module | test_diff_retains_monitoring_shared_added_and_removed | test_mode_and_symlink_target_drift_are_not_hidden | test_baseline_observation_does_not_call_snapshot_or_mutator,inventory_only; causal review in task packets and TAKEOVER_REVIEW
tests/protocol_v3/test_source_identity_product.py,/Users/smkzw/Documents/康哲项目资料/AI/医学经理工作台/implementation/protocol-v3-workbench-mw_protocol_v3_phase0_20260809_111313/tests/protocol_v3/test_source_identity_product.py,tests,170,4b5a580700d0eb128fe0342c92fd7439ec62342d1b01d4e660f2a00b7bd62742,service | adopt | test_restart_retains_exact_bytes_and_identity | test_old_content_replay_does_not_replace_successor | test_same_bytes_different_role_cannot_relabel_previous_source | test_same_bytes_keep_distinct_project_provenance | test_failed_canonical_commit_does_not_adopt_staged_files | test_two_service_instances_import_same_source_once | test_contract_whitespace_normalization_keeps_one_logical_source | correct | test_explicit_metadata_correction_retains_original_and_same_bytes | test_replaying_metadata_correction_keeps_later_file_revision | test_stale_metadata_edit_cannot_change_a_successor | test_distinct_content_same_name_across_store_instances_keeps_both_revisions,inventory_only; causal review in task packets and TAKEOVER_REVIEW
tests/protocol_v3/test_sqlite_product_storage.py,/Users/smkzw/Documents/康哲项目资料/AI/医学经理工作台/implementation/protocol-v3-workbench-mw_protocol_v3_phase0_20260809_111313/tests/protocol_v3/test_sqlite_product_storage.py,tests,1269,70f66b63a5cb8c430b783e36e80f2af7e9852d5fa807fd83777bdfe9aebb5071,_runtime_sqlite_version | _study | _built_event | _require_engine_gate | _sqlite_config | _table_names | TestDurableFileState | TestConnectionDiscipline | TestEngineVersionGate | TestConfigurationFailClosed | TestSchemaVersionAndMigrations | TestImportPurity | TestSelectedProductRoute | TestPreEntryMutationRejection | _any_side_effect_kind | factory_nested | _add_trigger | TestSqlFailureAtomicity | TestVolatilePathRejection | _sha256_of | _assert_rejected_untouched | TestForeignSchemaAdoption | TestTimestampSerialization | TestConstraintIntegrityPreflight | TestForwardMigrationAndClaimAtomicity,inventory_only; causal review in task packets and TAKEOVER_REVIEW
tests/protocol_v3/test_sqlite_reservation_lifecycle.py,/Users/smkzw/Documents/康哲项目资料/AI/医学经理工作台/implementation/protocol-v3-workbench-mw_protocol_v3_phase0_20260809_111313/tests/protocol_v3/test_sqlite_reservation_lifecycle.py,tests,82,4f6fb635f84ce907abf8deafe7e450ece2fe989b1ae81c739f0e488b2cbaf44f,test_sqlite_unknown_recovery_restart_and_completed_reuse | test_sqlite_claim_is_durable_before_physical_dispatch,inventory_only; causal review in task packets and TAKEOVER_REVIEW
tests/protocol_v3/test_study_definition_reducer.py,/Users/smkzw/Documents/康哲项目资料/AI/医学经理工作台/implementation/protocol-v3-workbench-mw_protocol_v3_phase0_20260809_111313/tests/protocol_v3/test_study_definition_reducer.py,tests,1025,f9da0283b50146522060c0f898e8bd1f9cd4137355ccbe6450d1c1bc187528f7,_study_definition | _decision | _snapshot_for | TestCanonicalHashing | TestCasReplayAndApply | TestCasFailures | TestPurityAndDeterminism | test_explicit_fact_revision_does_not_edit_frozen_definition | test_fact_revision_intent_is_bound_to_replay_payload | test_explicit_fact_revision_requires_a_confirmed_user_decision,inventory_only; causal review in task packets and TAKEOVER_REVIEW
tests/protocol_v3/test_study_event_reconstruction.py,/Users/smkzw/Documents/康哲项目资料/AI/医学经理工作台/implementation/protocol-v3-workbench-mw_protocol_v3_phase0_20260809_111313/tests/protocol_v3/test_study_event_reconstruction.py,tests,74,339538e9302d460e256c25c205ec39b50fca7fb2524018012df9b6e5226bb4d8,test_genesis_event_preserves_facts_needed_for_independent_reconstruction | test_rebuild_from_events_after_fact_change_matches_saved_revision | test_unsupported_genesis_is_reported_without_inventing_state,inventory_only; causal review in task packets and TAKEOVER_REVIEW
tests/protocol_v3/test_superseded_result_migration.py,/Users/smkzw/Documents/康哲项目资料/AI/医学经理工作台/implementation/protocol-v3-workbench-mw_protocol_v3_phase0_20260809_111313/tests/protocol_v3/test_superseded_result_migration.py,tests,32,5e95eaf83a72d32997573414b3d15a2849b3d96a512074be3c4836618c0e19cb,test_superseded_history_replay_stays_terminal_without_reactivating,inventory_only; causal review in task packets and TAKEOVER_REVIEW
tests/protocol_v3/test_terminology_library.py,/Users/smkzw/Documents/康哲项目资料/AI/医学经理工作台/implementation/protocol-v3-workbench-mw_protocol_v3_phase0_20260809_111313/tests/protocol_v3/test_terminology_library.py,tests,52,57512222ec0f40be7fc331e53b16c0c410b4e80870f2817310edd7508362ed07,test_authored_text_suggests_preferred_term_at_each_actual_location | test_quoted_titles_keep_original_terms_but_need_source_locator | test_signature_is_not_a_license_for_draft_text_and_template_notes_cannot_leak | test_format_warning_never_rewrites_quantities_or_codes | test_abbreviation_inventory_uses_observed_words_not_all_declared_entries | test_rules_do_not_claim_text_scan_proves_upright_font_or_medical_expansions,inventory_only; causal review in task packets and TAKEOVER_REVIEW
tests/protocol_v3/test_toolchain_manifest.py,/Users/smkzw/Documents/康哲项目资料/AI/医学经理工作台/implementation/protocol-v3-workbench-mw_protocol_v3_phase0_20260809_111313/tests/protocol_v3/test_toolchain_manifest.py,tests,388,b3f221b85049bd6691cedf657baa579d12552d075e8982807ee8347d4b499332,_copy_manifest | _stage_manifest_files | ToolchainManifestTests,inventory_only; causal review in task packets and TAKEOVER_REVIEW
tests/protocol_v3/test_toolchain_rebuild.py,/Users/smkzw/Documents/康哲项目资料/AI/医学经理工作台/implementation/protocol-v3-workbench-mw_protocol_v3_phase0_20260809_111313/tests/protocol_v3/test_toolchain_rebuild.py,tests,110,a69f8efc0bb8224126acc3265759ea3ce1035f25fe91f3863b09b4637185748d,PythonToolchainLockTests,inventory_only; causal review in task packets and TAKEOVER_REVIEW
tests/protocol_v3/test_tp_ma_07_v2_registry.py,/Users/smkzw/Documents/康哲项目资料/AI/医学经理工作台/implementation/protocol-v3-workbench-mw_protocol_v3_phase0_20260809_111313/tests/protocol_v3/test_tp_ma_07_v2_registry.py,tests,620,80a41291a3dd2c9cbb626fefa14a011398524ef572eb1dc8787f746fab2d33e5,module | regenerated | docs | test_source_hash_gate_rejects_modified_source | test_source_hash_constant_matches_authorized_docx | test_regeneration_is_byte_identical | test_committed_artifacts_match_source_bound_regeneration | test_candidate_outputs_carry_no_volatile_fields | test_template_declares_candidate_status_and_promotion_gate | test_authoritative_counts_match_preflight_metrics | test_terminology_counts_use_explicit_scopes | test_new_registry_text_contains_no_obsolete_term | test_node_ids_unique_and_parent_links_resolve | test_heading_style_tree_is_subset_with_exact_counts | test_normal_outlined_captions_preserved_with_locators | test_unheaded_content_and_semantic_objects_recorded | test_blank_outlined_exclusions_keep_locators | test_tables_and_sections_carry_owner_and_locator | test_bookmark_and_field_inventories_recorded | test_legacy_inventory_matches_actual_module_identity | test_legacy_ids_remain_literal | test_every_legacy_leaf_has_explicit_disposition | test_phase1_leaves_retain_historical_identity | test_every_v2_leaf_has_reverse_disposition | test_mapping_targets_exist_in_node_tree | test_financial_disclosure_conditional_default_not_applicable_with_reason | test_management_structure_declares_joint_carrying | test_projection_evidence_is_source_bound | test_candidate_findings_exclude_unverified_claims | test_no_implemented_contracts_claim | forward_by_semantic | reverse_by_id | test_every_partial_mapping_has_content_resolution | test_source_resolution_locators_are_body_child_indexes | test_pregnancy_testing_is_distinct_from_pregnancy_event_reporting | test_own_product_clinical_evidence_is_not_same_class_evidence | test_sample_handling_is_distinct_from_future_use_consent | test_appendix_examples_do_not_define_all_project_instruments | test_overdose_error_is_explicitly_awaiting_contract | test_no_retired_dispositions_remain | test_retained_conditional_obligations_carry_rules_and_carriers | test_mapping_conventions_documented | test_m11_anchor_policy_and_provenance | test_section_metadata_binds_header_footer_and_page_numbering | test_style_properties_exposed_for_word_contract | test_nonclinical_mapping_is_partial_with_unheaded_note | test_no_false_codex_reviewed_label,inventory_only; causal review in task packets and TAKEOVER_REVIEW
tests/protocol_v3/test_unknown_operation_response.py,/Users/smkzw/Documents/康哲项目资料/AI/医学经理工作台/implementation/protocol-v3-workbench-mw_protocol_v3_phase0_20260809_111313/tests/protocol_v3/test_unknown_operation_response.py,tests,65,f8dd6dcbb7102da0729128043c2091fc7e5dc8da747c837cbb9d297298e47e5f,test_unknown_operation_requests_reconciliation_before_retry | test_storage_unavailable_before_operation_has_actionable_response | test_corrupt_decision_ledger_requires_recovery_not_reconfirmation | test_known_template_configuration_failure_is_a_failed_dependency,inventory_only; causal review in task packets and TAKEOVER_REVIEW
tests/protocol_v3/test_v2_v3_migration_dry_run.py,/Users/smkzw/Documents/康哲项目资料/AI/医学经理工作台/implementation/protocol-v3-workbench-mw_protocol_v3_phase0_20260809_111313/tests/protocol_v3/test_v2_v3_migration_dry_run.py,tests,1040,b97412f6abd97ca3cb29bc6e74eb6b83b4a44567c680194157ffa0c2e7fe8c7c,_row | _valid_row | _is_sha256 | _assert_accounting | TestDeepSourceImmutability | TestPermutationDeterminism | TestSevenFamilyDenominator | TestDuplicateAndConflictSemantics | TestQuarantineContract | TestCrossProjectSeparation | TestCorpusDenominator3878 | TestSnapshotAccountingAndImmutability | TestSnapshotContract,inventory_only; causal review in task packets and TAKEOVER_REVIEW
tests/protocol_v3/test_v2_v3_migration_idempotency.py,/Users/smkzw/Documents/康哲项目资料/AI/医学经理工作台/implementation/protocol-v3-workbench-mw_protocol_v3_phase0_20260809_111313/tests/protocol_v3/test_v2_v3_migration_idempotency.py,tests,2747,986fb7672f28a0adb4828093b47ae5adeae9375dcb6e5ad30aeb226531ad5b91,_is_sha256 | _raw_spec | _row | _record | _loaded_spec | _payload_for_type | _definition_row | TestShippedSpecLoads | TestSevenFamiliesMapping | TestFailClosedRuntime | _mixed_rows | TestDeterminismAndImmutability | TestIdentityBinding | TestIdempotentLineage | _build_3878_corpus | TestSyntheticCorpusDenominator | TestContractBinding | TestExhaustiveDisposition | TestSourceContractSchema | TestDeepImmutability,inventory_only; causal review in task packets and TAKEOVER_REVIEW
tests/protocol_v3/test_word_source_objects.py,/Users/smkzw/Documents/康哲项目资料/AI/医学经理工作台/implementation/protocol-v3-workbench-mw_protocol_v3_phase0_20260809_111313/tests/protocol_v3/test_word_source_objects.py,tests,59,658b611d578b858d06cac6f93f9dcce90d18ba464366d1de2a4c31fd8f653ed2,test_external_docx_fragment_is_not_an_internal_missing_bookmark | test_missing_reference_is_retained_and_reported_next_to_good_reference | test_inventory_does_not_cap_objects_at_32 | test_duplicate_names_are_ambiguous_instead_of_first_match_success | test_missing_style_and_bookmark_requirements_are_not_filtered | test_current_template_source_inventory_is_complete_and_deterministic,inventory_only; causal review in task packets and TAKEOVER_REVIEW
tests/protocol_v3/test_zhipu_full_artifact_input.py,/Users/smkzw/Documents/康哲项目资料/AI/医学经理工作台/implementation/protocol-v3-workbench-mw_protocol_v3_phase0_20260809_111313/tests/protocol_v3/test_zhipu_full_artifact_input.py,tests,81,7215611327ed9933f91b2864639f4465eefb457adcc34e2dd857ad8a17f9e2b8,request_for | test_complete_source_and_schema_reach_actual_http_body_through_harness | test_total_input_budget_counts_all_bytes_without_truncating | test_old_or_wrong_resolved_version_is_not_sent_as_current_material | test_budget_is_shared_by_all_selected_artifacts,inventory_only; causal review in task packets and TAKEOVER_REVIEW
tests/protocol_v3/test_zhipu_product_transport.py,/Users/smkzw/Documents/康哲项目资料/AI/医学经理工作台/implementation/protocol-v3-workbench-mw_protocol_v3_phase0_20260809_111313/tests/protocol_v3/test_zhipu_product_transport.py,tests,699,713955a5f86bf07a3e2cd99e2e97779572cdbffa13bd26a4226bfc4fc944c23b,_completion_body | _FakeResponse | _FakeRawResponse | _FakeOpener | _FakeSink | _resolver | _http_error | _glm_role_entry | _skill | _node_contract | _glm_request | _adapter | test_transport_constants_match_verified_profile | test_resolver_and_sink_are_mandatory | test_adapter_identity_uses_direct_api_composition | test_valid_dispatch_through_harness_returns_real_receipt | test_dispatch_request_shape_carries_model_effort_and_artifacts | test_default_registry_profile_drives_the_full_harness_path | test_probe_executes_exactly_one_minimal_completion | test_probe_failure_records_safe_receipt_once | test_cached_probe_failure_prevents_reprobe_and_dispatch | test_cached_probe_prevents_reprobe_on_subsequent_dispatch | test_glm_role_rejects_medium_effort_at_request_build | test_effort_outside_provider_profile_fails_before_product_http | test_model_mismatch_rejected_without_sink_write | test_missing_receipt_id_rejected | test_blank_completion_rejected | test_truncated_completion_rejected | test_missing_finish_reason_rejected | test_non_json_completion_body_rejected | test_http_error_body_is_suppressed_from_durable_output | test_transport_error_type_is_typed_and_reason_free | test_non_200_status_rejected | test_credential_never_appears_in_receipt_or_probe_material | test_blank_resolved_credential_fails_typed_at_dispatch | test_blank_probe_credential_fails_closed_at_probe | test_raising_resolver_produces_failed_probe_receipt | test_missing_output_schema_rejected_before_http_and_sink | test_malformed_artifact_rejected_typed_before_http | test_default_registry_declares_glm_profile_for_both_thinking_roles,inventory_only; causal review in task packets and TAKEOVER_REVIEW
